a_removal_rate,b_removal_rate,max_cells,boundary,b_lower_threshold,a_relative_change,b_relative_change,ab_relative_change,ba_relative_change,a_final_mean,b_final_mean,ab_final_mean,ba_final_mean,a_high_density_cells,b_high_density_cells,ab_high_density_cells,ba_high_density_cells,a_final_cost,b_final_cost,ab_final_cost,ba_final_cost,a_cumulative_weed,b_cumulative_weed,ab_cumulative_weed,ba_cumulative_weed,ab_synergy,ba_synergy,ab_parrondo,ba_parrondo,ab_parrondo_margin,ba_parrondo_margin,duration_seconds
0.1,0.1,50,0.55,0.1,0.10805721965820164,0.11395919599918133,0.1111802186514864,0.11072454754088937,0.9535658359527588,0.9586449265480042,0.9562534093856812,0.9558612704277039,6933,6519,6738,6741,99714.0859375,47476.859375,73947.2265625,74094.546875,91.62184143066406,92.16139221191406,91.87690734863281,91.87214660644531,False,False,False,False,-0.1111802186514864,-0.11072454754088937,1.165711800000281
0.1,0.1,50,0.55,0.3,0.10805721965820164,0.11379199884748939,0.11105977298172987,0.11094403709089423,0.9535658359527588,0.9585010409355164,0.9561497569084167,0.9560501575469971,6933,6531,6731,6755,99714.0859375,47580.51953125,74153.5859375,74069.9375,91.62184143066406,92.15879821777344,91.87223815917969,91.87531280517578,False,False,False,False,-0.11105977298172987,-0.11094403709089423,1.2054627000034088
0.1,0.1,50,0.55,0.5,0.10805721965820164,0.11568027388749653,0.11198475970950361,0.11168181010656221,0.9535658359527588,0.9601260423660278,0.9569457769393921,0.9566850662231445,6933,6567,6752,6749,99714.0859375,48757.796875,74947.0234375,75411.75,91.62184143066406,92.33335876464844,91.95507049560547,91.9377212524414,False,False,False,False,-0.11198475970950361,-0.11168181010656221,1.195672800000466
0.1,0.1,50,0.65,0.1,0.10805721965820164,0.11136022917230137,0.10933426236031263,0.10920626719199171,0.9535658359527588,0.9564083218574524,0.9546648263931274,0.9545546770095825,6933,6428,6692,6669,99714.0859375,55042.8984375,78346.0,78332.7890625,91.62184143066406,92.05081176757812,91.79421997070312,91.80207824707031,False,False,False,False,-0.10933426236031263,-0.10920626719199171,1.2457901000016136
0.1,0.1,50,0.65,0.3,0.10805721965820164,0.11139860001821576,0.10930254061405129,0.10920474343998789,0.9535658359527588,0.956441342830658,0.9546375274658203,0.9545533657073975,6933,6415,6690,6688,99714.0859375,55354.01953125,78396.8125,78264.609375,91.62184143066406,92.04888153076172,91.79451751708984,91.80192565917969,False,False,False,False,-0.10930254061405129,-0.10920474343998789,1.1745004999975208
0.1,0.1,50,0.65,0.5,0.10805721965820164,0.11205208184349058,0.10970619637215426,0.10951919044441266,0.9535658359527588,0.9570037126541138,0.9549849033355713,0.9548239707946777,6933,6429,6713,6686,99714.0859375,57582.8671875,79271.9296875,79271.9296875,91.62184143066406,92.0818099975586,91.81173706054688,91.81584167480469,False,False,False,False,-0.10970619637215426,-0.10951919044441266,1.1373837999999523
0.1,0.1,50,0.75,0.1,0.10805721965820164,0.1090329750322845,0.1076530098084609,0.10741932166023863,0.9535658359527588,0.9544055461883545,0.9532179832458496,0.9530168771743774,6933,6303,6670,6650,99714.0859375,64198.71875,82590.0703125,82375.140625,91.62184143066406,91.85375213623047,91.69261932373047,91.69110870361328,True,True,False,False,-0.1076530098084609,-0.10741932166023863,1.1408765000014682
0.1,0.1,50,0.75,0.3,0.10805721965820164,0.10906649757636855,0.1076530098084609,0.10741932166023863,0.9535658359527588,0.9544343948364258,0.9532179832458496,0.9530168771743774,6933,6296,6670,6650,99714.0859375,63665.8515625,82590.0703125,82375.140625,91.62184143066406,91.85638427734375,91.69261932373047,91.69110870361328,True,True,False,False,-0.1076530098084609,-0.10741932166023863,1.1589296000020113
0.1,0.1,50,0.75,0.5,0.10805721965820164,0.10899176446672662,0.107742495607958,0.10774914470761104,0.9535658359527588,0.9543700814247131,0.9532949924468994,0.9533007144927979,6933,6300,6625,6659,99714.0859375,64861.90625,82926.0859375,82789.7109375,91.62184143066406,91.86092376708984,91.70513916015625,91.70539093017578,True,True,False,False,-0.107742495607958,-0.10774914470761104,1.1769776000001002
0.1,0.1,50,0.85,0.1,0.10805721965820164,0.10774090259449946,0.10721562372190972,0.10716831814833656,0.9535658359527588,0.9532936215400696,0.952841579914093,0.9528008699417114,6933,6685,6866,6906,99714.0859375,70595.6171875,85673.578125,85579.1953125,91.62184143066406,91.76070404052734,91.65714263916016,91.6559066772461,True,True,False,False,-0.10721562372190972,-0.10716831814833656,1.1526296000010916
0.1,0.1,50,0.85,0.3,0.10805721965820164,0.10792998636588264,0.10721562372190972,0.10716831814833656,0.9535658359527588,0.9534563422203064,0.952841579914093,0.9528008699417114,6933,6665,6866,6906,99714.0859375,70428.4296875,85673.578125,85579.1953125,91.62184143066406,91.76375579833984,91.65714263916016,91.6559066772461,True,True,False,False,-0.10721562372190972,-0.10716831814833656,1.202143899994553
0.1,0.1,50,0.85,0.5,0.10805721965820164,0.10809302783029143,0.107258704346745,0.10721673190518523,0.9535658359527588,0.9535966515541077,0.9528786540031433,0.9528425335884094,6933,6684,6859,6901,99714.0859375,71027.5390625,85744.5859375,85941.5,91.62184143066406,91.78279876708984,91.6667251586914,91.66468811035156,True,True,False,False,-0.107258704346745,-0.10721673190518523,1.1870993000047747
0.1,0.1,100,0.55,0.1,0.07503488180013292,0.09061850132756893,0.08195784124512702,0.08117220856424814,0.9251476526260376,0.9385585188865662,0.931105375289917,0.9304292798042297,6933,6222,6534,6516,196006.890625,87394.0703125,146981.03125,147104.4375,89.6377944946289,91.0611801147461,90.234375,90.22954559326172,False,False,False,False,-0.08195784124512702,-0.08117220856424814,1.1881734999988112
0.1,0.1,100,0.55,0.3,0.07503488180013292,0.0908550291954347,0.0820976108607502,0.08137749951603558,0.9251476526260376,0.9387620687484741,0.9312256574630737,0.930605947971344,6933,6229,6545,6507,196006.890625,87818.859375,147217.1875,147608.0,89.6377944946289,91.0604019165039,90.23065948486328,90.22754669189453,False,False,False,False,-0.0820976108607502,-0.08137749951603558,1.2689334000024246
0.1,0.1,100,0.55,0.5,0.07503488180013292,0.09498876059743545,0.08408222858427163,0.08347674494711715,0.9251476526260376,0.9423194527626038,0.9329335689544678,0.9324125051498413,6933,6259,6564,6567,196006.890625,88033.3125,147581.1875,148106.296875,89.6377944946289,91.5534896850586,90.43563842773438,90.42376708984375,False,False,False,False,-0.08408222858427163,-0.08347674494711715,1.2698304999939865
0.1,0.1,100,0.65,0.1,0.07503488180013292,0.08819074881675462,0.07968502660851937,0.07919853415057232,0.9251476526260376,0.9364692568778992,0.9291494488716125,0.9287307858467102,6933,6081,6431,6383,196006.890625,99702.671875,154873.546875,154568.453125,89.6377944946289,90.86231231689453,90.11051940917969,90.1176986694336,False,False,False,False,-0.07968502660851937,-0.07919853415057232,1.2646779999995488
0.1,0.1,100,0.65,0.5,0.07503488180013292,0.09020771163962989,0.08036150323676093,0.07995639298810885,0.9251476526260376,0.9382050037384033,0.9297316074371338,0.9293829798698425,6933,6117,6432,6420,196006.890625,109775.5078125,157210.28125,157430.84375,89.6377944946289,90.95088195800781,90.14839172363281,90.1578598022461,False,False,False,False,-0.08036150323676093,-0.07995639298810885,1.1259959999952116
0.1,0.1,100,0.65,0.3,0.07503488180013292,0.08777566491862299,0.07930630497411527,0.07890915979275588,0.9251476526260376,0.9361120462417603,0.9288235306739807,0.9284817576408386,6933,6089,6409,6362,196006.890625,99878.203125,154849.1875,154767.84375,89.6377944946289,90.84709930419922,90.10236358642578,90.11050415039062,False,False,False,False,-0.07930630497411527,-0.07890915979275588,1.1932816000044113
0.1,0.1,100,0.75,0.1,0.07503488180013292,0.08221480124213493,0.07711182504279492,0.0767196666861753,0.9251476526260376,0.9313265085220337,0.9269350171089172,0.926597535610199,6933,5883,6253,6302,196006.890625,116839.5390625,163202.484375,162817.625,89.6377944946289,90.43064880371094,89.92749786376953,89.92449951171875,False,False,False,False,-0.07711182504279492,-0.0767196666861753,1.1130371000035666
0.1,0.1,100,0.75,0.3,0.07503488180013292,0.08246081792929721,0.0771266469941048,0.07668254254644587,0.9251476526260376,0.9315382242202759,0.9269477725028992,0.9265655875205994,6933,5891,6277,6284,196006.890625,117165.5625,163333.953125,162995.15625,89.6377944946289,90.4374771118164,89.92657470703125,89.92294311523438,False,False,False,False,-0.0771266469941048,-0.07668254254644587,1.1302974000063841
0.1,0.1,100,0.75,0.5,0.07503488180013292,0.0823723710516209,0.07741442833846272,0.07711134021261189,0.9251476526260376,0.9314621090888977,0.9271954298019409,0.9269345998764038,6933,5757,6339,6428,196006.890625,121462.6015625,164314.390625,164860.359375,89.6377944946289,90.44244384765625,89.93444061279297,89.93049621582031,False,False,False,False,-0.07741442833846272,-0.07711134021261189,1.1641584999961196
0.1,0.1,100,0.85,0.1,0.07503488180013292,0.07982950600306343,0.07584711087962394,0.0756531095449557,0.9251476526260376,0.929273784160614,0.9258466362953186,0.9256796836853027,6933,6086,6757,6745,196006.890625,136846.890625,170413.6875,169917.421875,89.6377944946289,90.19963073730469,89.82664489746094,89.83124542236328,False,False,False,False,-0.07584711087962394,-0.0756531095449557,1.1767032999996445
0.1,0.1,100,0.85,0.3,0.07503488180013292,0.07964499348769172,0.07583956138105956,0.0756766584395602,0.9251476526260376,0.9291149973869324,0.9258401393890381,0.9256999492645264,6933,6001,6723,6752,196006.890625,135939.234375,170237.21875,169907.03125,89.6377944946289,90.19989013671875,89.8268814086914,89.83397674560547,False,False,False,False,-0.07583956138105956,-0.0756766584395602,1.1636405999961426
0.1,0.1,100,0.85,0.5,0.07503488180013292,0.08012158155761392,0.07626593489631041,0.07568739396504166,0.9251476526260376,0.9295251369476318,0.9262070655822754,0.9257091879844666,6933,6087,6678,6795,196006.890625,138758.625,170672.296875,170753.703125,89.6377944946289,90.21269989013672,89.850341796875,89.84573364257812,False,False,False,False,-0.07626593489631041,-0.07568739396504166,1.1406761000034749
0.1,0.1,200,0.55,0.1,0.00581560730694495,0.06196870836737245,0.025924285455544708,0.02476990478974127,0.8655793070793152,0.9139032363891602,0.8828843235969543,0.8818908929824829,6933,6152,6250,6241,374628.96875,127110.4453125,281770.5,281929.125,85.63052368164062,89.52237701416016,87.13485717773438,87.14096069335938,False,False,False,False,-0.025924285455544708,-0.02476990478974127,1.2412814999988768
0.1,0.1,200,0.55,0.5,0.00581560730694495,0.08490671694124793,0.03097060578492448,0.02975021895277373,0.8655793070793152,0.933643102645874,0.8872270584106445,0.8861768245697021,6933,6125,6265,6258,374628.96875,110194.5625,281215.53125,282039.96875,85.63052368164062,91.25761413574219,87.70516204833984,87.69854736328125,False,False,False,False,-0.03097060578492448,-0.02975021895277373,1.2305714999965858
0.1,0.1,200,0.55,0.3,0.00581560730694495,0.06323501554400197,0.025678961382929615,0.024469794906443357,0.8655793070793152,0.9149929881095886,0.8826732039451599,0.8816326260566711,6933,6143,6247,6247,374628.96875,130170.4609375,282097.5625,282295.5,85.63052368164062,89.58977508544922,87.1220932006836,87.1259765625,False,False,False,False,-0.025678961382929615,-0.024469794906443357,1.2580789999992703
0.1,0.1,200,0.65,0.1,0.00581560730694495,0.05438499464435801,0.022456433679213496,0.0219599675717869,0.8655793070793152,0.9073768854141235,0.8798999786376953,0.8794727325439453,6933,5994,6104,6104,374628.96875,151434.484375,293703.5625,293907.78125,85.63052368164062,89.05675506591797,86.91046142578125,86.94158935546875,False,False,False,False,-0.022456433679213496,-0.0219599675717869,1.2481455000015558
0.1,0.1,200,0.65,0.3,0.00581560730694495,0.05428158729246238,0.022636513461483185,0.02191335461276094,0.8655793070793152,0.9072878956794739,0.8800549507141113,0.8794326186180115,6933,5982,6100,6095,374628.96875,154198.59375,294702.5,294386.75,85.63052368164062,89.0404281616211,86.90945434570312,86.93177795410156,False,False,False,False,-0.022636513461483185,-0.02191335461276094,1.263269399998535
0.1,0.1,200,0.65,0.5,0.00581560730694495,0.06304239943842813,0.024565860544138767,0.023842078342324047,0.8655793070793152,0.9148272275924683,0.8817152976989746,0.8810924291610718,6933,5859,6156,6144,374628.96875,171571.53125,306037.375,305987.3125,85.63052368164062,89.87177276611328,86.99793243408203,87.0283203125,False,False,False,False,-0.024565860544138767,-0.023842078342324047,1.2341984000013326
0.1,0.1,200,0.75,0.1,0.00581560730694495,0.03877090007684558,0.016621225380583037,0.01565163427597019,0.8655793070793152,0.8939397931098938,0.8748783469200134,0.8740439414978027,6933,5593,5837,5789,374628.96875,197635.046875,311916.09375,312592.59375,85.63052368164062,88.04019165039062,86.49884796142578,86.49602508544922,False,False,False,False,-0.016621225380583037,-0.01565163427597019,1.2902410999959102
0.1,0.1,200,0.75,0.3,0.00581560730694495,0.03863611728596219,0.01674180957324901,0.015800961972344593,0.8655793070793152,0.8938238024711609,0.8749821186065674,0.8741724491119385,6933,5583,5814,5786,374628.96875,199093.640625,312757.46875,312939.1875,85.63052368164062,88.02662658691406,86.49322509765625,86.49076843261719,False,False,False,False,-0.01674180957324901,-0.015800961972344593,1.3183768000017153
0.1,0.1,200,0.85,0.1,0.00581560730694495,0.03024377607910212,0.013124353054724515,0.012464429914160816,0.8655793070793152,0.8866015672683716,0.8718690276145935,0.8713011145591736,6933,5213,5850,5972,374628.96875,232737.59375,329378.46875,329407.3125,85.63052368164062,87.47735595703125,86.25543212890625,86.26206970214844,False,False,False,False,-0.013124353054724515,-0.012464429914160816,1.3193718000038643
0.1,0.1,200,0.75,0.5,0.00581560730694495,0.040508669975748104,0.01677851814425014,0.01582374899094718,0.8655793070793152,0.8954352736473083,0.8750137090682983,0.8741920590400696,6933,5506,5768,5808,374628.96875,210888.390625,318438.625,318931.1875,85.63052368164062,88.17070007324219,86.49382781982422,86.48501586914062,False,False,False,False,-0.01677851814425014,-0.01582374899094718,1.332216700000572
0.1,0.1,200,0.85,0.3,0.00581560730694495,0.03057546918575195,0.013025794004659218,0.012669028251401072,0.8655793070793152,0.8868870139122009,0.8717842102050781,0.8714771866798401,6933,5215,5904,6015,374628.96875,232928.53125,329845.75,329674.71875,85.63052368164062,87.48016357421875,86.24728393554688,86.26312255859375,False,False,False,False,-0.013025794004659218,-0.012669028251401072,1.349870700003521
0.1,0.1,200,0.85,0.5,0.00581560730694495,0.030732692687964334,0.01321439294585936,0.011881386988335333,0.8655793070793152,0.8870223164558411,0.8719465136528015,0.8707993626594543,6933,5183,6078,6114,374628.96875,237668.703125,333480.4375,333801.1875,85.63052368164062,87.49842071533203,86.24485778808594,86.23929595947266,False,False,False,False,-0.01321439294585936,-0.011881386988335333,1.4176634000032209
0.1,0.1,300,0.55,0.3,-0.062339257150119703,0.05931246231743979,-0.024960443051673546,-0.026970133421803297,0.806926965713501,0.9116173386573792,0.8390942215919495,0.8373647332191467,6933,6124,6188,6178,535647.625,141656.46875,398511.09375,398898.375,81.75791931152344,89.36077117919922,84.26805114746094,84.27416229248047,False,False,False,False,-0.062339257150119703,-0.062339257150119703,1.7794292999969912
0.1,0.1,300,0.55,0.1,-0.062339257150119703,0.04536729176283908,-0.02494949974182793,-0.027283541504407278,0.806926965713501,0.8996164798736572,0.839103639125824,0.8370950222015381,6933,6143,6210,6193,535647.625,141727.890625,394455.1875,395009.0625,81.75791931152344,88.537841796875,84.27732849121094,84.2789306640625,False,False,False,False,-0.062339257150119703,-0.062339257150119703,1.8200944000054733
0.1,0.1,300,0.55,0.5,-0.062339257150119703,0.08490671694124793,-0.01028588011742587,-0.01283303937617593,0.806926965713501,0.933643102645874,0.851722776889801,0.8495307564735413,6933,6125,6161,6139,535647.625,110194.5625,386484.15625,388768.78125,81.75791931152344,91.25761413574219,85.51009368896484,85.5031509399414,False,False,False,False,-0.062339257150119703,-0.062339257150119703,1.7742675999979838
0.1,0.1,300,0.65,0.1,-0.062339257150119703,0.03300689255366637,-0.03122562646120025,-0.03241179813471976,0.806926965713501,0.888979434967041,0.833702564239502,0.8326817750930786,6933,5975,6035,6034,535647.625,175951.515625,414741.8125,414527.125,81.75791931152344,87.80105590820312,83.90565490722656,83.94364166259766,False,False,False,False,-0.062339257150119703,-0.062339257150119703,1.755540900005144
0.1,0.1,300,0.65,0.3,-0.062339257150119703,0.033692165386657265,-0.03120083086041081,-0.03255482303871473,0.806926965713501,0.8895691633224487,0.8337239027023315,0.8325586915016174,6933,5896,6024,6016,535647.625,199668.15625,417658.6875,416977.5625,81.75791931152344,87.72322845458984,83.89241790771484,83.92851257324219,False,False,False,False,-0.062339257150119703,-0.062339257150119703,1.5242052000030526
0.1,0.1,300,0.65,0.5,-0.062339257150119703,0.06299994216668531,-0.027431483971687303,-0.028401629167937904,0.806926965713501,0.914790689945221,0.8369677066802979,0.836132824420929,6933,5859,5949,5960,535647.625,171690.96875,434552.03125,433856.34375,81.75791931152344,89.86824035644531,84.27633666992188,84.3336181640625,False,False,False,False,-0.062339257150119703,-0.062339257150119703,1.55176489999576
0.1,0.1,300,0.75,0.1,-0.062339257150119703,0.0053267599595374585,-0.04159628259920232,-0.04375128350133276,0.806926965713501,0.8651586174964905,0.8247778415679932,0.8229233026504517,6933,5520,5714,5690,535647.625,249166.796875,443718.53125,444586.96875,81.75791931152344,86.11767578125,83.23504638671875,83.20982360839844,False,False,False,False,-0.062339257150119703,-0.062339257150119703,1.5668892999965465
0.1,0.1,300,0.75,0.3,-0.062339257150119703,0.004382310762987648,-0.04175329831705054,-0.04341772033540552,0.806926965713501,0.8643458485603333,0.8246427178382874,0.8232103586196899,6933,5504,5708,5668,535647.625,252360.59375,444393.625,446823.34375,81.75791931152344,86.07823944091797,83.22528839111328,83.20254516601562,False,False,False,False,-0.062339257150119703,-0.062339257150119703,1.5859616000016103
0.1,0.1,300,0.75,0.5,-0.062339257150119703,0.023758756812296954,-0.04176181747598099,-0.0437499675336931,0.806926965713501,0.881020724773407,0.82463538646698,0.8229244351387024,6933,5388,5530,5524,535647.625,250246.515625,463426.1875,462152.5625,81.75791931152344,87.23700714111328,83.19015502929688,83.16487884521484,False,False,False,False,-0.062339257150119703,-0.062339257150119703,1.5964390999943134
0.1,0.1,300,0.85,0.1,-0.05699580517999494,-0.009851195227608724,-0.05241215136813883,-0.05344470113509135,0.8115254044532776,0.8520968556404114,0.8154699802398682,0.8145813941955566,6933,5165,5214,5133,527585.6875,296257.59375,477595.84375,477505.5625,81.84929656982422,85.22206115722656,82.7327651977539,82.7384262084961,False,False,False,False,-0.05699580517999494,-0.05699580517999494,1.6397769000031985
0.1,0.1,300,0.85,0.3,-0.05699580517999494,-0.009432578995286411,-0.052772726501406526,-0.05328733910996953,0.8115254044532776,0.8524571061134338,0.8151596784591675,0.8147168159484863,6933,5159,5113,5159,527585.6875,297401.09375,479437.34375,477544.625,81.84929656982422,85.23419189453125,82.70978546142578,82.7352294921875,False,False,False,False,-0.05699580517999494,-0.05699580517999494,1.70249010000407
0.1,0.1,300,0.85,0.5,-0.05699580517999494,0.0038007915891659846,-0.05305704477302848,-0.0539431758247048,0.8115254044532776,0.8638454079627991,0.8149150013923645,0.8141524195671082,6933,5154,5179,5071,527585.6875,290294.1875,483701.28125,483096.0625,81.84929656982422,85.92829132080078,82.70042419433594,82.71370697021484,False,False,False,False,-0.05699580517999494,-0.05699580517999494,1.659514400002081
0.1,0.2,50,0.55,0.1,0.10805721965820164,0.09014939349475638,0.09915518340606364,0.0990847445066143,0.9535658359527588,0.9381548166275024,0.9459049701690674,0.9458443522453308,6933,6263,6606,6609,99714.0859375,87988.9609375,95939.015625,96656.96875,91.62184143066406,91.02998352050781,91.27050018310547,91.25679779052734,False,False,False,False,-0.09915518340606364,-0.0990847445066143,1.2646598999999696
0.1,0.2,50,0.55,0.3,0.10805721965820164,0.09085634516307436,0.0992459851732004,0.09904048643704878,0.9535658359527588,0.9387632012367249,0.9459831118583679,0.9458062648773193,6933,6287,6620,6604,99714.0859375,87593.140625,95914.1328125,96988.4375,91.62184143066406,91.04798889160156,91.26832580566406,91.24544525146484,False,False,False,False,-0.0992459851732004,-0.09904048643704878,1.225021000005654
0.1,0.2,50,0.55,0.5,0.10805721965820164,0.09605933490302877,0.10091615589229705,0.10114561909178146,0.9535658359527588,0.943240761756897,0.9474204182624817,0.9476178884506226,6933,6305,6597,6611,99714.0859375,89530.625,98562.859375,99123.171875,91.62184143066406,91.51834869384766,91.4437255859375,91.41677856445312,False,False,False,False,-0.10091615589229705,-0.10114561909178146,1.2264785000006668
0.1,0.2,50,0.65,0.1,0.10805721965820164,0.08776077370585837,0.09635986035505499,0.09603959538843382,0.9535658359527588,0.9360992312431335,0.9434993863105774,0.943223774433136,6933,6144,6471,6454,99714.0859375,102483.2890625,105102.9296875,105307.5546875,91.62184143066406,90.82902526855469,91.12232208251953,91.10633087158203,False,False,False,False,-0.09635986035505499,-0.09603959538843382,1.2264529999956721
0.1,0.2,50,0.65,0.3,0.10805721965820164,0.08790504531603828,0.0959782990010074,0.0957644888902895,0.9535658359527588,0.9362233877182007,0.9431710243225098,0.9429870247840881,6933,6129,6451,6442,99714.0859375,103098.609375,105388.484375,105181.1171875,91.62184143066406,90.83287811279297,91.1124267578125,91.10147857666016,False,False,False,False,-0.0959782990010074,-0.0957644888902895,1.6238125000018044
0.1,0.2,50,0.65,0.5,0.10805721965820164,0.08955485316744753,0.09736830713576526,0.09739711990092842,0.9535658359527588,0.9376431703567505,0.9443672299385071,0.9443920254707336,6933,6189,6510,6514,99714.0859375,107018.84375,106877.4140625,106958.734375,91.62184143066406,90.97850036621094,91.17013549804688,91.16070556640625,False,False,False,False,-0.09736830713576526,-0.09739711990092842,1.6325762999986182
0.1,0.2,50,0.75,0.1,0.10805721965820164,0.08188387001148702,0.09397013238288147,0.09434663765073457,0.9535658359527588,0.9310417175292969,0.9414428472518921,0.9417668581008911,6933,5914,6368,6386,99714.0859375,120982.7578125,114010.125,113490.5078125,91.62184143066406,90.4031982421875,90.94457244873047,90.93712615966797,False,False,False,False,-0.09397013238288147,-0.09434663765073457,1.6858026999980211
0.1,0.2,50,0.75,0.3,0.10805721965820164,0.08206207973447929,0.09397013238288147,0.09434663765073457,0.9535658359527588,0.931195080280304,0.9414428472518921,0.9417668581008911,6933,5864,6368,6386,99714.0859375,121556.640625,114010.125,113490.5078125,91.62184143066406,90.39716339111328,90.94457244873047,90.93712615966797,False,False,False,False,-0.09397013238288147,-0.09434663765073457,1.7002242999951704
0.1,0.2,50,0.75,0.5,0.10805721965820164,0.0814185022972293,0.09400358566551081,0.09428167040620804,0.9535658359527588,0.930641233921051,0.9414716362953186,0.9417109489440918,6933,5907,6405,6388,99714.0859375,121583.96875,114334.1640625,114753.375,91.62184143066406,90.39805603027344,90.95233154296875,90.93953704833984,False,False,False,False,-0.09400358566551081,-0.09428167040620804,1.7680907000030857
0.1,0.2,50,0.85,0.1,0.10805721965820164,0.07941130533946944,0.09322086196573012,0.09301958817831639,0.9535658359527588,0.9289138913154602,0.9407980442047119,0.9406248331069946,6933,5901,6564,6526,99714.0859375,140842.484375,122114.625,121648.984375,91.62184143066406,90.15489196777344,90.8540267944336,90.8265380859375,False,False,False,False,-0.09322086196573012,-0.09301958817831639,1.7811390999995638
0.1,0.2,50,0.85,0.3,0.10805721965820164,0.07977485871529005,0.09322086196573012,0.09301958817831639,0.9535658359527588,0.9292267560958862,0.9407980442047119,0.9406248331069946,6933,5932,6564,6526,99714.0859375,141180.0,122114.625,121648.984375,91.62184143066406,90.15836334228516,90.8540267944336,90.8265380859375,False,False,False,False,-0.09322086196573012,-0.09301958817831639,1.7678315000011935
0.1,0.2,50,0.85,0.5,0.10805721965820164,0.07980429483354567,0.09349569141805555,0.09367584046177997,0.9535658359527588,0.9292520880699158,0.9410345554351807,0.9411895871162415,6933,5901,6495,6539,99714.0859375,141525.765625,122067.46875,121839.140625,91.62184143066406,90.1677474975586,90.87449645996094,90.86328125,False,False,False,False,-0.09349569141805555,-0.09367584046177997,1.7190718999991077
0.1,0.2,100,0.55,0.1,0.07503488180013292,0.061332611167232126,0.05923849108379978,0.058637509441202045,0.9251476526260376,0.913355827331543,0.911553680896759,0.911036491394043,6933,6159,6287,6274,196006.890625,129502.2109375,186283.734375,186307.46875,89.6377944946289,89.47875213623047,89.13459014892578,89.10675048828125,True,True,False,False,-0.05923849108379978,-0.058637509441202045,1.438949399998819
0.1,0.2,100,0.55,0.3,0.07503488180013292,0.06243172119216971,0.05956422770534377,0.05838408177838482,0.9251476526260376,0.9143016934394836,0.9118340015411377,0.9108183979988098,6933,6152,6282,6276,196006.890625,132571.15625,186434.984375,187241.34375,89.6377944946289,89.52630615234375,89.13980865478516,89.10189819335938,True,True,False,False,-0.05956422770534377,-0.05838408177838482,1.4406604999967385
0.1,0.2,100,0.55,0.5,0.07503488180013292,0.08152073220439471,0.06551115473043614,0.06480967471704098,0.9251476526260376,0.9307292103767395,0.9169517755508423,0.9163480997085571,6933,6124,6323,6314,196006.890625,121722.1484375,186293.65625,187608.1875,89.6377944946289,91.0445556640625,89.68952178955078,89.6425552368164,True,True,False,False,-0.06551115473043614,-0.06480967471704098,1.4034201999966172
0.1,0.2,100,0.65,0.1,0.07503488180013292,0.05383575130843546,0.05633789062161809,0.056241894245377407,0.9251476526260376,0.9069042205810547,0.9090574979782104,0.9089748859405518,6933,5998,6144,6135,196006.890625,155923.046875,200976.3125,200996.15625,89.6377944946289,89.01274108886719,88.93062591552734,88.91863250732422,False,False,False,False,-0.05633789062161809,-0.056241894245377407,1.4195698000039556
0.1,0.2,100,0.65,0.3,0.07503488180013292,0.053690163730615886,0.05614714457532166,0.05656035841417588,0.9251476526260376,0.9067789316177368,0.908893346786499,0.909248948097229,6933,5997,6138,6129,196006.890625,156119.390625,200953.828125,200875.5625,89.6377944946289,89.00537872314453,88.92420196533203,88.92058563232422,False,False,False,False,-0.05614714457532166,-0.05656035841417588,1.4579727000018465
0.1,0.2,100,0.65,0.5,0.07503488180013292,0.06025095502888376,0.058578221635962484,0.058777833148462966,0.9251476526260376,0.9124249815940857,0.9109854698181152,0.9111572504043579,6933,5863,6183,6210,196006.890625,182480.1875,210150.828125,210275.296875,89.6377944946289,89.63231658935547,89.04952239990234,89.03350067138672,True,True,False,False,-0.058578221635962484,-0.058777833148462966,1.4426023999985773
0.1,0.2,100,0.75,0.1,0.07503488180013292,0.03827394913923596,0.05087371593591792,0.05087274627555185,0.9251476526260376,0.8935121297836304,0.9043551683425903,0.9043543338775635,6933,5635,5900,5908,196006.890625,200787.953125,218714.109375,218847.625,89.6377944946289,88.0233383178711,88.52322387695312,88.4934310913086,False,False,False,False,-0.05087371593591792,-0.05087274627555185,1.4893169999995735
0.1,0.2,100,0.75,0.3,0.07503488180013292,0.03837936507331845,0.050521244392852355,0.050950803935020286,0.9251476526260376,0.8936028480529785,0.9040518403053284,0.9044215083122253,6933,5632,5889,5902,196006.890625,201426.71875,218837.625,218803.8125,89.6377944946289,88.02848815917969,88.51515197753906,88.49323272705078,False,False,False,False,-0.050521244392852355,-0.050950803935020286,1.4368211999972118
0.1,0.2,100,0.75,0.5,0.07503488180013292,0.04053298074635451,0.05146971075377588,0.051634691538916797,0.9251476526260376,0.8954561948776245,0.9048680663108826,0.9050100445747375,6933,5560,5912,6007,196006.890625,213629.421875,221657.546875,221471.96875,89.6377944946289,88.14974212646484,88.55457305908203,88.53662872314453,False,False,False,False,-0.05146971075377588,-0.051634691538916797,1.3084894999992684
0.1,0.2,100,0.85,0.1,0.07503488180013292,0.027522632046097655,0.04853087796858924,0.048573750809060366,0.9251476526260376,0.884259819984436,0.902338981628418,0.9023758769035339,6933,5228,5944,6009,196006.890625,240957.4375,238065.765625,237984.65625,89.6377944946289,87.33708190917969,88.29325866699219,88.25521850585938,False,False,False,False,-0.04853087796858924,-0.048573750809060366,1.3308350999941467
0.1,0.2,100,0.85,0.3,0.07503488180013292,0.02772556810842465,0.048631653385205545,0.04840786962500809,0.9251476526260376,0.8844344615936279,0.9024257063865662,0.9022331237792969,6933,5237,5975,5971,196006.890625,240867.484375,237478.046875,237342.84375,89.6377944946289,87.34032440185547,88.2939224243164,88.25860595703125,False,False,False,False,-0.048631653385205545,-0.04840786962500809,1.3057287000046927
0.1,0.2,100,0.85,0.5,0.07503488180013292,0.028312628198623842,0.04911592947660157,0.04861800887862588,0.9251476526260376,0.8849396705627441,0.9028424620628357,0.9024139642715454,6933,5224,5973,5965,196006.890625,243461.09375,239732.40625,239993.890625,89.6377944946289,87.38573455810547,88.30598449707031,88.27522277832031,False,False,False,False,-0.04911592947660157,-0.04861800887862588,1.3209320999958436
0.1,0.2,200,0.55,0.1,0.00581560730694495,0.03799849633381805,-0.0036259756774549463,-0.0052115088988848556,0.8655793070793152,0.8932750821113586,0.8574541211128235,0.8560896515846252,6933,6143,6172,6154,374628.96875,146794.53125,323248.28125,325180.875,85.63052368164062,87.91651153564453,85.56645965576172,85.52774810791016,True,True,True,True,0.0036259756774549463,0.0052115088988848556,1.5319124000016018
0.1,0.2,200,0.55,0.3,0.00581560730694495,0.05888511914182287,-0.0015520799388005786,-0.0034403549788077263,0.8655793070793152,0.911249577999115,0.859238862991333,0.8576138615608215,6933,6139,6162,6144,374628.96875,142483.015625,327677.125,328767.4375,85.63052368164062,89.30558776855469,85.66499328613281,85.6092758178711,True,True,True,True,0.0015520799388005786,0.0034403549788077263,1.6133538000067347
0.1,0.2,200,0.55,0.5,0.00581560730694495,0.0815050791156282,0.020365638145607663,0.017877558907733005,0.8655793070793152,0.9307157397270203,0.8781006932258606,0.8759595155715942,6933,6124,6162,6139,374628.96875,121761.046875,306364.0,309875.21875,85.63052368164062,91.04435729980469,87.30847930908203,87.25513458251953,False,False,False,False,-0.020365638145607663,-0.017877558907733005,1.6512262999967788
0.1,0.2,200,0.65,0.1,0.00581560730694495,0.021317152010538822,-0.012068115870258057,-0.012685720261988378,0.8655793070793152,0.8789195418357849,0.8501890301704407,0.8496575355529785,6933,5983,6011,6008,374628.96875,185282.59375,349483.84375,348532.15625,85.63052368164062,86.9588623046875,85.07364654541016,85.07601165771484,True,True,True,True,0.00581560730694495,0.00581560730694495,1.6386234000019613
0.1,0.2,200,0.65,0.3,0.00581560730694495,0.03994273462923824,-0.011550455757687416,-0.012633635648039607,0.8655793070793152,0.8949482440948486,0.8506345152854919,0.8497023582458496,6933,5975,6013,6008,374628.96875,180462.875,350038.34375,349445.53125,85.63052368164062,88.05268096923828,85.09431457519531,85.08020782470703,True,True,True,True,0.00581560730694495,0.00581560730694495,1.7848506000009365
0.1,0.2,200,0.65,0.5,0.00581560730694495,0.058814749503828256,-0.004806052342959175,-0.0049693708531868405,0.8655793070793152,0.9111890196800232,0.8564385771751404,0.85629802942276,6933,5859,5868,5861,374628.96875,186373.90625,374894.21875,374230.65625,85.63052368164062,89.57112884521484,85.77347564697266,85.78772735595703,True,True,True,True,0.004806052342959175,0.0049693708531868405,1.7022200999999768
0.1,0.2,200,0.75,0.3,0.00581560730694495,-0.014171586250077486,-0.026447278700128724,-0.027416177190194378,0.8655793070793152,0.8483788371086121,0.8378146886825562,0.8369808793067932,6933,5514,5667,5638,374628.96875,278442.75,393366.875,394416.5,85.63052368164062,84.69573974609375,84.1768798828125,84.10944366455078,True,True,False,False,-0.014171586250077486,-0.014171586250077486,1.6679220000005444
0.1,0.2,200,0.75,0.1,0.00581560730694495,-0.01993164587033771,-0.02618242289728284,-0.0277405978440987,0.8655793070793152,0.8434218764305115,0.8380426168441772,0.8367016911506653,6933,5522,5671,5642,374628.96875,279373.65625,392703.90625,394247.0625,85.63052368164062,84.56839752197266,84.19129943847656,84.09820556640625,True,True,False,False,-0.01993164587033771,-0.01993164587033771,1.7015419999952428
0.1,0.2,200,0.75,0.5,0.00581560730694495,0.021309256204700845,-0.025186373916967292,-0.026585801609566945,0.8655793070793152,0.8789127469062805,0.8388997912406921,0.8376954793930054,6933,5427,5557,5535,374628.96875,261362.03125,411055.03125,411357.0625,85.63052368164062,87.0155258178711,84.24542999267578,84.15689849853516,True,True,True,True,0.00581560730694495,0.00581560730694495,1.492656700000225
0.1,0.2,200,0.85,0.1,0.00581560730694495,-0.043021406291502765,-0.03736717817405334,-0.03744052605460088,0.8655793070793152,0.8235514163970947,0.8284173011779785,0.8283541798591614,6933,5168,5267,5262,374628.96875,342947.4375,431728.6875,431027.34375,85.63052368164062,83.24502563476562,83.51255798339844,83.4710693359375,False,False,False,False,-0.043021406291502765,-0.043021406291502765,1.4837111000015284
0.1,0.2,200,0.85,0.3,0.00581560730694495,-0.04306400208615502,-0.03818328589500864,-0.037241399372283435,0.8655793070793152,0.8235147595405579,0.8277149796485901,0.8285255432128906,6933,5168,5268,5263,374628.96875,343004.71875,431677.0625,431057.75,85.63052368164062,83.24590301513672,83.49764251708984,83.47863006591797,False,False,False,False,-0.04306400208615502,-0.04306400208615502,1.4800718999977107
0.1,0.2,200,0.85,0.5,0.00581560730694495,-0.002730563590846268,-0.037522116048259994,-0.037190769248883766,0.8655793070793152,0.8582246899604797,0.828283965587616,0.8285691142082214,6933,5159,5235,5233,374628.96875,311972.71875,436136.65625,436614.40625,85.63052368164062,85.36170959472656,83.53150177001953,83.49492645263672,True,True,False,False,-0.002730563590846268,-0.002730563590846268,1.4981107999992673
0.1,0.2,300,0.55,0.1,-0.062339257150119703,0.036023921521230885,-0.053107328589154554,-0.05610898151377143,0.806926965713501,0.891575813293457,0.8148717284202576,0.8122885823249817,6933,6143,6161,6144,535647.625,145769.578125,427576.15625,428553.65625,81.75791931152344,87.54188537597656,82.62034606933594,82.56365203857422,False,False,False,False,-0.062339257150119703,-0.062339257150119703,1.5815737999946577
0.1,0.2,300,0.55,0.3,-0.062339257150119703,0.05685264175309053,-0.03764166131910519,-0.0416973350616375,0.806926965713501,0.9095004796981812,0.8281810879707336,0.8246908783912659,6933,6123,6152,6127,535647.625,149036.625,425459.53125,431296.5625,81.75791931152344,89.17022705078125,83.52391815185547,83.42036437988281,False,False,False,False,-0.062339257150119703,-0.062339257150119703,1.5350594999981695
0.1,0.2,300,0.55,0.5,-0.062339257150119703,0.0815050791156282,-0.013999055966372178,-0.01700943583428366,0.806926965713501,0.9307157397270203,0.8485273122787476,0.84593665599823,6933,6124,6153,6130,535647.625,121761.046875,397872.875,401199.09375,81.75791931152344,91.04435729980469,85.3019027709961,85.27735900878906,False,False,False,False,-0.062339257150119703,-0.062339257150119703,1.523065500005032
0.1,0.2,300,0.65,0.1,-0.062339257150119703,0.011306516914166703,-0.06732649745862407,-0.06853836513184437,0.806926965713501,0.8703046441078186,0.8026350736618042,0.8015921711921692,6933,5972,5992,5990,535647.625,189888.921875,462187.3125,460417.40625,81.75791931152344,86.01325225830078,81.83382415771484,81.85589599609375,True,True,False,False,-0.062339257150119703,-0.062339257150119703,1.5329824000000372
0.1,0.2,300,0.65,0.3,-0.062339257150119703,0.027356473816226506,-0.06278176858432011,-0.06682878464501253,0.806926965713501,0.8841168284416199,0.806546151638031,0.8030633926391602,6933,5870,5936,5906,535647.625,224023.609375,481212.9375,488433.8125,81.75791931152344,87.14586639404297,81.96407318115234,81.81609344482422,True,True,False,False,-0.062339257150119703,-0.062339257150119703,1.467279000004055
0.1,0.2,300,0.65,0.5,-0.062339257150119703,0.058814749503828256,-0.03876674438956244,-0.04017704613055299,0.806926965713501,0.9111890196800232,0.8272128701210022,0.8259992003440857,6933,5859,5866,5859,535647.625,186373.90625,464204.78125,464637.78125,81.75791931152344,89.57112884521484,83.7669448852539,83.80592346191406,False,False,False,False,-0.062339257150119703,-0.062339257150119703,1.4261545999979717
0.1,0.2,300,0.75,0.1,-0.062339257150119703,-0.0510871104779075,-0.09495593066789859,-0.09840750600237082,0.806926965713501,0.8166102766990662,0.7788578867912292,0.7758875489234924,6933,5467,5587,5551,535647.625,310003.71875,532137.5625,534721.125,81.75791931152344,82.38793182373047,80.24915313720703,80.09591674804688,True,True,False,False,-0.062339257150119703,-0.062339257150119703,1.4729101999982959
0.1,0.2,300,0.75,0.3,-0.062339257150119703,-0.020223582901978766,-0.09561433005645847,-0.09842322835259205,0.806926965713501,0.8431706428527832,0.7782912850379944,0.7758740186691284,6933,5462,5583,5543,535647.625,295566.75,533361.125,536969.1875,81.75791931152344,83.89033508300781,80.22467041015625,80.09170532226562,True,True,False,False,-0.062339257150119703,-0.062339257150119703,1.4636062000063248
0.1,0.2,300,0.85,0.1,-0.05699580517999494,-0.08257212108703083,-0.1261037765154493,-0.12540354320823907,0.8115254044532776,0.7895150780677795,0.7520528435707092,0.7526554465293884,6933,5159,4669,4774,527585.6875,376836.0,604518.125,600993.6875,81.84929656982422,80.60000610351562,79.06167602539062,79.01923370361328,True,True,False,False,-0.08257212108703083,-0.08257212108703083,1.4807523999988916
0.1,0.2,300,0.75,0.5,-0.062339257150119703,0.017155508242286264,-0.0752486226493961,-0.07776135896515075,0.806926965713501,0.8753381371498108,0.795817494392395,0.7936550974845886,6933,5377,5448,5426,535647.625,273307.09375,538261.875,538988.6875,81.75791931152344,86.660888671875,81.3381576538086,81.28358459472656,True,True,False,False,-0.062339257150119703,-0.062339257150119703,1.4988556999960565
0.1,0.2,300,0.85,0.3,-0.05699580517999494,-0.057166119097149234,-0.12692708742769537,-0.12666832663286476,0.8115254044532776,0.8113788366317749,0.7513443231582642,0.751567006111145,6933,5155,4672,4727,527585.6875,361813.625,605982.75,602768.875,81.84929656982422,81.5095443725586,79.02600860595703,78.99869537353516,True,True,False,False,-0.057166119097149234,-0.057166119097149234,1.4718249999932596
0.1,0.2,300,0.85,0.5,-0.05699580517999494,-0.003405932035812328,-0.11911086300118888,-0.11806646952547939,0.8115254044532776,0.8576434850692749,0.7580707669258118,0.7589695453643799,6933,5152,4670,4727,527585.6875,316417.375,607658.25,605291.75,81.84929656982422,85.22537994384766,79.48585510253906,79.4773178100586,True,True,False,False,-0.05699580517999494,-0.05699580517999494,1.4852529999989201
0.1,0.3,50,0.55,0.1,0.10805721965820164,0.07235356310359194,0.08709205436054535,0.08635670549579254,0.9535658359527588,0.9228401780128479,0.9355237483978271,0.9348909258842468,6933,6209,6448,6437,99714.0859375,113053.359375,117981.8828125,118108.1328125,91.62184143066406,90.11111450195312,90.6781234741211,90.6376953125,False,False,False,False,-0.08709205436054535,-0.08635670549579254,1.3416262999962782
0.1,0.3,50,0.55,0.3,0.10805721965820164,0.07255982371574544,0.08685331012612857,0.08702604819419804,0.9535658359527588,0.923017680644989,0.9353182911872864,0.9354669451713562,6933,6201,6432,6460,99714.0859375,113192.8125,118414.71875,116561.0625,91.62184143066406,90.11863708496094,90.6688232421875,90.64756774902344,False,False,False,False,-0.08685331012612857,-0.08702604819419804,1.3290503000025637
0.1,0.3,50,0.55,0.5,0.10805721965820164,0.08185651173687296,0.09109612831931192,0.09131118513621476,0.9535658359527588,0.9310181736946106,0.9389695525169373,0.9391546249389648,6933,6160,6475,6475,99714.0859375,122891.9453125,121293.3359375,121942.484375,91.62184143066406,90.94183349609375,90.97337341308594,90.95672607421875,False,False,False,False,-0.09109612831931192,-0.09131118513621476,1.3054812000045786
0.1,0.3,50,0.65,0.1,0.10805721965820164,0.0670700222917992,0.08409234075666061,0.0848573335240332,0.9535658359527588,0.918293297290802,0.932942271232605,0.9336006045341492,6933,6050,6335,6373,99714.0859375,136549.75,130460.0078125,129993.015625,91.62184143066406,89.75577545166016,90.4951171875,90.48638916015625,False,False,False,False,-0.08409234075666061,-0.0848573335240332,1.3189790999967954
0.1,0.3,50,0.65,0.5,0.10805721965820164,0.07182274331462465,0.08593518028237203,0.08625641490935927,0.9535658359527588,0.9223833680152893,0.9345281720161438,0.9348046183586121,6933,6040,6400,6381,99714.0859375,153705.015625,133672.84375,133344.921875,91.62184143066406,90.05624389648438,90.5772933959961,90.57858276367188,False,False,False,False,-0.08593518028237203,-0.08625641490935927,1.4505185000016354
0.1,0.3,50,0.65,0.3,0.10805721965820164,0.06696973170536592,0.08425732154180154,0.08432111134159784,0.9535658359527588,0.9182069897651672,0.93308424949646,0.9331391453742981,6933,6062,6368,6362,99714.0859375,136720.875,129929.265625,130117.4609375,91.62184143066406,89.75021362304688,90.50153350830078,90.4825439453125,False,False,False,False,-0.08425732154180154,-0.08432111134159784,1.4790040000007139
0.1,0.3,50,0.75,0.1,0.10805721965820164,0.05646055265792564,0.07981482257466298,0.08056090696489726,0.9535658359527588,0.9091630578041077,0.9292611479759216,0.9299032092094421,6933,5760,6152,6191,99714.0859375,167100.328125,143075.8125,142976.34375,91.62184143066406,89.05294036865234,90.21491241455078,90.19239044189453,False,False,False,False,-0.07981482257466298,-0.08056090696489726,1.5227795000027982
0.1,0.3,50,0.75,0.3,0.10805721965820164,0.05646055265792564,0.07981482257466298,0.08056090696489726,0.9535658359527588,0.9091630578041077,0.9292611479759216,0.9299032092094421,6933,5760,6152,6191,99714.0859375,167100.328125,143075.8125,142976.34375,91.62184143066406,89.05294036865234,90.21491241455078,90.19239044189453,False,False,False,False,-0.07981482257466298,-0.08056090696489726,1.5050534999973024
0.1,0.3,50,0.75,0.5,0.10805721965820164,0.05785250011341563,0.08057226584347119,0.08081849031499763,0.9535658359527588,0.9103609323501587,0.9299129843711853,0.9301248788833618,6933,5742,6234,6232,99714.0859375,174186.0,144677.5625,144803.71875,91.62184143066406,89.103515625,90.22711944580078,90.19963073730469,False,False,False,False,-0.08057226584347119,-0.08081849031499763,1.5405526999966241
0.1,0.3,50,0.85,0.1,0.10805721965820164,0.0509185973585759,0.07837279908741107,0.07921252496442559,0.9535658359527588,0.9043937921524048,0.928020179271698,0.9287428259849548,6933,5492,6152,6201,99714.0859375,200307.84375,155768.015625,154529.109375,91.62184143066406,88.60094451904297,90.04901123046875,90.02930450439453,False,False,False,False,-0.07837279908741107,-0.07921252496442559,1.5387958999999682
0.1,0.3,50,0.85,0.3,0.10805721965820164,0.0509185973585759,0.07837279908741107,0.07921252496442559,0.9535658359527588,0.9043937921524048,0.928020179271698,0.9287428259849548,6933,5492,6152,6201,99714.0859375,200307.84375,155768.015625,154529.109375,91.62184143066406,88.60094451904297,90.04901123046875,90.02930450439453,False,False,False,False,-0.07837279908741107,-0.07921252496442559,1.5268739000021014
0.1,0.3,50,0.85,0.5,0.10805721965820164,0.05090058938034893,0.07904179547854298,0.07911195733217344,0.9535658359527588,0.9043782949447632,0.9285959005355835,0.928656280040741,6933,5539,6245,6202,99714.0859375,201794.328125,158245.34375,156750.109375,91.62184143066406,88.59306335449219,90.04679870605469,90.0265884399414,False,False,False,False,-0.07904179547854298,-0.07911195733217344,1.5415654000025825
0.1,0.3,100,0.55,0.3,0.07503488180013292,0.057878680943299454,0.0415005632687805,0.040957969032510984,0.9251476526260376,0.9103834629058838,0.8962888717651367,0.8958219289779663,6933,6146,6221,6209,196006.890625,143952.484375,213421.765625,214391.328125,89.6377944946289,89.2162094116211,88.24418640136719,88.19024658203125,True,True,False,False,-0.0415005632687805,-0.040957969032510984,1.388707500002056
0.1,0.3,100,0.55,0.1,0.07503488180013292,0.045816244512328366,0.0413258858799789,0.040591160368318564,0.9251476526260376,0.9000028371810913,0.8961385488510132,0.8955062627792358,6933,6158,6223,6208,196006.890625,142262.296875,211400.09375,212047.71875,89.6377944946289,88.4852294921875,88.23577117919922,88.18075561523438,True,True,False,False,-0.0413258858799789,-0.040591160368318564,1.4169519999995828
0.1,0.3,100,0.55,0.5,0.07503488180013292,0.07825886399439813,0.05158849414861915,0.05030300154903244,0.9251476526260376,0.9279221296310425,0.9049702882766724,0.9038640260696411,6933,6122,6178,6158,196006.890625,131936.15625,217248.328125,220594.890625,89.6377944946289,90.84197998046875,89.15414428710938,89.060302734375,True,True,False,False,-0.05158849414861915,-0.05030300154903244,1.3909173000065493
0.1,0.3,100,0.65,0.1,0.07503488180013292,0.03147538326691737,0.03608570273884033,0.03602260555359122,0.9251476526260376,0.8876614570617676,0.8916289806365967,0.8915746808052063,6933,5986,6061,6048,196006.890625,180993.671875,235113.03125,236120.390625,89.6377944946289,87.6639175415039,87.88459014892578,87.85653686523438,False,False,False,False,-0.03608570273884033,-0.03602260555359122,1.3892568000010215
0.1,0.3,100,0.65,0.3,0.07503488180013292,0.03902384290947978,0.03618142206926215,0.03601990435685718,0.9251476526260376,0.8941574692726135,0.8917113542556763,0.8915723562240601,6933,5984,6057,6052,196006.890625,181923.90625,235628.65625,235866.03125,89.6377944946289,88.00904846191406,87.88758087158203,87.854736328125,True,True,False,False,-0.03618142206926215,-0.03601990435685718,1.4217789999966044
0.1,0.3,100,0.65,0.5,0.07503488180013292,0.054461043721639596,0.04002744138835971,0.04005798568989084,0.9251476526260376,0.9074423313140869,0.8950211405754089,0.8950474262237549,6933,5861,6040,6019,196006.890625,199637.046875,254228.734375,256533.390625,89.6377944946289,89.309326171875,88.16780090332031,88.0940933227539,True,True,False,False,-0.04002744138835971,-0.04005798568989084,1.4176575999954366
0.1,0.3,100,0.75,0.1,0.07503488180013292,0.0034254637660431175,0.02604985647295046,0.026644258277349876,0.9251476526260376,0.8635224103927612,0.8829923868179321,0.8835039138793945,6933,5588,5798,5778,196006.890625,253880.734375,261966.984375,263262.5,89.6377944946289,86.02525329589844,87.24735260009766,87.2037582397461,False,False,False,False,-0.02604985647295046,-0.026644258277349876,1.4303937000004225
0.1,0.3,100,0.75,0.3,0.07503488180013292,0.0031512576668101533,0.0258688070303147,0.02633036536456286,0.9251476526260376,0.8632864356040955,0.8828365802764893,0.8832337856292725,6933,5587,5788,5774,196006.890625,253922.21875,262728.90625,263926.375,89.6377944946289,86.00411224365234,87.24150848388672,87.2068099975586,False,False,False,False,-0.0258688070303147,-0.02633036536456286,1.4254779999973834
0.1,0.3,100,0.75,0.5,0.07503488180013292,0.02326159809032317,0.028054490756885715,0.028143006896016738,0.9251476526260376,0.8805928826332092,0.8847175240516663,0.8847936987876892,6933,5504,5756,5737,196006.890625,258661.96875,270784.25,272586.09375,89.6377944946289,87.16050720214844,87.32510375976562,87.24555206298828,False,False,False,False,-0.028054490756885715,-0.028143006896016738,1.5476622999995016
0.1,0.3,100,0.85,0.1,0.07503488180013292,-0.015042618304625038,0.022005056778809044,0.02192512906006319,0.9251476526260376,0.8476292490959167,0.8795115351676941,0.8794427514076233,6933,5209,5586,5655,196006.890625,309201.1875,296540.1875,295219.125,89.6377944946289,84.93224334716797,86.82587432861328,86.76183319091797,False,False,False,False,-0.022005056778809044,-0.02192512906006319,1.5641047999961302
0.1,0.3,100,0.85,0.3,0.07503488180013292,-0.015184881332618094,0.022005056778809044,0.02192512906006319,0.9251476526260376,0.8475068211555481,0.8795115351676941,0.8794427514076233,6933,5209,5586,5655,196006.890625,309449.96875,296540.1875,295219.125,89.6377944946289,84.92369842529297,86.82587432861328,86.76183319091797,False,False,False,False,-0.022005056778809044,-0.02192512906006319,1.604325100001006
0.1,0.3,100,0.85,0.5,0.07503488180013292,-0.00619072734570366,0.021703076836233716,0.022273721961664477,0.9251476526260376,0.8552469611167908,0.8792516589164734,0.8797427415847778,6933,5190,5578,5576,196006.890625,314749.5,297742.375,298957.21875,89.6377944946289,85.27532958984375,86.82994842529297,86.78909301757812,False,False,False,False,-0.021703076836233716,-0.022273721961664477,1.5717903000040678
0.1,0.3,200,0.55,0.1,0.00581560730694495,0.03493166838031049,-0.018626552279065484,-0.021265275180954207,0.8655793070793152,0.8906358480453491,0.8445450067520142,0.8422741889953613,6933,6144,6169,6147,374628.96875,147938.453125,336487.1875,339636.84375,85.63052368164062,87.46090698242188,84.60242462158203,84.5069351196289,True,True,True,True,0.00581560730694495,0.00581560730694495,1.424766299998737
0.1,0.3,200,0.55,0.3,0.00581560730694495,0.056514715115515986,-0.004853842746715362,-0.006852243499725898,0.8655793070793152,0.909209668636322,0.8563974499702454,0.854677677154541,6933,6134,6161,6143,374628.96875,149773.828125,335902.03125,337034.84375,85.63052368164062,89.10604858398438,85.43295288085938,85.35734558105469,True,True,True,True,0.004853842746715362,0.00581560730694495,1.4215990000011516
0.1,0.3,200,0.55,0.5,0.00581560730694495,0.07825886399439813,0.017681064160694888,0.015112364589527184,0.8655793070793152,0.9279221296310425,0.8757904171943665,0.8735798597335815,6933,6122,6163,6132,374628.96875,131936.15625,315314.3125,320019.65625,85.63052368164062,90.84197998046875,87.12409973144531,87.04322814941406,False,False,False,False,-0.017681064160694888,-0.015112364589527184,1.406641400004446
0.1,0.3,200,0.65,0.1,0.00581560730694495,0.010986944562092722,-0.03332140881954586,-0.03432985560025613,0.8655793070793152,0.870029628276825,0.8318989872932434,0.8310311436653137,6933,5978,6006,5998,374628.96875,190199.09375,371713.71875,372486.9375,85.63052368164062,85.96808624267578,83.79966735839844,83.77381896972656,True,True,True,True,0.00581560730694495,0.00581560730694495,1.396689699999115
0.1,0.3,200,0.65,0.3,0.00581560730694495,0.03188485698721676,-0.023330028407585652,-0.02418672334100635,0.8655793070793152,0.8880138397216797,0.8404973149299622,0.8397600650787354,6933,5923,6000,5994,374628.96875,210178.734375,371373.03125,371307.28125,85.63052368164062,87.4165267944336,84.2551040649414,84.24465942382812,True,True,True,True,0.00581560730694495,0.00581560730694495,1.4510392999945907
0.1,0.3,200,0.65,0.5,0.00581560730694495,0.0541522761565018,-0.008725904372787313,-0.009227080259134806,0.8655793070793152,0.9071766138076782,0.8530652523040771,0.8526339530944824,6933,5859,5866,5859,374628.96875,200163.40625,388558.90625,388718.3125,85.63052368164062,89.29060363769531,85.47691345214844,85.48194885253906,True,True,True,True,0.00581560730694495,0.00581560730694495,1.4367090999949141
0.1,0.3,200,0.75,0.1,0.00581560730694495,-0.04892885428740525,-0.05914027834100808,-0.06185955231473513,0.8655793070793152,0.8184676170349121,0.8096799254417419,0.8073397874832153,6933,5507,5657,5598,374628.96875,302465.03125,436826.3125,444961.84375,85.63052368164062,82.44334411621094,82.3274154663086,82.14519500732422,True,True,False,False,-0.04892885428740525,-0.04892885428740525,1.4489180000018678
0.1,0.3,200,0.75,0.3,0.00581560730694495,-0.018760642455401683,-0.05951602173285926,-0.0624033932571896,0.8655793070793152,0.844429612159729,0.8093565702438354,0.806871771812439,6933,5505,5647,5592,374628.96875,291664.46875,439004.1875,446348.90625,85.63052368164062,83.97986602783203,82.30847930908203,82.1114273071289,True,True,False,False,-0.018760642455401683,-0.018760642455401683,1.4399924999961513
0.1,0.3,200,0.75,0.5,0.00581560730694495,0.014980975609925028,-0.04070197869586914,-0.04272905369113339,0.8655793070793152,0.8734667897224426,0.825547456741333,0.8238030076026917,6933,5412,5514,5479,374628.96875,281987.65625,450357.0,453817.34375,85.63052368164062,86.46904754638672,83.36980438232422,83.19046783447266,True,True,True,True,0.00581560730694495,0.00581560730694495,1.4720554999948945
0.1,0.3,200,0.85,0.1,0.00581560730694495,-0.08526888508797417,-0.0802327461924381,-0.0801776833359364,0.8655793070793152,0.7871943116188049,0.7915282845497131,0.7915756702423096,6933,5168,5245,5238,374628.96875,380607.71875,499136.5,498555.65625,85.63052368164062,80.37604522705078,81.14926147460938,81.06515502929688,False,False,False,False,-0.08526888508797417,-0.08526888508797417,1.488057900001877
0.1,0.3,200,0.85,0.3,0.00581560730694495,-0.05946532234800487,-0.07963952183276891,-0.07990320019088457,0.8655793070793152,0.809400200843811,0.7920387983322144,0.7918118834495544,6933,5170,5246,5237,374628.96875,365938.15625,498674.15625,498382.15625,85.63052368164062,81.31813049316406,81.15756225585938,81.06749725341797,True,True,False,False,-0.05946532234800487,-0.05946532234800487,1.4511622999998508
0.1,0.3,200,0.85,0.5,0.00581560730694495,-0.007597427491048823,-0.06939651455581416,-0.06938314709505339,0.8655793070793152,0.8540363907814026,0.8008536696434021,0.8008651733398438,6933,5156,5207,5193,374628.96875,330652.84375,503689.75,504316.6875,85.63052368164062,84.7686538696289,81.54557800292969,81.46623992919922,True,True,False,False,-0.007597427491048823,-0.007597427491048823,1.4496003000022029
0.1,0.3,300,0.55,0.1,-0.062339257150119703,0.03474480097547833,-0.0595034854095551,-0.06339971928332402,0.806926965713501,0.8904750347137451,0.8093673586845398,0.806014358997345,6933,6143,6162,6143,535647.625,147440.390625,429919.09375,432049.21875,81.75791931152344,87.35110473632812,81.92073059082031,81.81672668457031,False,True,False,False,-0.062339257150119703,-0.062339257150119703,1.4074652999988757
0.1,0.3,300,0.55,0.3,-0.062339257150119703,0.055128239314948806,-0.039586522967617846,-0.043149817028551994,0.806926965713501,0.9080165028572083,0.8265073895454407,0.8234409093856812,6933,6123,6150,6126,535647.625,154305.265625,432188.8125,436821.59375,81.75791931152344,89.00808715820312,83.34075164794922,83.23881530761719,False,False,False,False,-0.062339257150119703,-0.062339257150119703,1.402716100004909
0.1,0.3,300,0.55,0.5,-0.062339257150119703,0.07825886399439813,-0.016920227080605442,-0.019728086454918237,0.806926965713501,0.9279221296310425,0.8460134267807007,0.8435970544815063,6933,6122,6152,6128,535647.625,131936.15625,407601.03125,411160.25,81.75791931152344,90.84197998046875,85.10629272460938,85.0689697265625,False,False,False,False,-0.062339257150119703,-0.062339257150119703,1.3943713000044227
0.1,0.3,300,0.65,0.1,-0.062339257150119703,0.009946845296575817,-0.08344779365904456,-0.08408486051955096,0.806926965713501,0.8691345453262329,0.7887614965438843,0.7882132530212402,6933,5973,5991,5995,535647.625,190534.09375,471988.125,468745.0,81.75791931152344,85.67439270019531,80.64070892333984,80.69799041748047,True,True,False,False,-0.062339257150119703,-0.062339257150119703,1.4211324999996577
0.1,0.3,300,0.65,0.3,-0.062339257150119703,0.024610949751160908,-0.06594791746389488,-0.06976907192074827,0.806926965713501,0.8817541003227234,0.8038214445114136,0.8005330562591553,6933,5863,5929,5901,535647.625,232270.578125,493188.4375,498586.15625,81.75791931152344,86.85519409179688,81.61583709716797,81.44541931152344,True,True,False,False,-0.062339257150119703,-0.062339257150119703,1.3806623999989824
0.1,0.3,300,0.65,0.5,-0.062339257150119703,0.0541522761565018,-0.04269996388015136,-0.0438844040173029,0.806926965713501,0.9071766138076782,0.8238280415534973,0.8228087425231934,6933,5859,5866,5859,535647.625,200163.40625,477179.1875,477703.375,81.75791931152344,89.29060363769531,83.4858627319336,83.52311706542969,False,False,False,False,-0.062339257150119703,-0.062339257150119703,1.3928512999991653
0.1,0.3,300,0.75,0.1,-0.062339257150119703,-0.06708228156928449,-0.1273269338057888,-0.13174436012631904,0.806926965713501,0.8028452396392822,0.7510002255439758,0.7471987009048462,6933,5454,5578,5541,535647.625,315476.4375,566014.625,570156.5,81.75791931152344,80.63481140136719,78.18592834472656,77.96491241455078,True,True,False,False,-0.06708228156928449,-0.06708228156928449,1.3948690999968676
0.1,0.3,300,0.75,0.3,-0.062339257150119703,-0.025851768712453798,-0.10894619042952144,-0.11301294600480882,0.806926965713501,0.838327169418335,0.7668182253837585,0.7633184790611267,6933,5443,5568,5536,535647.625,311415.0625,559180.5625,560529.8125,81.75791931152344,83.3067398071289,78.84473419189453,78.62308502197266,True,True,False,False,-0.062339257150119703,-0.062339257150119703,1.3877599999977974
0.1,0.3,300,0.75,0.5,-0.062339257150119703,0.011962422890356693,-0.08077984242326437,-0.08413085012548444,0.806926965713501,0.8708691000938416,0.7910574674606323,0.7881736755371094,6933,5376,5445,5404,535647.625,291079.625,556689.875,561609.125,81.75791931152344,86.19600677490234,80.87176513671875,80.68563079833984,True,True,False,False,-0.062339257150119703,-0.062339257150119703,1.3889421000058064
0.1,0.3,300,0.85,0.1,-0.05699580517999494,-0.11079796468289163,-0.18691928166174854,-0.18424842144487014,0.8115254044532776,0.7652246356010437,0.6997165679931641,0.7020150423049927,6933,5159,4635,4703,527585.6875,385952.78125,675262.25,669739.3125,81.84929656982422,78.07777404785156,76.18582153320312,76.10608673095703,True,True,False,False,-0.11079796468289163,-0.11079796468289163,1.405592600000091
0.1,0.3,300,0.85,0.3,-0.05699580517999494,-0.06150347917602418,-0.18649394706831846,-0.18451535509135758,0.8115254044532776,0.8076462149620056,0.7000826001167297,0.7017853260040283,6933,5155,4635,4685,527585.6875,374323.0,678756.125,674604.6875,81.84929656982422,80.80350494384766,76.12889099121094,76.05587768554688,True,True,False,False,-0.06150347917602418,-0.06150347917602418,1.3782942999969237
0.1,0.3,300,0.85,0.5,-0.05699580517999494,-0.008091815754833843,-0.16108579797334058,-0.15645310705154333,0.8115254044532776,0.8536109328269958,0.7219482064247131,0.7259349822998047,6933,5152,4270,4362,527585.6875,333779.6875,696876.625,689804.1875,81.84929656982422,84.67766571044922,78.14820861816406,78.21183776855469,True,True,False,False,-0.05699580517999494,-0.05699580517999494,1.3685541999948327
0.1,0.4,50,0.55,0.1,0.10805721965820164,0.05947744310258072,0.07544768007025882,0.0756781129301093,0.9535658359527588,0.9117593169212341,0.9255028963088989,0.9257012009620667,6933,6196,6353,6380,99714.0859375,126715.4765625,137161.34375,135717.078125,91.62184143066406,89.38333892822266,90.12484741210938,90.09390258789062,False,False,False,False,-0.07544768007025882,-0.0756781129301093,1.3939094000015757
0.1,0.4,50,0.55,0.3,0.10805721965820164,0.06180532059569007,0.07517832227285619,0.07537800304681139,0.9535658359527588,0.913762629032135,0.9252710938453674,0.9254429340362549,6933,6191,6359,6371,99714.0859375,129486.125,136851.203125,135501.8125,91.62184143066406,89.4883804321289,90.1138687133789,90.0911865234375,False,False,False,False,-0.07517832227285619,-0.07537800304681139,1.4456191000062972
0.1,0.4,50,0.55,0.5,0.10805721965820164,0.0758013290580546,0.08118890057483544,0.08142341986051435,0.9535658359527588,0.9258072376251221,0.9304436445236206,0.9306454658508301,6933,6122,6365,6374,99714.0859375,140034.15625,142871.140625,143254.0625,91.62184143066406,90.63786315917969,90.51996612548828,90.50180053710938,False,False,False,False,-0.08118890057483544,-0.08142341986051435,1.4329777999955695
0.1,0.4,50,0.65,0.1,0.10805721965820164,0.05063123158294631,0.07147359632138561,0.07170576071760408,0.9535658359527588,0.9041464924812317,0.9220829010009766,0.9222826957702637,6933,6041,6225,6224,99714.0859375,157373.09375,152385.078125,152343.609375,91.62184143066406,88.83536529541016,89.87064361572266,89.84336853027344,False,False,False,False,-0.07147359632138561,-0.07170576071760408,1.467419799999334
0.1,0.4,50,0.65,0.3,0.10805721965820164,0.05028811033626782,0.07231373776712845,0.07159286454641192,0.9535658359527588,0.9038512110710144,0.922805905342102,0.9221855401992798,6933,6033,6290,6214,99714.0859375,158985.25,151798.078125,153300.796875,91.62184143066406,88.83314514160156,89.88970184326172,89.83763122558594,False,False,False,False,-0.07231373776712845,-0.07159286454641192,1.6754912999967928
0.1,0.4,50,0.65,0.5,0.10805721965820164,0.05863979506920778,0.0736287357464255,0.07500281374659797,0.9535658359527588,0.9110384583473206,0.9239375591278076,0.9251200556755066,6933,5937,6254,6286,99714.0859375,189172.953125,157960.5,158007.1875,91.62184143066406,89.42375946044922,90.0094985961914,90.02054595947266,False,False,False,False,-0.0736287357464255,-0.07500281374659797,1.6419175999981235
0.1,0.4,50,0.75,0.1,0.10805721965820164,0.032962149653917826,0.0661354082218195,0.06562931477218696,0.9535658359527588,0.8889409303665161,0.9174889922142029,0.9170534610748291,6933,5684,6083,6061,99714.0859375,209189.25,171950.703125,169900.546875,91.62184143066406,87.76554870605469,89.48139190673828,89.43213653564453,False,False,False,False,-0.0661354082218195,-0.06562931477218696,1.6863891999964835
0.1,0.4,50,0.75,0.3,0.10805721965820164,0.032962149653917826,0.0661354082218195,0.06562931477218696,0.9535658359527588,0.8889409303665161,0.9174889922142029,0.9170534610748291,6933,5684,6083,6061,99714.0859375,209189.25,171950.703125,169900.546875,91.62184143066406,87.76554870605469,89.48139190673828,89.43213653564453,False,False,False,False,-0.0661354082218195,-0.06562931477218696,1.6626918999972986
0.1,0.4,50,0.75,0.5,0.10805721965820164,0.03695978229739553,0.06608270025477826,0.06633314967504257,0.9535658359527588,0.8923811912536621,0.9174436330795288,0.9176591634750366,6933,5648,6089,6086,99714.0859375,220379.3125,172322.9375,172926.4375,91.62184143066406,87.92625427246094,89.50215148925781,89.4610366821289,False,False,False,False,-0.06608270025477826,-0.06633314967504257,1.477499299995543
0.1,0.4,50,0.85,0.1,0.10805721965820164,0.022476103932353723,0.0642244846861192,0.06447257921692306,0.9535658359527588,0.8799169063568115,0.9158445000648499,0.9160580039024353,6933,5369,6021,6021,99714.0859375,250872.921875,190143.359375,190771.578125,91.62184143066406,87.05934143066406,89.24269104003906,89.18838500976562,False,False,False,False,-0.0642244846861192,-0.06447257921692306,1.4978659999978845
0.1,0.4,50,0.85,0.3,0.10805721965820164,0.022476103932353723,0.0642244846861192,0.06447257921692306,0.9535658359527588,0.8799169063568115,0.9158445000648499,0.9160580039024353,6933,5369,6021,6021,99714.0859375,250872.921875,190143.359375,190771.578125,91.62184143066406,87.05934143066406,89.24269104003906,89.18838500976562,False,False,False,False,-0.0642244846861192,-0.06447257921692306,1.5108028999966336
0.1,0.4,50,0.85,0.5,0.10805721965820164,0.022153345553362663,0.06366422877889631,0.06488662419323392,0.9535658359527588,0.8796391487121582,0.9153623580932617,0.9164143204689026,6933,5377,5987,6027,99714.0859375,249855.125,191814.859375,190417.046875,91.62184143066406,87.0635757446289,89.25143432617188,89.2206802368164,False,False,False,False,-0.06366422877889631,-0.06488662419323392,1.4911716999995406
0.1,0.4,100,0.55,0.1,0.07503488180013292,0.03882921822171908,0.028981001236663275,0.027865961077140292,0.9251476526260376,0.8939899802207947,0.8855148553848267,0.8845552802085876,6933,6165,6207,6192,196006.890625,143043.46875,225496.5625,227074.703125,89.6377944946289,87.91864013671875,87.55211639404297,87.467041015625,True,True,False,False,-0.028981001236663275,-0.027865961077140292,1.5206792000026326
0.1,0.4,100,0.55,0.3,0.07503488180013292,0.05598756618364883,0.030245230569651223,0.028906545172840227,0.9251476526260376,0.9087560176849365,0.8866028189659119,0.8854507803916931,6933,6146,6187,6169,196006.890625,149334.28125,232538.0,234735.703125,89.6377944946289,89.06233215332031,87.58609008789062,87.4869613647461,True,True,False,False,-0.030245230569651223,-0.028906545172840227,1.4960921999954735
0.1,0.4,100,0.55,0.5,0.07503488180013292,0.0753153214302906,0.04699652896219675,0.045321094372541434,0.9251476526260376,0.9253889918327332,0.9010185599327087,0.899576723575592,6933,6121,6154,6134,196006.890625,140723.5,230293.53125,234607.1875,89.6377944946289,90.63525390625,88.89315032958984,88.78614044189453,True,True,False,False,-0.04699652896219675,-0.045321094372541434,1.4520064999960596
0.1,0.4,100,0.65,0.1,0.07503488180013292,0.019510674748554946,0.019806905990388587,0.01987221954218871,0.9251476526260376,0.8773649334907532,0.8776198625564575,0.8776760697364807,6933,5987,6043,6032,196006.890625,188712.8125,257016.421875,257898.453125,89.6377944946289,86.7818603515625,87.01518249511719,86.9660415649414,False,False,False,False,-0.019806905990388587,-0.01987221954218871,1.4581021999983932
0.1,0.4,100,0.65,0.3,0.07503488180013292,0.03684058333382394,0.019868617946543318,0.019928875412148946,0.9251476526260376,0.8922786116600037,0.8776729702949524,0.877724826335907,6933,5983,6043,6031,196006.890625,188896.328125,257764.75,258423.5625,89.6377944946289,87.77439880371094,87.02073669433594,86.96549224853516,True,True,False,False,-0.019868617946543318,-0.019928875412148946,1.4478973000004771
0.1,0.4,100,0.65,0.5,0.07503488180013292,0.050598609437773605,0.025517859239252958,0.02577454219044199,0.9251476526260376,0.9041184186935425,0.8825345635414124,0.88275545835495,6933,5861,5920,5917,196006.890625,212014.078125,292734.8125,293903.3125,89.6377944946289,89.01947021484375,87.46484375,87.38666534423828,True,True,False,False,-0.025517859239252958,-0.02577454219044199,1.4446055000007618
0.1,0.4,100,0.75,0.1,0.07503488180013292,-0.022050977123287813,0.0040560200498059125,0.004100278119371425,0.9251476526260376,0.8415980339050293,0.8640650510787964,0.8641031384468079,6933,5571,5757,5709,196006.890625,280949.15625,298008.125,302924.46875,89.6377944946289,84.4051742553711,86.06932067871094,85.96041870117188,False,False,False,False,-0.022050977123287813,-0.022050977123287813,1.4518274000001838
0.1,0.4,100,0.75,0.3,0.07503488180013292,-0.012918161704025719,0.004056504879988946,0.004403366245222258,0.9251476526260376,0.8494575023651123,0.8640654683113098,0.864363968372345,6933,5570,5757,5707,196006.890625,277521.625,298310.15625,303030.875,89.6377944946289,84.62078857421875,86.07090759277344,85.96551513671875,False,False,False,False,-0.012918161704025719,-0.012918161704025719,1.4705937999970047
0.1,0.4,100,0.75,0.5,0.07503488180013292,0.013487075293088503,0.007742460977230643,0.0066267282031604695,0.9251476526260376,0.8721811771392822,0.8672375082969666,0.8662773370742798,6933,5473,5661,5633,196006.890625,286605.125,320390.375,321209.96875,89.6377944946289,86.52322387695312,86.19091796875,86.03721618652344,True,True,False,False,-0.007742460977230643,-0.0066267282031604695,1.4375440000003437
0.1,0.4,100,0.85,0.1,0.07503488180013292,-0.05199131876926551,-0.006611629206031703,-0.005781946239951462,0.9251476526260376,0.8158321380615234,0.8548847436904907,0.8555987477302551,6933,5197,5374,5347,196006.890625,352689.6875,346069.09375,347242.65625,89.6377944946289,82.72509765625,85.35316467285156,85.28131866455078,False,False,False,False,-0.05199131876926551,-0.05199131876926551,1.4936276000007638
0.1,0.4,100,0.85,0.3,0.07503488180013292,-0.051826060938305704,-0.006611629206031703,-0.005781946239951462,0.9251476526260376,0.8159743547439575,0.8548847436904907,0.8555987477302551,6933,5197,5374,5347,196006.890625,352663.9375,346069.09375,347242.65625,89.6377944946289,82.72577667236328,85.35316467285156,85.28131866455078,False,False,False,False,-0.051826060938305704,-0.051826060938305704,1.4795601000005263
0.1,0.4,100,0.85,0.5,0.07503488180013292,-0.015091724676020888,-0.005911880729004515,-0.005873786928909004,0.9251476526260376,0.847586989402771,0.8554869294166565,0.855519711971283,6933,5171,5344,5338,196006.890625,343704.1875,349846.28125,350038.6875,89.6377944946289,84.49059295654297,85.3879623413086,85.3061294555664,False,False,False,False,-0.015091724676020888,-0.015091724676020888,1.4649053000030108
0.1,0.4,200,0.55,0.1,0.00581560730694495,0.03413183710121419,-0.025094602489464466,-0.02800940154986357,0.8655793070793152,0.8899475336074829,0.8389787673950195,0.836470365524292,6933,6143,6173,6155,374628.96875,149266.40625,337643.53125,339804.8125,85.63052368164062,87.31051635742188,84.03339385986328,83.91876220703125,True,True,True,True,0.00581560730694495,0.00581560730694495,1.3824702999991132
0.1,0.4,200,0.55,0.3,0.00581560730694495,0.05438063117271071,-0.006861108965929944,-0.008775010744183163,0.8655793070793152,0.9073731303215027,0.8546700477600098,0.8530229926109314,6933,6134,6161,6143,374628.96875,155218.671875,341359.375,342392.90625,85.63052368164062,88.95297241210938,85.28473663330078,85.20507049560547,True,True,True,True,0.00581560730694495,0.00581560730694495,1.3988783999957377
0.1,0.4,200,0.55,0.5,0.00581560730694495,0.0753153214302906,0.014509720672016191,0.011777148498983068,0.8655793070793152,0.9253889918327332,0.8730612397193909,0.8707096576690674,6933,6121,6156,6130,374628.96875,140723.5,325251.8125,330055.28125,85.63052368164062,90.63525390625,86.9015121459961,86.82460021972656,False,False,False,False,-0.014509720672016191,-0.011777148498983068,1.4139194999952451
0.1,0.4,200,0.65,0.1,0.00581560730694495,0.010019846869849762,-0.045669410228323847,-0.04638792855957991,0.8655793070793152,0.8691973686218262,0.821272611618042,0.8206542730331421,6933,5978,6001,5997,374628.96875,190957.546875,380724.59375,380239.75,85.63052368164062,85.6934814453125,82.91140747070312,82.89006805419922,True,True,True,True,0.00581560730694495,0.00581560730694495,1.4171512000029907
0.1,0.4,200,0.65,0.3,0.00581560730694495,0.025582272392141735,-0.02705345495183039,-0.0273926975570446,0.8655793070793152,0.8825899958610535,0.8372930288314819,0.8370010852813721,6933,5894,5991,5985,374628.96875,226858.78125,381952.75,381537.8125,85.63052368164062,86.96346282958984,83.96953582763672,83.96153259277344,True,True,True,True,0.00581560730694495,0.00581560730694495,1.4116015000035986
0.1,0.4,200,0.65,0.5,0.00581560730694495,0.05041416618385661,-0.013304640621358362,-0.013643883226572572,0.8655793070793152,0.9039596915245056,0.8491249084472656,0.8488329648971558,6933,5859,5866,5859,374628.96875,212516.734375,401874.5625,401980.09375,85.63052368164062,89.00009155273438,85.18934631347656,85.19234466552734,True,True,True,True,0.00581560730694495,0.00581560730694495,1.3796884999974282
0.1,0.4,200,0.75,0.1,0.00581560730694495,-0.06266021473128806,-0.08245167541727429,-0.08750741530449586,0.8655793070793152,0.8066507577896118,0.789618730545044,0.7852678894996643,6933,5491,5644,5580,374628.96875,307831.28125,460083.5625,472810.0,85.63052368164062,81.09130859375,80.8589096069336,80.53790283203125,True,True,False,False,-0.06266021473128806,-0.06266021473128806,1.3677367999989656
0.1,0.4,200,0.75,0.3,0.00581560730694495,-0.026000888624464046,-0.07054950999252323,-0.07626732012540478,0.8655793070793152,0.8381988406181335,0.7998614311218262,0.7949408292770386,6933,5470,5628,5577,374628.96875,310923.53125,458788.65625,467369.96875,85.63052368164062,83.294921875,81.18467712402344,80.81328582763672,True,True,False,False,-0.026000888624464046,-0.026000888624464046,1.3796146999957273
0.1,0.4,200,0.75,0.5,0.00581560730694495,0.007387703806159352,-0.049588500382150076,-0.051693563775428046,0.8655793070793152,0.866932213306427,0.8178999423980713,0.8160883784294128,6933,5405,5482,5456,374628.96875,301495.84375,475536.65625,477783.125,85.63052368164062,85.98568725585938,82.73529052734375,82.60215759277344,True,True,True,True,0.00581560730694495,0.00581560730694495,1.6694472000017413
0.1,0.4,200,0.85,0.1,0.00581560730694495,-0.10772608064318957,-0.11418457277283732,-0.11395621775662841,0.8655793070793152,0.7678682208061218,0.7623102068901062,0.7625067234039307,6933,5163,5237,5228,374628.96875,388303.4375,539876.9375,540062.125,85.63052368164062,78.44155883789062,79.1291732788086,79.04431915283203,True,True,False,False,-0.10772608064318957,-0.10772608064318957,1.696880900002725
0.1,0.4,200,0.85,0.3,0.00581560730694495,-0.0634648943122147,-0.11446238046771567,-0.11479109533181259,0.8655793070793152,0.8059582710266113,0.7620711326599121,0.7617882490158081,6933,5164,5235,5226,374628.96875,376248.0625,541011.375,541305.75,85.63052368164062,80.6294174194336,79.11273956298828,79.00349426269531,True,True,False,False,-0.0634648943122147,-0.0634648943122147,1.6532746000011684
0.1,0.4,200,0.85,0.5,0.00581560730694495,-0.016052311791520252,-0.07837584659141872,-0.07914741919698962,0.8655793070793152,0.8467603325843811,0.7931262850761414,0.7924622893333435,6933,5153,5181,5171,374628.96875,354230.4375,532508.625,533885.625,85.63052368164062,84.20466613769531,80.7501220703125,80.68973541259766,True,True,False,False,-0.016052311791520252,-0.016052311791520252,1.6376189000002341
0.1,0.4,300,0.55,0.1,-0.062339257150119703,0.0341634203245661,-0.06069492095363326,-0.06443649399901441,0.806926965713501,0.8899747133255005,0.8083420395851135,0.8051221370697021,6933,6143,6163,6144,535647.625,148776.5,430617.34375,432558.25,81.75791931152344,87.25115966796875,81.70185852050781,81.5875015258789,False,True,False,False,-0.062339257150119703,-0.062339257150119703,1.3637216999995871
0.1,0.4,300,0.55,0.3,-0.062339257150119703,0.05318760261517401,-0.0415194023844641,-0.044979427616412056,0.806926965713501,0.9063464403152466,0.8248440027236938,0.8218663930892944,6933,6123,6150,6125,535647.625,159574.21875,437330.125,441577.5,81.75791931152344,88.85258483886719,83.1940689086914,83.07965087890625,False,False,False,False,-0.062339257150119703,-0.062339257150119703,1.3657860000021174
0.1,0.4,300,0.55,0.5,-0.062339257150119703,0.0753153214302906,-0.019516977540934385,-0.022762084478888934,0.806926965713501,0.9253889918327332,0.8437787294387817,0.8409860730171204,6933,6121,6152,6127,535647.625,140723.5,416108.65625,420674.15625,81.75791931152344,90.63525390625,84.90032196044922,84.85198974609375,False,False,False,False,-0.062339257150119703,-0.062339257150119703,1.3568610000002082
0.1,0.4,300,0.65,0.1,-0.062339257150119703,0.009107050158106585,-0.08449973663331843,-0.08621825184780904,0.806926965713501,0.8684118390083313,0.7878562211990356,0.7863773107528687,6933,5973,6000,5996,535647.625,191917.90625,468200.84375,468268.5625,81.75791931152344,85.52092742919922,80.21925354003906,80.22020721435547,True,True,False,False,-0.062339257150119703,-0.062339257150119703,1.3503235000025597
0.1,0.4,300,0.65,0.3,-0.062339257150119703,0.021441891890487945,-0.06895656579543837,-0.07431601716160326,0.806926965713501,0.8790268898010254,0.8012322783470154,0.7966200709342957,6933,5863,5925,5882,535647.625,240230.15625,503312.59375,514606.9375,81.75791931152344,86.6430435180664,81.3794937133789,81.07876586914062,True,True,False,False,-0.062339257150119703,-0.062339257150119703,1.4225390999999945
0.1,0.4,300,0.65,0.5,-0.062339257150119703,0.05041416618385661,-0.046935648143498654,-0.048105404852249734,0.806926965713501,0.9039596915245056,0.8201829195022583,0.8191762566566467,6933,5859,5866,5859,535647.625,212516.734375,490206.53125,490835.875,81.75791931152344,89.00009155273438,83.19268798828125,83.22901916503906,False,False,False,False,-0.062339257150119703,-0.062339257150119703,1.4580576999942423
0.1,0.4,300,0.75,0.3,-0.062339257150119703,-0.03232065006030941,-0.11409951970644225,-0.11875382020211185,0.806926965713501,0.832760214805603,0.7623834013938904,0.7583780288696289,6933,5420,5554,5512,535647.625,326726.21875,572333.625,576630.75,81.75791931152344,82.74666595458984,78.31714630126953,77.98836517333984,True,True,False,False,-0.062339257150119703,-0.062339257150119703,1.4447142999997595
0.1,0.4,300,0.75,0.1,-0.062339257150119703,-0.07016580153337934,-0.1457414767719591,-0.15176521475033497,0.806926965713501,0.8001916408538818,0.7351531386375427,0.7299692630767822,6933,5442,5564,5521,535647.625,317621.1875,577863.1875,585158.0,81.75791931152344,79.97643280029297,76.74163055419922,76.42198944091797,True,True,False,False,-0.07016580153337934,-0.07016580153337934,1.4704914999965695
0.1,0.4,300,0.75,0.5,-0.062339257150119703,0.0045188943516937365,-0.08744791971489214,-0.09304008956891324,0.806926965713501,0.8644633889198303,0.7853190898895264,0.7805066108703613,6933,5374,5441,5388,535647.625,309440.8125,575163.8125,582954.125,81.75791931152344,85.74512481689453,80.41862487792969,80.12859344482422,True,True,False,False,-0.062339257150119703,-0.062339257150119703,1.583837099999073
0.1,0.4,300,0.85,0.1,-0.05699580517999494,-0.11310222401994176,-0.23537604987378832,-0.23179197737643842,0.8115254044532776,0.7632416486740112,0.6580159068107605,0.6611002683639526,6933,5158,4531,4591,527585.6875,380409.28125,721084.375,715075.75,81.84929656982422,77.05220031738281,73.9238510131836,73.82123565673828,True,True,False,False,-0.11310222401994176,-0.11310222401994176,1.5373432999986107
0.1,0.4,300,0.85,0.5,-0.05699580517999494,-0.01592507849920124,-0.21050502336015714,-0.1987534323379654,0.8115254044532776,0.8468698263168335,0.6794192790985107,0.6895323991775513,6933,5152,3771,3977,527585.6875,354732.90625,792536.375,779285.125,81.84929656982422,84.1552963256836,76.74343872070312,76.92069244384766,True,True,False,False,-0.05699580517999494,-0.05699580517999494,1.4957225999969523
0.1,0.4,300,0.85,0.3,-0.05699580517999494,-0.06577060813981395,-0.22344874254097422,-0.218352969532925,0.8115254044532776,0.8039740324020386,0.6682802438735962,0.672665536403656,6933,5152,4369,4433,527585.6875,386746.40625,742494.125,734299.8125,81.84929656982422,80.29329681396484,74.5059814453125,74.49418640136719,True,True,False,False,-0.06577060813981395,-0.06577060813981395,1.5145523999963189
0.1,0.5,50,0.55,0.1,0.10805721965820164,0.05073872536067037,0.06524629892759026,0.06447188660237588,0.9535658359527588,0.9042389988899231,0.9167238473892212,0.9160574078559875,6933,6195,6316,6288,99714.0859375,132279.234375,150028.546875,150784.015625,91.62184143066406,88.80538940429688,89.6428451538086,89.5651626586914,False,False,False,False,-0.06524629892759026,-0.06447188660237588,1.5381071999945561
0.1,0.5,50,0.55,0.3,0.10805721965820164,0.05764069858488459,0.06422116013629268,0.06407896636975435,0.9535658359527588,0.9101786613464355,0.9158416390419006,0.9157192707061768,6933,6175,6303,6291,99714.0859375,142084.40625,151394.453125,152291.921875,91.62184143066406,89.18451690673828,89.60222625732422,89.54287719726562,False,False,False,False,-0.06422116013629268,-0.06407896636975435,1.5500988999992842
0.1,0.5,50,0.65,0.1,0.10805721965820164,0.037144918165859714,0.05947598861203161,0.05983753340566538,0.9535658359527588,0.8925405144691467,0.9117580652236938,0.9120692014694214,6933,6028,6179,6157,99714.0859375,171228.90625,171268.5,170570.40625,91.62184143066406,88.02655792236328,89.29682159423828,89.26063537597656,False,False,False,False,-0.05947598861203161,-0.05983753340566538,1.5693189999947208
0.1,0.5,50,0.55,0.5,0.10805721965820164,0.07257990953761399,0.0724969343148605,0.0717014665074115,0.9535658359527588,0.9230349659919739,0.922963559627533,0.9222790002822876,6933,6122,6291,6280,99714.0859375,148398.453125,163929.40625,165038.515625,91.62184143066406,90.43433380126953,90.12381744384766,90.06141662597656,True,True,False,False,-0.0724969343148605,-0.0717014665074115,1.601088900002651
0.1,0.5,50,0.65,0.3,0.10805721965820164,0.04126361983218642,0.059184674933483034,0.0596143729985604,0.9535658359527588,0.8960849642753601,0.9115073680877686,0.9118771553039551,6933,6028,6165,6163,99714.0859375,171582.953125,170109.171875,169520.71875,91.62184143066406,88.13434600830078,89.28836059570312,89.24820709228516,False,False,False,False,-0.059184674933483034,-0.0596143729985604,1.5008483999990858
0.1,0.5,50,0.65,0.5,0.10805721965820164,0.05167271607755759,0.06292486274976979,0.06366131979779811,0.9535658359527588,0.9050427675247192,0.9147260785102844,0.9153598546981812,6933,5903,6181,6187,99714.0859375,208465.703125,181025.9375,180384.046875,91.62184143066406,89.05422973632812,89.48143005371094,89.48250579833984,False,False,False,False,-0.06292486274976979,-0.06366131979779811,1.4121290000039153
0.1,0.5,50,0.75,0.1,0.10805721965820164,0.012284211608981688,0.05202013153442866,0.05273816503550169,0.9535658359527588,0.871146023273468,0.9053417444229126,0.9059596657752991,6933,5671,5980,5988,99714.0859375,237675.34375,197709.484375,196716.03125,91.62184143066406,86.60166931152344,88.75399017333984,88.69737243652344,False,False,False,False,-0.05202013153442866,-0.05273816503550169,1.4346573000002536
0.1,0.5,50,0.75,0.3,0.10805721965820164,0.012552045654380492,0.05202013153442866,0.05273816503550169,0.9535658359527588,0.8713765144348145,0.9053417444229126,0.9059596657752991,6933,5673,5980,5988,99714.0859375,237106.28125,197709.484375,196716.03125,91.62184143066406,86.60374450683594,88.75399017333984,88.69737243652344,False,False,False,False,-0.05202013153442866,-0.05273816503550169,1.4283871000006911
0.1,0.5,50,0.75,0.5,0.10805721965820164,0.022284111179872345,0.0520416718468463,0.05308661941419354,0.9535658359527588,0.8797516822814941,0.9053602814674377,0.9062595367431641,6933,5591,6001,6023,99714.0859375,259633.78125,198755.53125,198722.109375,91.62184143066406,87.08062744140625,88.76947784423828,88.735595703125,False,False,False,False,-0.0520416718468463,-0.05308661941419354,1.3248544999951264
0.1,0.5,50,0.85,0.1,0.10805721965820164,-0.004481008335962383,0.04862202604299959,0.047133666642540595,0.9535658359527588,0.8567183017730713,0.9024174213409424,0.901136577129364,6933,5328,5904,5818,99714.0859375,290464.59375,219482.703125,223318.6875,91.62184143066406,85.5855712890625,88.42462158203125,88.31824493408203,False,False,False,False,-0.04862202604299959,-0.047133666642540595,1.3552370999968844
0.1,0.5,50,0.85,0.5,0.10805721965820164,-0.002005465421391885,0.048411679005017645,0.04738252304934636,0.9535658359527588,0.8588486909866333,0.9022364020347595,0.901350736618042,6933,5309,5898,5899,99714.0859375,295175.3125,219611.46875,220942.15625,91.62184143066406,85.65213012695312,88.42401123046875,88.3347396850586,False,False,False,False,-0.048411679005017645,-0.04738252304934636,1.3210508999982267
0.1,0.5,50,0.85,0.3,0.10805721965820164,-0.004481008335962383,0.04862202604299959,0.047133666642540595,0.9535658359527588,0.8567183017730713,0.9024174213409424,0.901136577129364,6933,5328,5904,5818,99714.0859375,290464.59375,219482.703125,223318.6875,91.62184143066406,85.5855712890625,88.42462158203125,88.31824493408203,False,False,False,False,-0.04862202604299959,-0.047133666642540595,1.3490437000000384
0.1,0.5,100,0.55,0.1,0.07503488180013292,0.03722165985768849,0.020057563195017055,0.018911078335051595,0.9251476526260376,0.8926065564155579,0.8778355717658997,0.8768489360809326,6933,6169,6206,6195,196006.890625,142216.0,231533.71875,232566.6875,89.6377944946289,87.6407241821289,86.971923828125,86.89917755126953,True,True,False,False,-0.020057563195017055,-0.018911078335051595,1.5174914000017452
0.1,0.5,100,0.55,0.3,0.07503488180013292,0.05335299896904325,0.026516470893393117,0.024725715981630477,0.9251476526260376,0.9064887762069702,0.8833939433097839,0.8818528652191162,6933,6146,6184,6163,196006.890625,154829.796875,241033.609375,244973.9375,89.6377944946289,88.90919494628906,87.35560607910156,87.21800994873047,True,True,False,False,-0.026516470893393117,-0.024725715981630477,1.6046512999964762
0.1,0.5,100,0.55,0.5,0.07503488180013292,0.07256266343538893,0.04426097854661071,0.042564003644537746,0.9251476526260376,0.9230201244354248,0.8986644148826599,0.8972040414810181,6933,6122,6153,6132,196006.890625,148426.953125,237714.1875,241382.9375,89.6377944946289,90.43323516845703,88.70606231689453,88.5977783203125,True,True,False,False,-0.04426097854661071,-0.042564003644537746,1.6053711999993538
0.1,0.5,100,0.65,0.1,0.07503488180013292,0.012364485635001138,0.007712332244427829,0.007134068358977964,0.9251476526260376,0.8712151050567627,0.8672115802764893,0.8667139410972595,6933,5987,6056,6048,196006.890625,190118.375,265326.21875,265756.53125,89.6377944946289,86.15387725830078,86.26419830322266,86.21720886230469,True,True,False,False,-0.007712332244427829,-0.007134068358977964,1.607113500002015
0.1,0.5,100,0.65,0.3,0.07503488180013292,0.03368336918190794,0.010268149185017778,0.010107531871524158,0.9251476526260376,0.8895615935325623,0.869411051273346,0.8692728281021118,6933,5980,6036,6026,196006.890625,195636.5625,271960.46875,272236.8125,89.6377944946289,87.54876708984375,86.33976745605469,86.27194213867188,True,True,False,False,-0.010268149185017778,-0.010107531871524158,1.6326219999973546
0.1,0.5,100,0.65,0.5,0.07503488180013292,0.04816420782730626,0.019463923266619547,0.018046833903066516,0.9251476526260376,0.902023434638977,0.8773247003555298,0.8761051893234253,6933,5861,5898,5875,196006.890625,221801.078125,309921.34375,314017.5625,89.6377944946289,88.72311401367188,87.11302947998047,86.97664642333984,True,True,False,False,-0.019463923266619547,-0.018046833903066516,1.5087494999970659
0.1,0.5,100,0.75,0.3,0.07503488180013292,-0.016490944584256387,-0.015009165021995707,-0.014795909002915561,0.9251476526260376,0.8463828563690186,0.8476580381393433,0.8478415608406067,6933,5572,5740,5702,196006.890625,287652.71875,324034.25,328689.09375,89.6377944946289,84.14371490478516,85.00670623779297,84.88670349121094,False,False,False,False,-0.016490944584256387,-0.016490944584256387,1.49732640000002
0.1,0.5,100,0.75,0.1,0.07503488180013292,-0.037388025871923795,-0.014263911769218063,-0.015423902612853748,0.9251476526260376,0.8283993601799011,0.8482993841171265,0.8473011255264282,6933,5577,5740,5704,196006.890625,287702.0,323032.96875,329021.71875,89.6377944946289,83.2156982421875,85.02198028564453,84.87922668457031,False,False,False,False,-0.037388025871923795,-0.037388025871923795,1.556797799996275
0.1,0.5,100,0.75,0.5,0.07503488180013292,0.011847587398432405,-0.007660940245026248,-0.00907941483767366,0.9251476526260376,0.870770275592804,0.8539817333221436,0.8527610301971436,6933,5474,5614,5579,196006.890625,294982.84375,358826.375,359956.53125,89.6377944946289,86.11920928955078,85.35274505615234,85.15646362304688,True,True,True,True,0.007660940245026248,0.00907941483767366,1.3703986999971676
0.1,0.5,100,0.85,0.1,0.07503488180013292,-0.0773683002096198,-0.03172036103225887,-0.032352579590934925,0.9251476526260376,0.793993353843689,0.8332768082618713,0.8327327370643616,6933,5196,5349,5333,196006.890625,374858.1875,385937.0,386776.28125,89.6377944946289,80.97713470458984,84.00872039794922,83.8777084350586,False,False,False,False,-0.0773683002096198,-0.0773683002096198,1.3744564999942668
0.1,0.5,100,0.85,0.3,0.07503488180013292,-0.06268833488190402,-0.03172036103225887,-0.032352579590934925,0.9251476526260376,0.806626558303833,0.8332768082618713,0.8327327370643616,6933,5196,5349,5333,196006.890625,365878.21875,385937.0,386776.28125,89.6377944946289,81.29349517822266,84.00872039794922,83.8777084350586,False,False,False,False,-0.06268833488190402,-0.06268833488190402,1.356779200003075
0.1,0.5,100,0.85,0.5,0.07503488180013292,-0.018296452185874196,-0.03076967830478434,-0.029831047070430935,0.9251476526260376,0.8448290824890137,0.8340949416160583,0.8349027037620544,6933,5166,5316,5318,196006.890625,356839.0625,393750.4375,393657.0625,89.6377944946289,83.92337799072266,84.02753448486328,83.94264221191406,True,True,False,False,-0.018296452185874196,-0.018296452185874196,1.352033900002425
0.1,0.5,200,0.55,0.1,0.00581560730694495,0.03354761673065848,-0.025655412488325115,-0.028950318412222707,0.8655793070793152,0.8894447684288025,0.8384961485862732,0.8356606364250183,6933,6145,6179,6160,374628.96875,149654.640625,335958.5625,338849.375,85.63052368164062,87.24061584472656,83.83739471435547,83.69416809082031,True,True,True,True,0.00581560730694495,0.00581560730694495,1.477582599996822
0.1,0.5,200,0.55,0.3,0.00581560730694495,0.05187717589188841,-0.009562790530158342,-0.01192744585572354,0.8655793070793152,0.9052187204360962,0.8523450493812561,0.8503100872039795,6933,6134,6161,6143,374628.96875,160548.65625,346894.96875,348886.875,85.63052368164062,88.79669189453125,85.1250991821289,85.03968811035156,True,True,True,True,0.00581560730694495,0.00581560730694495,1.4562319000033312
0.1,0.5,200,0.55,0.5,0.00581560730694495,0.07256266343538893,0.011080447525963521,0.008750007359029564,0.8655793070793152,0.9230201244354248,0.8701100945472717,0.8681045770645142,6933,6122,6151,6129,374628.96875,148426.953125,333862.25,337437.71875,85.63052368164062,90.43323516845703,86.70716857910156,86.62885284423828,False,False,False,False,-0.011080447525963521,-0.008750007359029564,1.481327200002852
0.1,0.5,200,0.65,0.1,0.00581560730694495,0.00908654876750973,-0.05077557245458093,-0.05144346066243733,0.8655793070793152,0.8683941960334778,0.8168783783912659,0.8163036108016968,6933,5978,6003,5999,374628.96875,192089.6875,381037.71875,380600.15625,85.63052368164062,85.55122375488281,82.35350036621094,82.33240509033203,True,True,True,True,0.00581560730694495,0.00581560730694495,1.47321589999774
0.1,0.5,200,0.65,0.3,0.00581560730694495,0.02185226600969868,-0.030804239770689176,-0.031715651253337966,0.8655793070793152,0.8793800473213196,0.8340651988983154,0.8332808613777161,6933,5892,5987,5981,374628.96875,235598.796875,390147.15625,392063.53125,85.63052368164062,86.73090362548828,83.73116302490234,83.71646881103516,True,True,True,True,0.00581560730694495,0.00581560730694495,1.6414564000006067
0.1,0.5,200,0.65,0.5,0.00581560730694495,0.04806183939723141,-0.016704062080427094,-0.016794586801744973,0.8655793070793152,0.901935338973999,0.8461994528770447,0.8461215496063232,6933,5859,5866,5859,374628.96875,222160.84375,412804.09375,412601.6875,85.63052368164062,88.70089721679688,84.89962005615234,84.896484375,True,True,True,True,0.00581560730694495,0.00581560730694495,1.5963875000015832
0.1,0.5,200,0.75,0.1,0.00581560730694495,-0.06522281929444049,-0.09728041434972672,-0.1041409692240189,0.8655793070793152,0.8044454455375671,0.7768574953079224,0.7709534764289856,6933,5484,5638,5571,374628.96875,308017.65625,468447.625,484039.4375,85.63052368164062,80.46807861328125,79.70532989501953,79.28907775878906,True,True,False,False,-0.06522281929444049,-0.06522281929444049,1.6380382999996073
0.1,0.5,200,0.75,0.3,0.00581560730694495,-0.03006979130484771,-0.07633859016231076,-0.08235429381193922,0.8655793070793152,0.8346972465515137,0.7948794960975647,0.7897025346755981,6933,5464,5618,5568,374628.96875,320583.65625,472787.75,480927.8125,85.63052368164062,82.92111206054688,80.68268585205078,80.26689147949219,True,True,False,False,-0.03006979130484771,-0.03006979130484771,1.6275724999941303
0.1,0.5,200,0.75,0.5,0.00581560730694495,0.005556846512114348,-0.05327369460338986,-0.055548725606548534,0.8655793070793152,0.8653566241264343,0.8147285580635071,0.8127707242965698,6933,5405,5482,5441,374628.96875,310057.6875,486830.09375,489689.34375,85.63052368164062,85.54524993896484,82.33283996582031,82.07099151611328,True,True,True,True,0.005556846512114348,0.005556846512114348,1.4530182999951649
0.1,0.5,200,0.85,0.1,0.00581560730694495,-0.11280197561373441,-0.13977397909481512,-0.13989802636021706,0.8655793070793152,0.7635000348091125,0.7402886152267456,0.7401818633079529,6933,5167,5235,5225,374628.96875,381210.21875,562320.25,562617.625,85.63052368164062,77.35950469970703,77.4265365600586,77.31390380859375,True,True,False,False,-0.11280197561373441,-0.11280197561373441,1.4469475999940187
0.1,0.5,200,0.85,0.3,0.00581560730694495,-0.06763484945503356,-0.12390895027685535,-0.12431821621279059,0.8655793070793152,0.8023697137832642,0.7539416551589966,0.7535894513130188,6933,5161,5234,5223,374628.96875,386696.8125,553761.25,554056.75,85.63052368164062,80.15882873535156,77.79437255859375,77.6639175415039,True,True,False,False,-0.06763484945503356,-0.06763484945503356,1.4533355999956257
0.1,0.5,200,0.85,0.5,0.00581560730694495,-0.01788510840629739,-0.08321985421156396,-0.08243643789723609,0.8655793070793152,0.8451830744743347,0.7889576554298401,0.7896318435668945,6933,5152,5172,5165,374628.96875,363296.9375,548374.0,547186.4375,85.63052368164062,83.69042205810547,80.17694854736328,80.12486267089844,True,True,False,False,-0.01788510840629739,-0.01788510840629739,1.4517776000066078
0.1,0.5,300,0.55,0.1,-0.062339257150119703,0.033290379687831696,-0.06150022388765238,-0.0656153239583337,0.806926965713501,0.8892233967781067,0.8076490163803101,0.804107666015625,6933,6143,6164,6144,535647.625,150064.53125,432069.53125,434584.3125,81.75791931152344,87.17716217041016,81.58405303955078,81.45457458496094,False,True,False,False,-0.062339257150119703,-0.062339257150119703,1.3454965999990236
0.1,0.5,300,0.55,0.3,-0.062339257150119703,0.050766360681103295,-0.04439333718657893,-0.048533509903868566,0.806926965713501,0.9042627811431885,0.8223707675933838,0.81880784034729,6933,6123,6150,6125,535647.625,165050.734375,443400.59375,448830.46875,81.75791931152344,88.69380187988281,83.03073120117188,82.90734100341797,False,False,False,False,-0.062339257150119703,-0.062339257150119703,1.3477629000044544
0.1,0.5,300,0.55,0.5,-0.062339257150119703,0.07256266343538893,-0.02251620631463609,-0.025280430972475842,0.806926965713501,0.9230201244354248,0.841197669506073,0.8388188481330872,6933,6122,6151,6127,535647.625,148426.953125,424091.625,427819.40625,81.75791931152344,90.43323516845703,84.7076416015625,84.6501693725586,False,False,False,False,-0.062339257150119703,-0.062339257150119703,1.3376700000007986
0.1,0.5,300,0.65,0.1,-0.062339257150119703,0.00820831352167139,-0.08576431227357997,-0.08747659395714585,0.806926965713501,0.8676384091377258,0.7867679595947266,0.7852944135665894,6933,5973,6000,5996,535647.625,193330.4375,469844.625,469792.875,81.75791931152344,85.41776275634766,80.00879669189453,80.0108871459961,True,True,False,False,-0.062339257150119703,-0.062339257150119703,1.3550673999998253
0.1,0.5,300,0.65,0.3,-0.062339257150119703,0.018428187472749945,-0.07409417272213793,-0.07868253631291494,0.806926965713501,0.8764333724975586,0.7968109846115112,0.7928623557090759,6933,5862,5912,5880,535647.625,247814.5625,519477.125,524182.15625,81.75791931152344,86.4137191772461,81.04322052001953,80.823974609375,True,True,False,False,-0.062339257150119703,-0.062339257150119703,1.4585323999999673
0.1,0.5,300,0.65,0.5,-0.062339257150119703,0.04806183939723141,-0.04946840101966714,-0.050283192772982765,0.806926965713501,0.901935338973999,0.8180032968521118,0.8173021078109741,6933,5859,5866,5859,535647.625,222160.84375,499969.40625,500213.28125,81.75791931152344,88.70089721679688,82.90361785888672,82.93658447265625,False,False,False,False,-0.062339257150119703,-0.062339257150119703,1.46325010000146
0.1,0.5,300,0.75,0.1,-0.062339257150119703,-0.07172550023219902,-0.14977020780860567,-0.15831575535330442,0.806926965713501,0.7988494038581848,0.7316861152648926,0.7243320345878601,6933,5441,5573,5521,535647.625,318403.71875,573379.8125,583453.0625,81.75791931152344,79.67549896240234,75.95146942138672,75.47088623046875,True,True,False,False,-0.07172550023219902,-0.07172550023219902,1.4513353000002098
0.1,0.5,300,0.75,0.3,-0.062339257150119703,-0.036332689086368684,-0.12135728902354855,-0.12531869792620814,0.806926965713501,0.8293075561523438,0.7561375498771667,0.7527284622192383,6933,5420,5533,5500,535647.625,334678.96875,591606.75,593025.375,81.75791931152344,82.42521667480469,77.81526947021484,77.54904174804688,True,True,False,False,-0.062339257150119703,-0.062339257150119703,1.4435350999992806
0.1,0.5,300,0.75,0.5,-0.062339257150119703,0.002464668866179597,-0.09067695799535186,-0.09420749138820388,0.806926965713501,0.862695574760437,0.7825402617454529,0.7795019745826721,6933,5374,5441,5388,535647.625,318644.40625,586141.3125,590215.375,81.75791931152344,85.29228210449219,80.00798034667969,79.6902847290039,True,True,False,False,-0.062339257150119703,-0.062339257150119703,1.4653260999984923
0.1,0.5,300,0.85,0.1,-0.05699580517999494,-0.11490426854882362,-0.2668956912102712,-0.26366076570616037,0.8115254044532776,0.7616908550262451,0.6308909058570862,0.6336748003959656,6933,5158,4521,4567,527585.6875,380041.5625,740776.4375,736479.625,81.84929656982422,76.60016632080078,72.26792907714844,72.11406707763672,True,True,False,False,-0.11490426854882362,-0.11490426854882362,1.4478722999992897
0.1,0.5,300,0.85,0.5,-0.05699580517999494,-0.017831500040344797,-0.2535703414139518,-0.2400513365902378,0.8115254044532776,0.8452292084693909,0.6423583626747131,0.6539924740791321,6933,5152,3252,3455,527585.6875,362411.4375,875963.8125,856397.625,81.84929656982422,83.63550567626953,75.7077865600586,75.88269805908203,True,True,False,False,-0.05699580517999494,-0.05699580517999494,1.4182187999977032
0.1,0.5,300,0.85,0.3,-0.05699580517999494,-0.0703327216392524,-0.2694778275036544,-0.2569689317355639,0.8115254044532776,0.8000479936599731,0.6286687850952148,0.6394336223602295,6933,5152,3952,4109,527585.6875,395547.34375,831140.6875,813619.5625,81.84929656982422,79.9074935913086,73.10176086425781,73.11811828613281,True,True,False,False,-0.0703327216392524,-0.0703327216392524,1.4445519000000786
0.2,0.1,50,0.55,0.3,0.07335709232101714,0.11379199884748939,0.0943706713755221,0.09351203712136927,0.9237037897109985,0.9585010409355164,0.9417875409126282,0.9410486221313477,6933,6531,6733,6735,199418.78125,47580.51953125,124153.3671875,124188.3828125,89.58356475830078,92.15879821777344,90.87981414794922,90.89043426513672,False,False,False,False,-0.0943706713755221,-0.09351203712136927,1.3202013999980409
0.2,0.1,50,0.55,0.1,0.07335709232101714,0.11395919599918133,0.09427966182402119,0.09355587962220648,0.9237037897109985,0.9586449265480042,0.9417092204093933,0.9410863518714905,6933,6519,6729,6733,199418.78125,47476.859375,124065.5234375,124245.734375,89.58356475830078,92.16139221191406,90.88069152832031,90.89192199707031,False,False,False,False,-0.09427966182402119,-0.09355587962220648,1.3429362000024412
0.2,0.1,50,0.55,0.5,0.07335709232101714,0.11568027388749653,0.09523193756495425,0.09454486393414067,0.9237037897109985,0.9601260423660278,0.9425287246704102,0.9419374465942383,6933,6567,6751,6751,199418.78125,48757.796875,124909.1875,125327.875,89.58356475830078,92.33335876464844,90.96105194091797,90.9582290649414,False,False,False,False,-0.09523193756495425,-0.09454486393414067,1.2968905000016093
0.2,0.1,50,0.65,0.1,0.07335709232101714,0.11136022917230137,0.09244845822270259,0.09198108192625802,0.9237037897109985,0.9564083218574524,0.9401333332061768,0.9397311210632324,6933,6428,6681,6691,199418.78125,55042.8984375,128332.015625,128182.359375,89.58356475830078,92.05081176757812,90.79647827148438,90.81927490234375,False,False,False,False,-0.09244845822270259,-0.09198108192625802,1.3255644000018947
0.2,0.1,50,0.65,0.3,0.07335709232101714,0.11139860001821576,0.09274323497398713,0.09199424160265465,0.9237037897109985,0.956441342830658,0.9403870105743408,0.9397424459457397,6933,6415,6694,6675,199418.78125,55354.01953125,128311.1171875,128217.4296875,89.58356475830078,92.04888153076172,90.80152893066406,90.81938934326172,False,False,False,False,-0.09274323497398713,-0.09199424160265465,1.334712199997739
0.2,0.1,50,0.65,0.5,0.07335709232101714,0.11205208184349058,0.09288085748451401,0.09231734628891931,0.9237037897109985,0.9570037126541138,0.9405054450035095,0.9400205016136169,6933,6429,6709,6687,199418.78125,57582.8671875,129114.1640625,129132.34375,89.58356475830078,92.0818099975586,90.81615447998047,90.835693359375,False,False,False,False,-0.09288085748451401,-0.09231734628891931,1.3514592999999877
0.2,0.1,50,0.75,0.1,0.07335709232101714,0.1090329750322845,0.0907818198377966,0.0902748259892527,0.9237037897109985,0.9544055461883545,0.9386990666389465,0.9382627606391907,6933,6303,6646,6641,199418.78125,64198.71875,132509.734375,132331.4375,89.58356475830078,91.85375213623047,90.69454193115234,90.70855712890625,False,False,False,False,-0.0907818198377966,-0.0902748259892527,1.3120976999998675
0.2,0.1,50,0.75,0.3,0.07335709232101714,0.10906649757636855,0.0907818198377966,0.0902748259892527,0.9237037897109985,0.9544343948364258,0.9386990666389465,0.9382627606391907,6933,6296,6646,6641,199418.78125,63665.8515625,132509.734375,132331.4375,89.58356475830078,91.85638427734375,90.69454193115234,90.70855712890625,False,False,False,False,-0.0907818198377966,-0.0902748259892527,1.3691793999969377
0.2,0.1,50,0.75,0.5,0.07335709232101714,0.10899176446672662,0.09094042856910337,0.09037019901240091,0.9237037897109985,0.9543700814247131,0.9388355612754822,0.9383448362350464,6933,6300,6670,6660,199418.78125,64861.90625,132922.5625,132867.703125,89.58356475830078,91.86092376708984,90.70819854736328,90.7203369140625,False,False,False,False,-0.09094042856910337,-0.09037019901240091,1.3362158999952953
0.2,0.1,50,0.85,0.1,0.07335709232101714,0.10774090259449946,0.08942367197220953,0.08908567607318027,0.9237037897109985,0.9532936215400696,0.9375302791595459,0.937239408493042,6933,6685,6891,6918,199418.78125,70595.6171875,135888.734375,135724.296875,89.58356475830078,91.76070404052734,90.62300109863281,90.64412689208984,False,False,False,False,-0.08942367197220953,-0.08908567607318027,1.3169819999966421
0.2,0.1,50,0.85,0.3,0.07335709232101714,0.10792998636588264,0.08942367197220953,0.08908567607318027,0.9237037897109985,0.9534563422203064,0.9375302791595459,0.937239408493042,6933,6665,6891,6918,199418.78125,70428.4296875,135888.734375,135724.296875,89.58356475830078,91.76375579833984,90.62300109863281,90.64412689208984,False,False,False,False,-0.08942367197220953,-0.08908567607318027,1.3149221999992733
0.2,0.1,50,0.85,0.5,0.07335709232101714,0.10809302783029143,0.08963277230400653,0.08908532976590668,0.9237037897109985,0.9535966515541077,0.9377102255821228,0.9372391104698181,6933,6684,6873,6890,199418.78125,71027.5390625,136124.3125,136056.9375,89.58356475830078,91.78279876708984,90.63497924804688,90.6493148803711,False,False,False,False,-0.08963277230400653,-0.08908532976590668,1.3428178999965894
0.2,0.1,100,0.55,0.1,0.008184418319793297,0.09061850132756893,0.04774766943862552,0.04634574833365598,0.8676178455352783,0.9385585188865662,0.9016649723052979,0.9004585146903992,6933,6222,6521,6521,386340.21875,87394.0703125,246839.78125,246422.125,85.6236572265625,91.0611801147461,88.18107604980469,88.2119369506836,False,False,False,False,-0.04774766943862552,-0.04634574833365598,1.521112299997185
0.2,0.1,100,0.55,0.3,0.008184418319793297,0.0908550291954347,0.047798715130753504,0.046388621174127107,0.8676178455352783,0.9387620687484741,0.9017089009284973,0.9004954099655151,6933,6229,6521,6510,386340.21875,87818.859375,247100.484375,247459.859375,85.6236572265625,91.0604019165039,88.1765365600586,88.20237731933594,False,False,False,False,-0.047798715130753504,-0.046388621174127107,1.5141474999982165
0.2,0.1,100,0.55,0.5,0.008184418319793297,0.09498876059743545,0.04990592562912777,0.048432595964342816,0.8676178455352783,0.9423194527626038,0.9035223126411438,0.9022544026374817,6933,6259,6563,6558,386340.21875,88033.3125,247203.390625,247720.84375,85.6236572265625,91.5534896850586,88.38603210449219,88.40371704101562,False,False,False,False,-0.04990592562912777,-0.048432595964342816,1.5128190000032191
0.2,0.1,100,0.65,0.1,0.008184418319793297,0.08819074881675462,0.04540510851711572,0.04421810570613958,0.8676178455352783,0.9364692568778992,0.8996490240097046,0.898627519607544,6933,6081,6425,6414,386340.21875,99702.671875,254230.015625,253851.0625,85.6236572265625,90.86231231689453,88.05809783935547,88.0992660522461,False,False,False,False,-0.04540510851711572,-0.04421810570613958,1.5508819999959087
0.2,0.1,100,0.65,0.3,0.008184418319793297,0.08777566491862299,0.04499341843026532,0.04406586902866697,0.8676178455352783,0.9361120462417603,0.8992947340011597,0.8984965085983276,6933,6089,6364,6396,386340.21875,99878.203125,254606.90625,254228.46875,85.6236572265625,90.84709930419922,88.05011749267578,88.09398651123047,False,False,False,False,-0.04499341843026532,-0.04406586902866697,1.6476837000009255
0.2,0.1,100,0.65,0.5,0.008184418319793297,0.09020771163962989,0.04616767713357314,0.044825251618207315,0.8676178455352783,0.9382050037384033,0.9003052711486816,0.899150013923645,6933,6117,6416,6419,386340.21875,109775.5078125,257119.578125,257056.4375,85.6236572265625,90.95088195800781,88.09756469726562,88.13485717773438,False,False,False,False,-0.04616767713357314,-0.044825251618207315,1.6346613999994588
0.2,0.1,100,0.75,0.1,0.008184418319793297,0.08221480124213493,0.043023276350780175,0.04176929771309066,0.8676178455352783,0.9313265085220337,0.8975992798805237,0.8965201377868652,6933,5883,6331,6379,386340.21875,116839.5390625,262829.28125,262624.28125,85.6236572265625,90.43064880371094,87.87507629394531,87.90087890625,False,False,False,False,-0.043023276350780175,-0.04176929771309066,1.686386899993522
0.2,0.1,100,0.75,0.3,0.008184418319793297,0.08246081792929721,0.04298885340778478,0.04193157730149754,0.8676178455352783,0.9315382242202759,0.8975696563720703,0.896659791469574,6933,5891,6275,6339,386340.21875,117165.5625,262996.0,262795.28125,85.6236572265625,90.4374771118164,87.8743667602539,87.90234375,False,False,False,False,-0.04298885340778478,-0.04193157730149754,1.6757018999996944
0.2,0.1,100,0.75,0.5,0.008184418319793297,0.0823723710516209,0.04296565082045388,0.04171347298058705,0.8676178455352783,0.9314621090888977,0.8975496888160706,0.8964720964431763,6933,5757,6292,6323,386340.21875,121462.6015625,264341.5625,264475.21875,85.6236572265625,90.44244384765625,87.8768310546875,87.90264129638672,False,False,False,False,-0.04296565082045388,-0.04171347298058705,1.511835000004794
0.2,0.1,100,0.85,0.1,0.008184418319793297,0.07982950600306343,0.03973411912762427,0.03849018340086902,0.8676178455352783,0.929273784160614,0.8947687149047852,0.8936982154846191,6933,6086,6810,6778,386340.21875,136846.890625,271009.8125,270162.65625,85.6236572265625,90.19963073730469,87.69448852539062,87.72601318359375,False,False,False,False,-0.03973411912762427,-0.03849018340086902,1.5035257999988971
0.2,0.1,100,0.85,0.3,0.008184418319793297,0.07964499348769172,0.03968619020095865,0.038773047181941876,0.8676178455352783,0.9291149973869324,0.8947274684906006,0.8939416408538818,6933,6001,6743,6799,386340.21875,135939.234375,270702.75,270148.78125,85.6236572265625,90.19989013671875,87.69254302978516,87.73038482666016,False,False,False,False,-0.03968619020095865,-0.038773047181941876,1.5451635999997961
0.2,0.1,100,0.85,0.5,0.008184418319793297,0.08012158155761392,0.040411634677686624,0.03881197211949402,0.8676178455352783,0.9295251369476318,0.895351767539978,0.8939751386642456,6933,6087,6773,6810,386340.21875,138758.625,271336.25,270670.5625,85.6236572265625,90.21269989013672,87.7169418334961,87.7447738647461,False,False,False,False,-0.040411634677686624,-0.03881197211949402,1.5242909000007785
0.2,0.1,200,0.55,0.3,-0.12844405180895335,0.06323501554400197,-0.04179104580987246,-0.04463907682792234,0.7500388622283936,0.9149929881095886,0.8246102333068848,0.8221592903137207,5799,6143,6240,6230,707550.625,130170.4609375,471860.84375,472328.90625,77.77412414550781,89.58977508544922,83.05779266357422,83.11805725097656,False,False,False,False,-0.12844405180895335,-0.12844405180895335,1.6767123000026913
0.2,0.1,200,0.55,0.1,-0.12844405180895335,0.06196870836737245,-0.04160403988213086,-0.044362585100683645,0.7500388622283936,0.9139032363891602,0.8247711658477783,0.8223972320556641,5799,6152,6244,6235,707550.625,127110.4453125,471218.03125,471592.40625,77.77412414550781,89.52237701416016,83.06777954101562,83.13105773925781,False,False,False,False,-0.12844405180895335,-0.12844405180895335,1.7212464999975055
0.2,0.1,200,0.55,0.5,-0.12844405180895335,0.08490671694124793,-0.036523573655574564,-0.03934556236665006,0.7500388622283936,0.933643102645874,0.8291432857513428,0.8267147541046143,5799,6125,6250,6244,707550.625,110194.5625,470958.09375,471966.5625,77.77412414550781,91.25761413574219,83.64740753173828,83.69503021240234,False,False,False,False,-0.12844405180895335,-0.12844405180895335,1.7356087999942247
0.2,0.1,200,0.65,0.1,-0.12844405180895335,0.05438499464435801,-0.04575467107908308,-0.04790593186265869,0.7500388622283936,0.9073768854141235,0.8211992383003235,0.8193479180335999,5799,5994,6088,6082,707550.625,151434.484375,483184.90625,483333.59375,77.77412414550781,89.05675506591797,82.8354721069336,82.91658782958984,False,False,False,False,-0.12844405180895335,-0.12844405180895335,1.7633912000019336
0.2,0.1,200,0.65,0.5,-0.12844405180895335,0.06304239943842813,-0.045327189380556715,-0.04746764537719615,0.7500388622283936,0.9148272275924683,0.8215671181678772,0.8197250962257385,5799,5859,6140,6137,707550.625,171571.53125,495364.46875,496084.0625,77.77412414550781,89.87177276611328,82.86927795410156,82.95390319824219,False,False,False,False,-0.12844405180895335,-0.12844405180895335,1.5242330000037327
0.2,0.1,200,0.65,0.3,-0.12844405180895335,0.05428158729246238,-0.0458931939885213,-0.04812175055556344,0.7500388622283936,0.9072878956794739,0.8210800290107727,0.8191621899604797,5799,5982,6081,6086,707550.625,154198.59375,484178.25,483925.6875,77.77412414550781,89.0404281616211,82.82495880126953,82.90386199951172,False,False,False,False,-0.12844405180895335,-0.12844405180895335,1.5659139000053983
0.2,0.1,200,0.75,0.1,-0.12844405180895335,0.03877090007684558,-0.053867126747423215,-0.05606839430130603,0.7500388622283936,0.8939397931098938,0.8142178654670715,0.8123235106468201,5799,5593,5770,5762,707550.625,197635.046875,501204.125,501634.84375,77.77412414550781,88.04019165039062,82.37007904052734,82.43318176269531,False,False,False,False,-0.12844405180895335,-0.12844405180895335,1.524065800003882
0.2,0.1,200,0.75,0.3,-0.12844405180895335,0.03863611728596219,-0.05371696791359218,-0.056005712684785235,0.7500388622283936,0.8938238024711609,0.8143470883369446,0.8123774528503418,5799,5583,5802,5751,707550.625,199093.640625,501362.09375,502203.59375,77.77412414550781,88.02662658691406,82.36860656738281,82.42559051513672,False,False,False,False,-0.12844405180895335,-0.12844405180895335,1.5034801000001607
0.2,0.1,200,0.75,0.5,-0.12844405180895335,0.040508669975748104,-0.05388790518383895,-0.056394061661395295,0.7500388622283936,0.8954352736473083,0.8141999840736389,0.8120432496070862,5799,5506,5856,5737,707550.625,210888.390625,506670.65625,508155.40625,77.77412414550781,88.17070007324219,82.34972381591797,82.3952407836914,False,False,False,False,-0.12844405180895335,-0.12844405180895335,1.3685060999996495
0.2,0.1,200,0.85,0.1,-0.10183670988696877,0.03024377607910212,-0.0669924494625138,-0.06823590035908601,0.7729364633560181,0.8866015672683716,0.8029225468635559,0.8018524646759033,6463,5213,6902,6904,658595.25,232737.59375,530854.875,530252.625,78.87126159667969,87.47735595703125,81.76885223388672,81.84298706054688,False,False,False,False,-0.10183670988696877,-0.10183670988696877,1.3770724999994854
0.2,0.1,200,0.85,0.3,-0.10183670988696877,0.03057546918575195,-0.06680225750785511,-0.0683717220717902,0.7729364633560181,0.8868870139122009,0.8030862212181091,0.8017355799674988,6463,5215,6907,6909,658595.25,232928.53125,531184.5,530586.4375,78.87126159667969,87.48016357421875,81.76606750488281,81.83515167236328,False,False,False,False,-0.10183670988696877,-0.10183670988696877,1.3747984000001452
0.2,0.1,200,0.85,0.5,-0.10183670988696877,0.030732692687964334,-0.06734672180340205,-0.06871976088175373,0.7729364633560181,0.8870223164558411,0.8026176691055298,0.8014360666275024,6463,5183,6929,6925,658595.25,237668.703125,532660.875,532299.375,78.87126159667969,87.49842071533203,81.76174926757812,81.8256607055664,False,False,False,False,-0.10183670988696877,-0.10183670988696877,1.3959751000002143
0.2,0.1,300,0.55,0.1,-0.25915454620068024,0.04536729176283908,-0.12658735999229812,-0.13049453717591267,0.6375527381896973,0.8996164798736572,0.7516366839408875,0.7482742667198181,121,6143,6196,5928,962536.9375,141727.890625,660568.8125,660789.8125,70.4115982055664,88.537841796875,78.24181365966797,78.34183502197266,False,False,False,False,-0.25915454620068024,-0.25915454620068024,1.512020100002701
0.2,0.1,300,0.55,0.3,-0.25915454620068024,0.05931246231743979,-0.12664006795933938,-0.13063797764863594,0.6375527381896973,0.9116173386573792,0.7515913248062134,0.7481508255004883,121,6124,6185,5876,962536.9375,141656.46875,663835.1875,664724.4375,70.4115982055664,89.36077117919922,78.23162078857422,78.32913970947266,False,False,False,False,-0.25915454620068024,-0.25915454620068024,1.605387299998256
0.2,0.1,300,0.55,0.5,-0.25915454620068024,0.08490671694124793,-0.11070931002085116,-0.11534317838737862,0.6375527381896973,0.933643102645874,0.7653009295463562,0.7613131403923035,121,6125,6157,5833,962536.9375,110194.5625,649607.1875,652283.5625,70.4115982055664,91.25761413574219,79.51639556884766,79.589599609375,False,False,False,False,-0.25915454620068024,-0.25915454620068024,1.6145125000039116
0.2,0.1,300,0.65,0.1,-0.25915454620068024,0.03300689255366637,-0.13387865185348846,-0.13694291713317142,0.6375527381896973,0.888979434967041,0.7453619837760925,0.7427249550819397,121,5975,6017,5724,962536.9375,175951.515625,679589.625,679395.875,70.4115982055664,87.80105590820312,77.8400650024414,77.97193908691406,False,False,False,False,-0.25915454620068024,-0.25915454620068024,1.6018561000018963
0.2,0.1,300,0.65,0.3,-0.25915454620068024,0.033692165386657265,-0.1341378282170474,-0.13744159960714902,0.6375527381896973,0.8895691633224487,0.745138943195343,0.7422958016395569,121,5896,6005,5715,962536.9375,199668.15625,681982.25,681913.9375,70.4115982055664,87.72322845458984,77.8136978149414,77.93778228759766,False,False,False,False,-0.25915454620068024,-0.25915454620068024,1.6226172000024235
0.2,0.1,300,0.65,0.5,-0.25915454620068024,0.06299994216668531,-0.13201337161644808,-0.1351108131329415,0.6375527381896973,0.914790689945221,0.7469671964645386,0.7443016171455383,121,5859,5730,5594,962536.9375,171690.96875,698415.0625,698184.5,70.4115982055664,89.86824035644531,78.16046142578125,78.29898834228516,False,False,False,False,-0.25915454620068024,-0.25915454620068024,1.555628500005696
0.2,0.1,300,0.75,0.1,-0.19781403922761012,0.0053267599595374585,-0.15744271471657,-0.16036610219735428,0.6903408169746399,0.8651586174964905,0.7250833511352539,0.7225675582885742,3173,5520,4116,4089,877930.375,249166.796875,725645.75,724375.625,71.67618560791016,86.11767578125,76.83968353271484,76.9312744140625,False,False,False,False,-0.19781403922761012,-0.19781403922761012,1.577518099998997
0.2,0.1,300,0.75,0.3,-0.19781403922761012,0.004382310762987648,-0.1578851568893157,-0.16062839532637554,0.6903408169746399,0.8643458485603333,0.7247025966644287,0.7223418354988098,3173,5504,3975,4047,877930.375,252360.59375,726968.25,726644.0,71.67618560791016,86.07823944091797,76.81442260742188,76.8976058959961,False,False,False,False,-0.19781403922761012,-0.19781403922761012,1.540458799994667
0.2,0.1,300,0.75,0.5,-0.19781403922761012,0.023758756812296954,-0.15775390643262296,-0.16000282586735254,0.6903408169746399,0.881020724773407,0.7248155474662781,0.7228801846504211,3173,5388,4032,3925,877930.375,250246.515625,737618.0,735588.5,71.67618560791016,87.23700714111328,76.7632064819336,76.86373138427734,False,False,False,False,-0.19781403922761012,-0.19781403922761012,1.5210783000002266
0.2,0.1,300,0.85,0.1,-0.08402217890303015,-0.009851195227608724,-0.0957876222161657,-0.09519218148994549,0.788267195224762,0.8520968556404114,0.7781421542167664,0.7786545753479004,6710,5165,6526,6470,667357.625,296257.59375,630647.375,626672.6875,77.12904357910156,85.22206115722656,77.56710052490234,77.69056701660156,True,True,False,False,-0.08402217890303015,-0.08402217890303015,1.500935300005949
0.2,0.1,300,0.85,0.3,-0.08402217890303015,-0.009432578995286411,-0.09591859562703953,-0.0928794029939649,0.788267195224762,0.8524571061134338,0.7780294418334961,0.7806448936462402,6710,5159,6589,6514,667357.625,297401.09375,630584.6875,623428.75,77.12904357910156,85.23419189453125,77.55828094482422,77.71961975097656,True,True,False,False,-0.08402217890303015,-0.08402217890303015,1.5164149999982328
0.2,0.1,300,0.85,0.5,-0.08402217890303015,0.0038007915891659846,-0.08827310068641565,-0.09039194710918272,0.788267195224762,0.8638454079627991,0.7846089601516724,0.7827855348587036,6710,5154,6741,6635,667357.625,290294.1875,622875.5,622810.375,77.12904357910156,85.92829132080078,77.74061584472656,77.8180160522461,True,True,False,False,-0.08402217890303015,-0.08402217890303015,1.5028107999969507
0.2,0.2,50,0.55,0.1,0.07335709232101714,0.09014939349475638,0.08246144128238969,0.08227353495573674,0.9237037897109985,0.9381548166275024,0.9315387606620789,0.9313770532608032,6933,6263,6607,6634,199418.78125,87988.9609375,145865.9375,145844.921875,89.58356475830078,91.02998352050781,90.27531433105469,90.28372192382812,False,False,False,False,-0.08246144128238969,-0.08227353495573674,1.5295017000025837
0.2,0.2,50,0.55,0.3,0.07335709232101714,0.09085634516307436,0.08214574757177998,0.08193754763889433,0.9237037897109985,0.9387632012367249,0.9312670826911926,0.9310879111289978,6933,6287,6623,6597,199418.78125,87593.140625,146441.078125,147361.640625,89.58356475830078,91.04798889160156,90.26787567138672,90.2667007446289,False,False,False,False,-0.08214574757177998,-0.08193754763889433,1.531232599998475
0.2,0.2,50,0.55,0.5,0.07335709232101714,0.09605933490302877,0.0847348100106351,0.0839259747424253,0.9237037897109985,0.943240761756897,0.9334951639175415,0.9327991008758545,6933,6305,6611,6607,199418.78125,89530.625,148478.578125,149083.53125,89.58356475830078,91.51834869384766,90.46131134033203,90.43570709228516,False,False,False,False,-0.0847348100106351,-0.0839259747424253,1.5022322000004351
0.2,0.2,50,0.65,0.1,0.07335709232101714,0.08776077370585837,0.07940694186782213,0.07896325298889151,0.9237037897109985,0.9360992312431335,0.9289101362228394,0.9285283088684082,6933,6144,6461,6469,199418.78125,102483.2890625,155082.6875,154952.03125,89.58356475830078,90.82902526855469,90.12290954589844,90.1257553100586,False,False,False,False,-0.07940694186782213,-0.07896325298889151,1.4734315000023344
0.2,0.2,50,0.65,0.3,0.07335709232101714,0.08790504531603828,0.0792463245543285,0.07846304676291008,0.9237037897109985,0.9362233877182007,0.9287719130516052,0.9280978441238403,6933,6129,6453,6447,199418.78125,103098.609375,155113.6875,154665.09375,89.58356475830078,90.83287811279297,90.11872863769531,90.12161254882812,False,False,False,False,-0.0792463245543285,-0.07846304676291008,1.3435653999986243
0.2,0.2,50,0.65,0.5,0.07335709232101714,0.08955485316744753,0.08027915136709991,0.08038373616372577,0.9237037897109985,0.9376431703567505,0.9296607375144958,0.9297507405281067,6933,6189,6503,6506,199418.78125,107018.84375,157295.75,157168.34375,89.58356475830078,90.97850036621094,90.16455841064453,90.18191528320312,False,False,False,False,-0.08027915136709991,-0.08038373616372577,1.3286902000036207
0.2,0.2,50,0.75,0.1,0.07335709232101714,0.08188387001148702,0.07714576315560728,0.07705142905427985,0.9237037897109985,0.9310417175292969,0.9269642233848572,0.9268830418586731,6933,5914,6384,6358,199418.78125,120982.7578125,163955.453125,163960.015625,89.58356475830078,90.4031982421875,89.94822692871094,89.95167541503906,False,False,False,False,-0.07714576315560728,-0.07705142905427985,1.384305999999924
0.2,0.2,50,0.75,0.3,0.07335709232101714,0.08206207973447929,0.07714576315560728,0.07705142905427985,0.9237037897109985,0.931195080280304,0.9269642233848572,0.9268830418586731,6933,5864,6384,6358,199418.78125,121556.640625,163955.453125,163960.015625,89.58356475830078,90.39716339111328,89.94822692871094,89.95167541503906,False,False,False,False,-0.07714576315560728,-0.07705142905427985,1.363453899997694
0.2,0.2,50,0.75,0.5,0.07335709232101714,0.0814185022972293,0.07723192440527786,0.07717616893422898,0.9237037897109985,0.930641233921051,0.9270383715629578,0.9269903898239136,6933,5907,6340,6357,199418.78125,121583.96875,165023.8125,164678.421875,89.58356475830078,90.39805603027344,89.95486450195312,89.95793151855469,False,False,False,False,-0.07723192440527786,-0.07717616893422898,1.3823229999979958
0.2,0.2,50,0.85,0.1,0.07335709232101714,0.07941130533946944,0.07537751821662836,0.07458627535791723,0.9237037897109985,0.9289138913154602,0.9254425168037415,0.9247615933418274,6933,5901,6552,6501,199418.78125,140842.484375,172886.109375,171210.53125,89.58356475830078,90.15489196777344,89.81414794921875,89.80264282226562,False,False,False,False,-0.07537751821662836,-0.07458627535791723,1.3766431999974884
0.2,0.2,50,0.85,0.3,0.07335709232101714,0.07977485871529005,0.07537751821662836,0.07458627535791723,0.9237037897109985,0.9292267560958862,0.9254425168037415,0.9247615933418274,6933,5932,6552,6501,199418.78125,141180.0,172886.109375,171210.53125,89.58356475830078,90.15836334228516,89.81414794921875,89.80264282226562,False,False,False,False,-0.07537751821662836,-0.07458627535791723,1.387342299996817
0.2,0.2,50,0.85,0.5,0.07335709232101714,0.07980429483354567,0.07535473119802577,0.0751736124939353,0.9237037897109985,0.9292520880699158,0.9254229068756104,0.9252670407295227,6933,5901,6535,6561,199418.78125,141525.765625,172443.65625,172248.875,89.58356475830078,90.1677474975586,89.82583618164062,89.82720947265625,False,False,False,False,-0.07535473119802577,-0.0751736124939353,1.3647806000008131
0.2,0.2,100,0.55,0.1,0.008184418319793297,0.061332611167232126,0.024914661230104215,0.023057900151994264,0.8676178455352783,0.913355827331543,0.8820154666900635,0.8804175853729248,6933,6159,6287,6253,386340.21875,129502.2109375,285810.78125,286683.53125,85.6236572265625,89.47875213623047,87.08222198486328,87.07567596435547,False,False,False,False,-0.024914661230104215,-0.023057900151994264,1.3318003000022145
0.2,0.2,100,0.55,0.3,0.008184418319793297,0.06243172119216971,0.025128402079367392,0.023307934003530255,0.8676178455352783,0.9143016934394836,0.8821994066238403,0.880632758140564,6933,6152,6290,6275,386340.21875,132571.15625,285579.125,286597.8125,85.6236572265625,89.52630615234375,87.09013366699219,87.0771713256836,False,False,False,False,-0.025128402079367392,-0.023307934003530255,1.2968959999998333
0.2,0.2,100,0.55,0.5,0.008184418319793297,0.08152073220439471,0.03123608494086284,0.03007166136412513,0.8676178455352783,0.9307292103767395,0.8874555230140686,0.8864534497261047,6933,6124,6319,6314,386340.21875,121722.1484375,286391.96875,287137.9375,85.6236572265625,91.0445556640625,87.63607025146484,87.62908172607422,False,False,False,False,-0.03123608494086284,-0.03007166136412513,1.3967854000002262
0.2,0.2,100,0.65,0.1,0.008184418319793297,0.05383575130843546,0.021932193728444536,0.021150716734848796,0.8676178455352783,0.9069042205810547,0.8794488310813904,0.8787763118743896,6933,5998,6135,6128,386340.21875,155923.046875,300545.375,300390.78125,85.6236572265625,89.01274108886719,86.87409210205078,86.8947982788086,False,False,False,False,-0.021932193728444536,-0.021150716734848796,1.3785948000004282
0.2,0.2,100,0.65,0.3,0.008184418319793297,0.053690163730615886,0.021534632978356835,0.0214906519546102,0.8676178455352783,0.9067789316177368,0.8791067004203796,0.8790688514709473,6933,5997,6121,6119,386340.21875,156119.390625,300974.6875,301236.40625,85.6236572265625,89.00537872314453,86.86392974853516,86.89374542236328,False,False,False,False,-0.021534632978356835,-0.0214906519546102,1.4180532000027597
0.2,0.2,100,0.65,0.5,0.008184418319793297,0.06025095502888376,0.024275724310320407,0.023269840203434745,0.8676178455352783,0.9124249815940857,0.8814656138420105,0.8805999755859375,6933,5863,6178,6200,386340.21875,182480.1875,310238.6875,310009.53125,85.6236572265625,89.63231658935547,86.99614715576172,87.00494384765625,False,False,False,False,-0.024275724310320407,-0.023269840203434745,1.4294738000025973
0.2,0.2,100,0.75,0.1,0.008184418319793297,0.03827394913923596,0.016279835670272535,0.01552204609419073,0.8676178455352783,0.8935121297836304,0.8745845556259155,0.873932421207428,6933,5635,5868,5886,386340.21875,200787.953125,318422.28125,318497.96875,85.6236572265625,88.0233383178711,86.46488189697266,86.46714782714844,False,False,False,False,-0.016279835670272535,-0.01552204609419073,1.3858295999962138
0.2,0.2,100,0.75,0.3,0.008184418319793297,0.03837936507331845,0.01640506038040469,0.01541289004155341,0.8676178455352783,0.8936028480529785,0.8746923208236694,0.873838484287262,6933,5632,5891,5882,386340.21875,201426.71875,318278.40625,318299.6875,85.6236572265625,88.02848815917969,86.46540832519531,86.46178436279297,False,False,False,False,-0.01640506038040469,-0.01541289004155341,1.3788563000052818
0.2,0.2,100,0.75,0.5,0.008184418319793297,0.04053298074635451,0.016654747924667087,0.016288216306293547,0.8676178455352783,0.8954561948776245,0.8749071955680847,0.8745917677879333,6933,5560,5886,5916,386340.21875,213629.421875,321716.46875,321450.8125,85.6236572265625,88.14974212646484,86.49344635009766,86.51496887207031,False,False,False,False,-0.016654747924667087,-0.016288216306293547,1.4257805999950506
0.2,0.2,100,0.85,0.1,0.008184418319793297,0.027522632046097655,0.011725340930853173,0.010943032799800804,0.8676178455352783,0.884259819984436,0.8706650733947754,0.8699918389320374,6933,5228,5919,6007,386340.21875,240957.4375,340065.5625,340238.59375,85.6236572265625,87.33708190917969,86.11666870117188,86.11117553710938,False,False,False,False,-0.011725340930853173,-0.010943032799800804,1.4444900000016787
0.2,0.2,100,0.85,0.3,0.008184418319793297,0.02772556810842465,0.01167173256490058,0.010829582536970899,0.8676178455352783,0.8844344615936279,0.8706189393997192,0.8698942065238953,6933,5237,5962,6041,386340.21875,240867.484375,340341.0625,340940.6875,85.6236572265625,87.34032440185547,86.1193618774414,86.11082458496094,False,False,False,False,-0.01167173256490058,-0.010829582536970899,1.4331329999986337
0.2,0.2,100,0.85,0.5,0.008184418319793297,0.028312628198623842,0.011812818148163411,0.011320646250929402,0.8676178455352783,0.8849396705627441,0.8707403540611267,0.8703168034553528,6933,5224,5918,6056,386340.21875,243461.09375,341784.25,342594.75,85.6236572265625,87.38573455810547,86.13087463378906,86.12826538085938,False,False,False,False,-0.011812818148163411,-0.011320646250929402,1.447790600002918
0.2,0.2,200,0.55,0.1,-0.12844405180895335,0.03799849633381805,-0.07101279986313937,-0.07437862951666933,0.7500388622283936,0.8932750821113586,0.7994627356529236,0.7965661883354187,5799,6143,6172,6152,707550.625,146794.53125,512473.625,514169.25,77.77412414550781,87.91651153564453,81.5115966796875,81.51911926269531,False,False,False,False,-0.12844405180895335,-0.12844405180895335,1.3843111000023782
0.2,0.2,200,0.55,0.3,-0.12844405180895335,0.05888511914182287,-0.06884020655151027,-0.07239657446697251,0.7500388622283936,0.911249577999115,0.801332414150238,0.798271894454956,5799,6139,6162,6144,707550.625,142483.015625,516066.90625,517442.25,77.77412414550781,89.30558776855469,81.61796569824219,81.61605072021484,False,False,False,False,-0.12844405180895335,-0.12844405180895335,1.356032600000617
0.2,0.2,200,0.55,0.5,-0.12844405180895335,0.0815050791156282,-0.04686160764840392,-0.05103966638142491,0.7500388622283936,0.9307157397270203,0.8202466368675232,0.8166511058807373,5799,6124,6154,6129,707550.625,121761.046875,494950.375,498941.59375,77.77412414550781,91.04435729980469,83.2669906616211,83.26126098632812,False,False,False,False,-0.12844405180895335,-0.12844405180895335,1.3536384999970323
0.2,0.2,200,0.65,0.1,-0.12844405180895335,0.021317152010538822,-0.0806751883651838,-0.08273169947870367,0.7500388622283936,0.8789195418357849,0.7911475300788879,0.789377748966217,5799,5983,6009,6008,707550.625,185282.59375,537834.875,536937.9375,77.77412414550781,86.9588623046875,80.99393463134766,81.0527114868164,False,False,False,False,-0.12844405180895335,-0.12844405180895335,1.3626785999949789
0.2,0.2,200,0.65,0.3,-0.12844405180895335,0.03994273462923824,-0.08036545113967992,-0.08264179811047825,0.7500388622283936,0.8949482440948486,0.7914140820503235,0.7894551157951355,5799,5975,6010,6004,707550.625,180462.875,538542.0,538140.375,77.77412414550781,88.05268096923828,81.00701141357422,81.0584716796875,False,False,False,False,-0.12844405180895335,-0.12844405180895335,1.330398600002809
0.2,0.2,200,0.65,0.5,-0.12844405180895335,0.058814749503828256,-0.0732297205057887,-0.07557650637603637,0.7500388622283936,0.9111890196800232,0.7975549101829529,0.7955353260040283,5799,5859,5865,5861,707550.625,186373.90625,560066.0,559660.5,77.77412414550781,89.57112884521484,81.69000244140625,81.76702117919922,False,False,False,False,-0.12844405180895335,-0.12844405180895335,1.3496644999977434
0.2,0.2,200,0.75,0.1,-0.12844405180895335,-0.01993164587033771,-0.09798598078895031,-0.10099296684558055,0.7500388622283936,0.8434218764305115,0.7762503027915955,0.7736625671386719,5799,5522,5645,5619,707550.625,279373.65625,581213.4375,582697.625,77.77412414550781,84.56839752197266,80.02755737304688,79.99454498291016,False,False,False,False,-0.12844405180895335,-0.12844405180895335,1.3499773000003188
0.2,0.2,200,0.75,0.3,-0.12844405180895335,-0.014171586250077486,-0.09792842452007872,-0.10131323181220173,0.7500388622283936,0.8483788371086121,0.7762998342514038,0.7733869552612305,5799,5514,5636,5608,707550.625,278442.75,582756.375,583693.1875,77.77412414550781,84.69573974609375,80.02153015136719,79.98015594482422,False,False,False,False,-0.12844405180895335,-0.12844405180895335,1.3410710000025574
0.2,0.2,200,0.75,0.5,-0.12844405180895335,0.021309256204700845,-0.09850190936515298,-0.10062608891993341,0.7500388622283936,0.8789127469062805,0.7758063077926636,0.7739782929420471,5799,5427,5494,5487,707550.625,261362.03125,600339.25,599519.625,77.77412414550781,87.0155258178711,80.04386901855469,80.03347778320312,False,False,False,False,-0.12844405180895335,-0.12844405180895335,1.3515152999971178
0.2,0.2,200,0.85,0.1,-0.10183670988696877,-0.043021406291502765,-0.13089722327364958,-0.13191370438310726,0.7729364633560181,0.8235514163970947,0.747927725315094,0.7470529675483704,6463,5168,5140,5071,658595.25,342947.4375,664511.3125,664960.625,78.87126159667969,83.24502563476562,78.48897552490234,78.48123931884766,True,True,False,False,-0.10183670988696877,-0.10183670988696877,1.3405865999957314
0.2,0.2,200,0.85,0.3,-0.10183670988696877,-0.04306400208615502,-0.1311034838858031,-0.1311966405424003,0.7729364633560181,0.8235147595405579,0.7477502226829529,0.74767005443573,6463,5168,5247,5160,658595.25,343004.71875,665568.875,663623.875,78.87126159667969,83.24590301513672,78.47084045410156,78.50511932373047,True,True,False,False,-0.10183670988696877,-0.10183670988696877,1.3701565000010305
0.2,0.2,200,0.85,0.5,-0.10183670988696877,-0.002730563590846268,-0.13008125407560372,-0.13054662178986143,0.7729364633560181,0.8582246899604797,0.7486299276351929,0.748229444026947,6463,5159,5266,5173,658595.25,311972.71875,668170.25,666165.375,78.87126159667969,85.36170959472656,78.48681640625,78.52095031738281,True,True,False,False,-0.10183670988696877,-0.10183670988696877,1.3577890000015032
0.2,0.2,300,0.55,0.1,-0.25915454620068024,0.036023921521230885,-0.15412917746135296,-0.15915700498232274,0.6375527381896973,0.891575813293457,0.7279348969459534,0.7236080765724182,121,6143,6162,5844,962536.9375,145769.578125,690493.3125,692234.75,70.4115982055664,87.54188537597656,76.60147094726562,76.63673400878906,False,False,False,False,-0.25915454620068024,-0.25915454620068024,1.6932570999997552
0.2,0.2,300,0.55,0.3,-0.25915454620068024,0.05685264175309053,-0.13798828026924698,-0.14393555360161295,0.6375527381896973,0.9095004796981812,0.7418253421783447,0.7367072701454163,121,6123,6152,5827,962536.9375,149036.625,687982.4375,693691.375,70.4115982055664,89.17022705078125,77.53247833251953,77.51664733886719,False,False,False,False,-0.25915454620068024,-0.25915454620068024,1.6797154000014416
0.2,0.2,300,0.55,0.5,-0.25915454620068024,0.0815050791156282,-0.1141547903473081,-0.11939324195207869,0.6375527381896973,0.9307157397270203,0.7623358368873596,0.7578277587890625,121,6124,6152,5828,962536.9375,121761.046875,660533.0625,664359.8125,70.4115982055664,91.04435729980469,79.310302734375,79.369873046875,False,False,False,False,-0.25915454620068024,-0.25915454620068024,1.8116006999989622
0.2,0.2,300,0.65,0.1,-0.25915454620068024,0.011306516914166703,-0.1697287963848291,-0.1730313903302005,0.6375527381896973,0.8703046441078186,0.7145102620124817,0.7116681337356567,121,5972,5959,5690,962536.9375,189888.921875,724160.3125,722879.0625,70.4115982055664,86.01325225830078,75.77381896972656,75.88223266601562,False,False,False,False,-0.25915454620068024,-0.25915454620068024,1.8064966000019922
0.2,0.2,300,0.65,0.5,-0.25915454620068024,0.058814749503828256,-0.1400689636304638,-0.1435682601072375,0.6375527381896973,0.9111890196800232,0.7400347590446472,0.7370233535766602,121,5859,5690,5558,962536.9375,186373.90625,721252.75,721524.8125,70.4115982055664,89.57112884521484,77.7370834350586,77.86505889892578,False,False,False,False,-0.25915454620068024,-0.25915454620068024,1.776942099997541
0.2,0.2,300,0.65,0.3,-0.25915454620068024,0.027356473816226506,-0.16427660393079535,-0.17083600999996884,0.6375527381896973,0.8841168284416199,0.7192022800445557,0.7135574221611023,121,5870,5812,5603,962536.9375,224023.609375,740686.375,747339.5,70.4115982055664,87.14586639404297,75.92538452148438,75.84493255615234,False,False,False,False,-0.25915454620068024,-0.25915454620068024,1.8095068999973591
0.2,0.2,300,0.75,0.3,-0.19781403922761012,-0.020223582901978766,-0.23852107400967373,-0.2409978636304292,0.6903408169746399,0.8431706428527832,0.6553093791007996,0.6531779170036316,3173,5462,3468,3190,877930.375,295566.75,856308.8125,856314.125,71.67618560791016,83.89033508300781,73.18580627441406,73.1862564086914,True,True,False,False,-0.19781403922761012,-0.19781403922761012,1.6784561000022222
0.2,0.2,300,0.75,0.1,-0.19781403922761012,-0.0510871104779075,-0.23857509794435466,-0.24092375387387974,0.6903408169746399,0.8166102766990662,0.6552628874778748,0.6532416939735413,3173,5467,3501,3257,877930.375,310003.71875,855196.875,853937.375,71.67618560791016,82.38793182373047,73.197509765625,73.20069122314453,True,True,False,False,-0.19781403922761012,-0.19781403922761012,1.7053537999963737
0.2,0.2,300,0.75,0.5,-0.19781403922761012,0.017155508242286264,-0.23083526890240333,-0.22993798675651725,0.6903408169746399,0.8753381371498108,0.6619235873222351,0.6626957654953003,3173,5377,2587,2668,877930.375,273307.09375,878511.625,874006.5,71.67618560791016,86.660888671875,73.7548599243164,73.90650939941406,True,True,False,False,-0.19781403922761012,-0.19781403922761012,1.5957827000020188
0.2,0.2,300,0.85,0.1,-0.08402217890303015,-0.08257212108703083,-0.16522278466371312,-0.164460631615984,0.788267195224762,0.7895150780677795,0.718388020992279,0.7190439105033875,6710,5159,4398,4351,667357.625,376836.0,786723.625,782158.5625,77.12904357910156,80.60000610351562,73.13092041015625,73.12474060058594,True,True,False,False,-0.08402217890303015,-0.08402217890303015,1.5859510000009323
0.2,0.2,300,0.85,0.3,-0.08402217890303015,-0.057166119097149234,-0.16641422020779129,-0.1633117226051034,0.788267195224762,0.8113788366317749,0.7173627018928528,0.7200326323509216,6710,5155,4318,4360,667357.625,361813.625,787794.4375,781453.4375,77.12904357910156,81.5095443725586,73.09947967529297,73.16651916503906,True,True,False,False,-0.08402217890303015,-0.08402217890303015,1.5759869000030449
0.2,0.2,300,0.85,0.5,-0.08402217890303015,-0.003405932035812328,-0.1608169942675757,-0.15889893680203934,0.788267195224762,0.8576434850692749,0.7221795320510864,0.7238301634788513,6710,5152,4357,4503,667357.625,316417.375,787424.8125,783542.125,77.12904357910156,85.22537994384766,73.32398986816406,73.31484985351562,True,True,False,False,-0.08402217890303015,-0.08402217890303015,1.5684974000032526
0.2,0.3,50,0.55,0.3,0.07335709232101714,0.07255982371574544,0.06965271267682016,0.06940551854492766,0.9237037897109985,0.923017680644989,0.9205158948898315,0.9203031659126282,6933,6201,6431,6445,199418.78125,113192.8125,168500.265625,167673.21875,89.58356475830078,90.11863708496094,89.66265106201172,89.65648651123047,True,True,False,False,-0.06965271267682016,-0.06940551854492766,1.7310753000056138
0.2,0.3,50,0.55,0.1,0.07335709232101714,0.07235356310359194,0.06974115955449647,0.06934837784478438,0.9237037897109985,0.9228401780128479,0.9205920100212097,0.9202539920806885,6933,6209,6443,6456,199418.78125,113053.359375,167640.171875,167429.765625,89.58356475830078,90.11111450195312,89.67303466796875,89.66163635253906,True,True,False,False,-0.06974115955449647,-0.06934837784478438,1.7617436000000453
0.2,0.3,50,0.55,0.5,0.07335709232101714,0.08185651173687296,0.07459763423649116,0.07425562117308819,0.9237037897109985,0.9310181736946106,0.9247713685035706,0.9244770407676697,6933,6160,6484,6485,199418.78125,122891.9453125,171397.890625,171901.390625,89.58356475830078,90.94183349609375,89.98738861083984,89.9801254272461,False,False,False,False,-0.07459763423649116,-0.07425562117308819,1.7176440000039292
0.2,0.3,50,0.65,0.1,0.07335709232101714,0.0670700222917992,0.06792907211468034,0.06762065085681614,0.9237037897109985,0.918293297290802,0.9190325736999512,0.9187671542167664,6933,6050,6399,6377,199418.78125,136549.75,179326.390625,179753.609375,89.58356475830078,89.75577545166016,89.51107788085938,89.50577545166016,False,False,False,False,-0.06792907211468034,-0.06762065085681614,1.7468398999990313
0.2,0.3,50,0.65,0.3,0.07335709232101714,0.06696973170536592,0.06681652536752725,0.06740538625554914,0.9237037897109985,0.9182069897651672,0.9180751442909241,0.9185819029808044,6933,6062,6330,6370,199418.78125,136720.875,180699.0,180212.703125,89.58356475830078,89.75021362304688,89.49758911132812,89.50459289550781,True,False,False,False,-0.06681652536752725,-0.06740538625554914,1.5987255000000005
0.2,0.3,50,0.65,0.5,0.07335709232101714,0.07182274331462465,0.06885779896100892,0.06904972245203558,0.9237037897109985,0.9223833680152893,0.9198318123817444,0.919996976852417,6933,6040,6383,6383,199418.78125,153705.015625,183989.515625,183198.328125,89.58356475830078,90.05624389648438,89.57677459716797,89.5953598022461,True,True,False,False,-0.06885779896100892,-0.06904972245203558,1.594575499999337
0.2,0.3,50,0.75,0.1,0.07335709232101714,0.05646055265792564,0.06311547027315678,0.06338953784948032,0.9237037897109985,0.9091630578041077,0.9148901104927063,0.9151259660720825,6933,5760,6162,6181,199418.78125,167100.328125,193436.4375,192692.65625,89.58356475830078,89.05294036865234,89.21324157714844,89.21002960205078,False,False,False,False,-0.06311547027315678,-0.06338953784948032,1.5995806999999331
0.2,0.3,50,0.75,0.3,0.07335709232101714,0.05646055265792564,0.06311547027315678,0.06338953784948032,0.9237037897109985,0.9091630578041077,0.9148901104927063,0.9151259660720825,6933,5760,6162,6181,199418.78125,167100.328125,193436.4375,192692.65625,89.58356475830078,89.05294036865234,89.21324157714844,89.21002960205078,False,False,False,False,-0.06311547027315678,-0.06338953784948032,1.593558499997016
0.2,0.3,50,0.75,0.5,0.07335709232101714,0.05785250011341563,0.06356352262373473,0.06326459018516703,0.9237037897109985,0.9103609323501587,0.9152756929397583,0.9150184392929077,6933,5742,6185,6223,199418.78125,174186.0,194886.390625,194722.15625,89.58356475830078,89.103515625,89.22736358642578,89.20817565917969,False,False,False,False,-0.06356352262373473,-0.06326459018516703,1.6568072000009124
0.2,0.3,50,0.85,0.1,0.07335709232101714,0.0509185973585759,0.06057932358570707,0.06016403190321127,0.9237037897109985,0.9043937921524048,0.9127075672149658,0.9123501777648926,6933,5492,6243,6195,199418.78125,200307.84375,207695.890625,205854.640625,89.58356475830078,88.60094451904297,88.98583221435547,88.97763061523438,False,False,False,False,-0.06057932358570707,-0.06016403190321127,1.651798200000485
0.2,0.3,50,0.85,0.3,0.07335709232101714,0.0509185973585759,0.06057932358570707,0.06016403190321127,0.9237037897109985,0.9043937921524048,0.9127075672149658,0.9123501777648926,6933,5492,6243,6195,199418.78125,200307.84375,207695.890625,205854.640625,89.58356475830078,88.60094451904297,88.98583221435547,88.97763061523438,False,False,False,False,-0.06057932358570707,-0.06016403190321127,1.6634251000068616
0.2,0.3,50,0.85,0.5,0.07335709232101714,0.05090058938034893,0.06051463338699942,0.0604975258076838,0.9237037897109985,0.9043782949447632,0.9126518964767456,0.9126371741294861,6933,5539,6201,6206,199418.78125,201794.328125,206850.03125,206780.140625,89.58356475830078,88.59306335449219,88.98704528808594,88.98043060302734,False,False,False,False,-0.06051463338699942,-0.0604975258076838,1.6621108999970602
0.2,0.3,100,0.55,0.1,0.008184418319793297,0.045816244512328366,0.00717417074126033,0.005348923625047574,0.8676178455352783,0.9000028371810913,0.8667484521865845,0.8651776909828186,6933,6158,6219,6204,386340.21875,142262.296875,311547.3125,312740.71875,85.6236572265625,88.4852294921875,86.1807632446289,86.15095520019531,True,True,False,False,-0.00717417074126033,-0.005348923625047574,1.6726793000052567
0.2,0.3,100,0.55,0.3,0.008184418319793297,0.057878680943299454,0.0072327659319526985,0.00580466399709933,0.8676178455352783,0.9103834629058838,0.8667988777160645,0.8655698895454407,6933,6146,6215,6211,386340.21875,143952.484375,313398.28125,313854.28125,85.6236572265625,89.2162094116211,86.18682861328125,86.16896057128906,True,True,False,False,-0.0072327659319526985,-0.00580466399709933,1.70175449999806
0.2,0.3,100,0.55,0.5,0.008184418319793297,0.07825886399439813,0.016984709494948937,0.015626007537724116,0.8676178455352783,0.9279221296310425,0.8751911520957947,0.8740218877792358,6933,6122,6169,6159,386340.21875,131936.15625,317717.3125,319869.71875,85.6236572265625,90.84197998046875,87.10189819335938,87.05241394042969,False,False,False,False,-0.016984709494948937,-0.015626007537724116,1.6974416000011843
0.2,0.3,100,0.65,0.1,0.008184418319793297,0.03147538326691737,0.0019202045706326583,0.0008200556238742849,0.8676178455352783,0.8876614570617676,0.8622270226478577,0.8612802624702454,6933,5986,6056,6051,386340.21875,180993.671875,334181.34375,334364.1875,85.6236572265625,87.6639175415039,85.84231567382812,85.83220672607422,True,True,False,False,-0.0019202045706326583,-0.0008200556238742849,1.733874099998502
0.2,0.3,100,0.65,0.3,0.008184418319793297,0.03902384290947978,0.0019059367109605214,0.0008248346642499037,0.8676178455352783,0.8941574692726135,0.8622147440910339,0.8612843751907349,6933,5984,6063,6057,386340.21875,181923.90625,334743.71875,334752.5,85.6236572265625,88.00904846191406,85.83427429199219,85.82951354980469,True,True,False,False,-0.0019059367109605214,-0.0008248346642499037,1.771142500001588
0.2,0.3,100,0.65,0.5,0.008184418319793297,0.054461043721639596,0.00581484543094304,0.004567446631451835,0.8676178455352783,0.9074423313140869,0.8655786514282227,0.8645051717758179,6933,5861,6031,6015,386340.21875,199637.046875,353476.0625,355936.03125,85.6236572265625,89.309326171875,86.1214370727539,86.06563568115234,True,True,False,False,-0.00581484543094304,-0.004567446631451835,1.7455666000023484
0.2,0.3,100,0.75,0.1,0.008184418319793297,0.0034254637660431175,-0.008289834253875784,-0.008193214524542624,0.8676178455352783,0.8635224103927612,0.853440523147583,0.8535236716270447,6933,5588,5787,5776,386340.21875,253880.734375,361121.0,362638.0,85.6236572265625,86.02525329589844,85.18907165527344,85.19213104248047,True,True,True,True,0.0034254637660431175,0.0034254637660431175,1.74279309999838
0.2,0.3,100,0.75,0.3,0.008184418319793297,0.0031512576668101533,-0.008473861939064464,-0.00840321525525097,0.8676178455352783,0.8632864356040955,0.8532821536064148,0.8533429503440857,6933,5587,5782,5771,386340.21875,253922.21875,362122.03125,362628.625,85.6236572265625,86.00411224365234,85.19200897216797,85.1854476928711,True,True,True,True,0.0031512576668101533,0.0031512576668101533,1.7382272999966517
0.2,0.3,100,0.75,0.5,0.008184418319793297,0.02326159809032317,-0.0065578130557149535,-0.00682086806073814,0.8676178455352783,0.8805928826332092,0.8549310564994812,0.8547046780586243,6933,5504,5757,5740,386340.21875,258661.96875,370292.25,372602.71875,85.6236572265625,87.16050720214844,85.272705078125,85.2298812866211,True,True,True,True,0.0065578130557149535,0.00682086806073814,1.6216098000004422
0.2,0.3,100,0.85,0.1,0.008184418319793297,-0.015042618304625038,-0.01723709823594538,-0.01754496540217183,0.8676178455352783,0.8476292490959167,0.8457407355308533,0.8454757928848267,6933,5209,5543,5492,386340.21875,309201.1875,402662.5,403674.15625,85.6236572265625,84.93224334716797,84.56664276123047,84.53352355957031,True,True,False,False,-0.015042618304625038,-0.015042618304625038,1.6285636999964481
0.2,0.3,100,0.85,0.3,0.008184418319793297,-0.015184881332618094,-0.01723709823594538,-0.01754496540217183,0.8676178455352783,0.8475068211555481,0.8457407355308533,0.8454757928848267,6933,5209,5543,5492,386340.21875,309449.96875,402662.5,403674.15625,85.6236572265625,84.92369842529297,84.56664276123047,84.53352355957031,True,True,False,False,-0.015184881332618094,-0.015184881332618094,1.6403624999948079
0.2,0.3,100,0.85,0.5,0.008184418319793297,-0.00619072734570366,-0.016936434261009714,-0.01711547512145862,0.8676178455352783,0.8552469611167908,0.8459994792938232,0.8458454012870789,6933,5190,5461,5492,386340.21875,314749.5,404557.1875,405898.28125,85.6236572265625,85.27532958984375,84.59056854248047,84.57369232177734,True,True,False,False,-0.00619072734570366,-0.00619072734570366,1.6301433999979054
0.2,0.3,200,0.55,0.1,-0.12844405180895335,0.03493166838031049,-0.08612322513193442,-0.08986576783768163,0.7500388622283936,0.8906358480453491,0.7864590883255005,0.7832383513450623,5799,6144,6167,6147,707550.625,147938.453125,525334.3125,527718.6875,77.77412414550781,87.46090698242188,80.53860473632812,80.51524353027344,False,False,False,False,-0.12844405180895335,-0.12844405180895335,1.6457484000056866
0.2,0.3,200,0.55,0.3,-0.12844405180895335,0.056514715115515986,-0.0713717127214938,-0.07501715086772481,0.7500388622283936,0.909209668636322,0.7991538643836975,0.7960166931152344,5799,6134,6161,6143,707550.625,149773.828125,523243.0625,524583.4375,77.77412414550781,89.10604858398438,81.40078735351562,81.38197326660156,False,False,False,False,-0.12844405180895335,-0.12844405180895335,1.6201655999975628
0.2,0.3,200,0.55,0.5,-0.12844405180895335,0.07825886399439813,-0.049746139453090775,-0.05335438419813763,0.7500388622283936,0.9279221296310425,0.8177642822265625,0.8146591186523438,5799,6122,6155,6131,707550.625,131936.15625,504050.59375,507853.71875,77.77412414550781,90.84197998046875,83.08096313476562,83.06541442871094,False,False,False,False,-0.12844405180895335,-0.12844405180895335,1.623944400002074
0.2,0.3,200,0.65,0.1,-0.12844405180895335,0.010986944562092722,-0.10145175472163995,-0.10388144655318639,0.7500388622283936,0.870029628276825,0.7732677459716797,0.771176815032959,5799,5978,6004,5998,707550.625,190199.09375,559931.875,559940.1875,77.77412414550781,85.96808624267578,79.72796630859375,79.76089477539062,False,False,False,False,-0.12844405180895335,-0.12844405180895335,1.6258410000009462
0.2,0.3,200,0.65,0.3,-0.12844405180895335,0.03188485698721676,-0.09043987603584834,-0.09304078218346043,0.7500388622283936,0.8880138397216797,0.782744288444519,0.7805060148239136,5799,5923,6000,5994,707550.625,210178.734375,557619.5,557943.75,77.77412414550781,87.4165267944336,80.21321105957031,80.25843048095703,False,False,False,False,-0.12844405180895335,-0.12844405180895335,1.6948813000053633
0.2,0.3,200,0.65,0.5,-0.12844405180895335,0.0541522761565018,-0.07755218937189903,-0.0791466573209877,0.7500388622283936,0.9071766138076782,0.7938351035118103,0.792462944984436,5799,5859,5865,5859,707550.625,200163.40625,573629.8125,572892.125,77.77412414550781,89.29060363769531,81.40401458740234,81.47016906738281,False,False,False,False,-0.12844405180895335,-0.12844405180895335,1.7240050000036717
0.2,0.3,200,0.75,0.1,-0.12844405180895335,-0.04892885428740525,-0.131733278293564,-0.13618568164872738,0.7500388622283936,0.8184676170349121,0.7472082376480103,0.743376612663269,5799,5507,5619,5565,707550.625,302465.03125,625929.25,634069.5,77.77412414550781,82.44334411621094,78.15071868896484,78.0193099975586,True,True,False,False,-0.12844405180895335,-0.12844405180895335,1.7285633999999845
0.2,0.3,200,0.75,0.3,-0.12844405180895335,-0.018760642455401683,-0.1323240092408633,-0.13678278464986085,0.7500388622283936,0.844429612159729,0.746699869632721,0.7428627610206604,5799,5505,5609,5559,707550.625,291664.46875,628056.4375,635209.9375,77.77412414550781,83.97986602783203,78.13346862792969,77.98043823242188,True,True,False,False,-0.12844405180895335,-0.12844405180895335,1.6959763999984716
0.2,0.3,200,0.75,0.5,-0.12844405180895335,0.014980975609925028,-0.12269355026944437,-0.1247933497921637,0.7500388622283936,0.8734667897224426,0.7549875974655151,0.7531805634498596,5799,5412,5296,5287,707550.625,281987.65625,662063.875,662245.8125,77.77412414550781,86.46904754638672,78.9909439086914,78.91145324707031,False,False,False,False,-0.12844405180895335,-0.12844405180895335,1.629654099997424
0.2,0.3,200,0.85,0.1,-0.10183670988696877,-0.08526888508797417,-0.19670412441573634,-0.19726479589168755,0.7729364633560181,0.7871943116188049,0.6912959814071655,0.6908134818077087,6463,5168,3372,3197,658595.25,380607.71875,779004.4375,778404.875,78.87126159667969,80.37604522705078,75.3318099975586,75.2983627319336,True,True,False,False,-0.10183670988696877,-0.10183670988696877,1.6090260999990278
0.2,0.3,200,0.85,0.3,-0.10183670988696877,-0.05946532234800487,-0.19693095567994143,-0.1965340182829462,0.7729364633560181,0.809400200843811,0.6911007761955261,0.6914423704147339,6463,5170,3361,3204,658595.25,365938.15625,778832.625,778565.6875,78.87126159667969,81.31813049316406,75.33289337158203,75.29362487792969,True,True,False,False,-0.10183670988696877,-0.10183670988696877,1.6838585999939824
0.2,0.3,200,0.85,0.5,-0.10183670988696877,-0.007597427491048823,-0.19485518988200964,-0.1933010320995675,0.7729364633560181,0.8540363907814026,0.6928871273994446,0.6942245960235596,6463,5156,3345,3202,658595.25,330652.84375,782397.5,782032.25,78.87126159667969,84.7686538696289,75.39804077148438,75.41051483154297,True,True,False,False,-0.10183670988696877,-0.10183670988696877,1.6870552000036696
0.2,0.3,300,0.55,0.3,-0.25915454620068024,0.055128239314948806,-0.13972327970996073,-0.1454124848620433,0.6375527381896973,0.9080165028572083,0.7403322458267212,0.7354362607002258,121,6123,6150,5826,962536.9375,154305.265625,694237.3125,699052.75,70.4115982055664,89.00808715820312,77.35758209228516,77.34400177001953,False,False,False,False,-0.25915454620068024,-0.25915454620068024,1.5675126999994973
0.2,0.3,300,0.55,0.1,-0.25915454620068024,0.03474480097547833,-0.15975722474891857,-0.1655137520349881,0.6375527381896973,0.8904750347137451,0.7230915427207947,0.7181376218795776,121,6143,6162,5844,962536.9375,147440.390625,692571.6875,694235.9375,70.4115982055664,87.35110473632812,75.92333984375,75.91743469238281,False,False,False,False,-0.25915454620068024,-0.25915454620068024,1.5993942999994033
0.2,0.3,300,0.55,0.5,-0.25915454620068024,0.07825886399439813,-0.11673845039269513,-0.12198472854184898,0.6375527381896973,0.9279221296310425,0.7601124048233032,0.7555975914001465,121,6122,6151,5827,962536.9375,131936.15625,669472.5,673830.1875,70.4115982055664,90.84197998046875,79.1190414428711,79.16710662841797,False,False,False,False,-0.25915454620068024,-0.25915454620068024,1.4837454999942565
0.2,0.3,300,0.65,0.1,-0.25915454620068024,0.009946845296575817,-0.18496860205103946,-0.1872366376472715,0.6375527381896973,0.8691345453262329,0.7013952732086182,0.6994434595108032,121,5973,5956,5695,962536.9375,190534.09375,732985.8125,730150.9375,70.4115982055664,85.67439270019531,74.60126495361328,74.75374603271484,False,False,False,False,-0.25915454620068024,-0.25915454620068024,1.4814820999963558
0.2,0.3,300,0.65,0.5,-0.25915454620068024,0.0541522761565018,-0.14402898730402905,-0.14718564736430728,0.6375527381896973,0.9071766138076782,0.7366268634796143,0.733910322189331,121,5859,5690,5558,962536.9375,200163.40625,734026.875,734426.0,70.4115982055664,89.29060363769531,77.45967864990234,77.58526611328125,False,False,False,False,-0.25915454620068024,-0.25915454620068024,1.354038199999195
0.2,0.3,300,0.65,0.3,-0.25915454620068024,0.024610949751160908,-0.16680222287712776,-0.17310605417838773,0.6375527381896973,0.8817541003227234,0.717028796672821,0.7116038799285889,121,5863,5804,5600,962536.9375,232270.578125,751093.5625,756402.4375,70.4115982055664,86.85519409179688,75.61022186279297,75.50947570800781,False,False,False,False,-0.25915454620068024,-0.25915454620068024,1.3771239999987301
0.2,0.3,300,0.75,0.3,-0.19781403922761012,-0.025851768712453798,-0.3195377213466228,-0.31651986124160164,0.6903408169746399,0.838327169418335,0.5855885148048401,0.5881856083869934,3173,5443,1847,2232,877930.375,311415.0625,1003680.75,983283.5,71.67618560791016,83.3067398071289,69.77843475341797,69.97283935546875,True,True,False,False,-0.19781403922761012,-0.19781403922761012,1.3394936000040616
0.2,0.3,300,0.75,0.1,-0.19781403922761012,-0.06708228156928449,-0.3099922461801442,-0.31245497572559167,0.6903408169746399,0.8028452396392822,0.5938031077384949,0.5916837453842163,3173,5454,3326,3128,877930.375,315476.4375,946690.75,945926.125,71.67618560791016,80.63481140136719,70.23095703125,70.14998626708984,True,True,False,False,-0.19781403922761012,-0.19781403922761012,1.3861470999981975
0.2,0.3,300,0.85,0.1,-0.08402217890303015,-0.11079796468289163,-0.2629909381775718,-0.270101042073217,0.788267195224762,0.7652246356010437,0.6342512369155884,0.6281324625015259,6710,5159,2260,1936,667357.625,385952.78125,953146.875,949605.6875,77.12904357910156,78.07777404785156,68.21488189697266,67.98081970214844,True,True,False,False,-0.11079796468289163,-0.11079796468289163,1.4094799000013154
0.2,0.3,300,0.75,0.5,-0.19781403922761012,0.011962422890356693,-0.30127936296084407,-0.299237950844453,0.6903408169746399,0.8708691000938416,0.6013011932373047,0.6030579805374146,3173,5376,1572,1650,877930.375,291079.625,1006534.375,998306.4375,71.67618560791016,86.19600677490234,71.37034606933594,71.4405517578125,True,True,False,False,-0.19781403922761012,-0.19781403922761012,1.4324091999951634
0.2,0.3,300,0.85,0.5,-0.08402217890303015,-0.008091815754833843,-0.25332439398824425,-0.24664821310641433,0.788267195224762,0.8536109328269958,0.6425700187683105,0.6483153700828552,6710,5152,2072,2287,667357.625,333779.6875,955973.25,948520.4375,77.12904357910156,84.67766571044922,68.57771301269531,68.56697845458984,True,True,False,False,-0.08402217890303015,-0.08402217890303015,1.3400963000021875
0.2,0.3,300,0.85,0.3,-0.08402217890303015,-0.06150347917602418,-0.26305839883446824,-0.2698477529333092,0.788267195224762,0.8076462149620056,0.6341931819915771,0.6283504366874695,6710,5155,2223,1985,667357.625,374323.0,953630.1875,951047.625,77.12904357910156,80.80350494384766,68.1891860961914,68.00997924804688,True,True,False,False,-0.08402217890303015,-0.08402217890303015,1.3936996999982512
0.2,0.4,50,0.55,0.1,0.07335709232101714,0.05947744310258072,0.058803806193982636,0.05799774138396161,0.9237037897109985,0.9117593169212341,0.9111796021461487,0.9104859232902527,6933,6196,6354,6351,199418.78125,126715.4765625,187471.234375,187194.65625,89.58356475830078,89.38333892822266,89.13387298583984,89.09993743896484,True,True,False,False,-0.058803806193982636,-0.05799774138396161,1.3225906000006944
0.2,0.4,50,0.55,0.3,0.07335709232101714,0.06180532059569007,0.05778012189323416,0.05742446432325152,0.9237037897109985,0.913762629032135,0.9102986454963684,0.9099925756454468,6933,6191,6342,6335,199418.78125,129486.125,187258.234375,186918.90625,89.58356475830078,89.4883804321289,89.10973358154297,89.08860778808594,True,True,False,False,-0.05778012189323416,-0.05742446432325152,1.3364390999995521
0.2,0.4,50,0.55,0.5,0.07335709232101714,0.0758013290580546,0.06472614540264973,0.06476493181729244,0.9237037897109985,0.9258072376251221,0.916276216506958,0.9163095951080322,6933,6122,6375,6373,199418.78125,140034.15625,192633.671875,192812.484375,89.58356475830078,90.63786315917969,89.53177642822266,89.5293197631836,True,True,False,False,-0.06472614540264973,-0.06476493181729244,1.3086134000041056
0.2,0.4,50,0.65,0.1,0.07335709232101714,0.05063123158294631,0.0550430477256443,0.05483117693565853,0.9237037897109985,0.9041464924812317,0.9079431891441345,0.9077608585357666,6933,6041,6229,6251,199418.78125,157373.09375,201397.875,201358.546875,89.58356475830078,88.83536529541016,88.88697052001953,88.87598419189453,False,False,False,False,-0.0550430477256443,-0.05483117693565853,1.3038224999982049
0.2,0.4,50,0.65,0.3,0.07335709232101714,0.05028811033626782,0.054811437421063584,0.054284981103743614,0.9237037897109985,0.9038512110710144,0.9077438712120056,0.9072908163070679,6933,6033,6233,6215,199418.78125,158985.25,202418.296875,202565.03125,89.58356475830078,88.83314514160156,88.87761688232422,88.85236358642578,False,False,False,False,-0.054811437421063584,-0.054284981103743614,1.273272900005395
0.2,0.4,50,0.65,0.5,0.07335709232101714,0.05863979506920778,0.05745833317460917,0.057398075709003536,0.9237037897109985,0.9110384583473206,0.9100217223167419,0.9099698662757874,6933,5937,6272,6280,199418.78125,189172.953125,207955.8125,207953.078125,89.58356475830078,89.42375946044922,89.0295639038086,89.03778076171875,True,True,False,False,-0.05745833317460917,-0.057398075709003536,1.2920854999974836
0.2,0.4,50,0.75,0.1,0.07335709232101714,0.032962149653917826,0.04932357531784947,0.04923318911944103,0.9237037897109985,0.8889409303665161,0.9030211567878723,0.9029433727264404,6933,5684,6100,6091,199418.78125,209189.25,221179.125,219571.125,89.58356475830078,87.76554870605469,88.4863052368164,88.45805358886719,False,False,False,False,-0.04932357531784947,-0.04923318911944103,1.2933059999995749
0.2,0.4,50,0.75,0.3,0.07335709232101714,0.032962149653917826,0.04932357531784947,0.04923318911944103,0.9237037897109985,0.8889409303665161,0.9030211567878723,0.9029433727264404,6933,5684,6100,6091,199418.78125,209189.25,221179.125,219571.125,89.58356475830078,87.76554870605469,88.4863052368164,88.45805358886719,False,False,False,False,-0.04932357531784947,-0.04923318911944103,1.3134330999964732
0.2,0.4,50,0.75,0.5,0.07335709232101714,0.03695978229739553,0.04945503355890635,0.049785341436461794,0.9237037897109985,0.8923811912536621,0.903134286403656,0.9034185409545898,6933,5648,6067,6089,199418.78125,220379.3125,222364.71875,222828.765625,89.58356475830078,87.92625427246094,88.50167846679688,88.4874496459961,False,False,False,False,-0.04945503355890635,-0.049785341436461794,1.34180539999943
0.2,0.4,50,0.85,0.1,0.07335709232101714,0.022476103932353723,0.04560264218597462,0.04564752360863261,0.9237037897109985,0.8799169063568115,0.899819016456604,0.8998576402664185,6933,5369,6016,6051,199418.78125,250872.921875,241746.90625,240856.28125,89.58356475830078,87.05934143066406,88.16266632080078,88.12098693847656,False,False,False,False,-0.04560264218597462,-0.04564752360863261,1.4341455000030692
0.2,0.4,50,0.85,0.3,0.07335709232101714,0.022476103932353723,0.04560264218597462,0.04564752360863261,0.9237037897109985,0.8799169063568115,0.899819016456604,0.8998576402664185,6933,5369,6016,6051,199418.78125,250872.921875,241746.90625,240856.28125,89.58356475830078,87.05934143066406,88.16266632080078,88.12098693847656,False,False,False,False,-0.04560264218597462,-0.04564752360863261,1.4511856000026455
0.2,0.4,50,0.85,0.5,0.07335709232101714,0.022153345553362663,0.04480225681524057,0.04580821018358095,0.9237037897109985,0.8796391487121582,0.8991302251815796,0.8999959230422974,6933,5377,5959,5996,199418.78125,249855.125,241296.578125,240102.71875,89.58356475830078,87.0635757446289,88.16858673095703,88.1534423828125,False,False,False,False,-0.04480225681524057,-0.04580821018358095,1.4394816999993054
0.2,0.4,100,0.55,0.1,0.008184418319793297,0.03882921822171908,-0.0051800641984423796,-0.007346354717692042,0.8676178455352783,0.8939899802207947,0.8561167120933533,0.8542524576187134,6933,6165,6204,6190,386340.21875,143043.46875,325132.71875,326549.6875,85.6236572265625,87.91864013671875,85.49992370605469,85.4452896118164,True,True,True,True,0.0051800641984423796,0.007346354717692042,1.456636000002618
0.2,0.4,100,0.55,0.3,0.008184418319793297,0.05598756618364883,-0.0037521700479531683,-0.006014249159079363,0.8676178455352783,0.9087560176849365,0.8573455214500427,0.8553988337516785,6933,6146,6187,6169,386340.21875,149334.28125,331620.0625,333588.3125,85.6236572265625,89.06233215332031,85.54660034179688,85.47956848144531,True,True,True,True,0.0037521700479531683,0.006014249159079363,1.3532789000018965
0.2,0.4,100,0.55,0.5,0.008184418319793297,0.0753153214302906,0.013186065010879242,0.010380768310391053,0.8676178455352783,0.9253889918327332,0.8719221353530884,0.8695079684257507,6933,6121,6155,6130,386340.21875,140723.5,328228.90625,333769.84375,85.6236572265625,90.63525390625,86.86630249023438,86.77812194824219,False,False,False,False,-0.013186065010879242,-0.010380768310391053,1.356391799999983
0.2,0.4,100,0.65,0.1,0.008184418319793297,0.019510674748554946,-0.014448701330408653,-0.015392319389501833,0.8676178455352783,0.8773649334907532,0.8481403589248657,0.8473283052444458,6933,5987,6043,6030,386340.21875,188712.8125,355913.71875,357058.625,85.6236572265625,86.7818603515625,84.95980072021484,84.93688201904297,True,True,True,True,0.008184418319793297,0.008184418319793297,1.3337022999985493
0.2,0.4,100,0.65,0.3,0.008184418319793297,0.03684058333382394,-0.014470518688645174,-0.015296877104898897,0.8676178455352783,0.8922786116600037,0.8481215834617615,0.8474104404449463,6933,5983,6042,6034,386340.21875,188896.328125,356926.0,357539.4375,85.6236572265625,87.77439880371094,84.96668243408203,84.94369506835938,True,True,True,True,0.008184418319793297,0.008184418319793297,1.3961550999956671
0.2,0.4,100,0.65,0.5,0.008184418319793297,0.050598609437773605,-0.00900606695712612,-0.010006479409088973,0.8676178455352783,0.9041184186935425,0.8528241515159607,0.851963222026825,6933,5861,5918,5905,386340.21875,212014.078125,391703.0,394024.6875,85.6236572265625,89.01947021484375,85.42122650146484,85.35501861572266,True,True,True,True,0.008184418319793297,0.008184418319793297,1.3693636000025435
0.2,0.4,100,0.75,0.1,0.008184418319793297,-0.022050977123287813,-0.03041097323079406,-0.03062464481860252,0.8676178455352783,0.8415980339050293,0.8344036340713501,0.834219753742218,6933,5571,5750,5705,386340.21875,280949.15625,397751.75,402385.9375,85.6236572265625,84.4051742553711,84.00814056396484,83.93840789794922,True,True,False,False,-0.022050977123287813,-0.022050977123287813,1.4080782000019099
0.2,0.4,100,0.75,0.3,0.008184418319793297,-0.012918161704025719,-0.030141338387572554,-0.03098785188714954,0.8676178455352783,0.8494575023651123,0.8346356749534607,0.8339071869850159,6933,5570,5751,5708,386340.21875,277521.625,397330.4375,401646.46875,85.6236572265625,84.62078857421875,84.01447296142578,83.93658447265625,True,True,False,False,-0.012918161704025719,-0.012918161704025719,1.4087558000028366
0.2,0.4,100,0.75,0.5,0.008184418319793297,0.013487075293088503,-0.026571325965530652,-0.028417767086887456,0.8676178455352783,0.8721811771392822,0.8377079367637634,0.8361189365386963,6933,5473,5669,5636,386340.21875,286605.125,419251.0,420144.40625,85.6236572265625,86.52322387695312,84.1356201171875,84.01696014404297,True,True,True,True,0.008184418319793297,0.008184418319793297,1.4885313999984646
0.2,0.4,100,0.85,0.1,0.008184418319793297,-0.05199131876926551,-0.04962479338442289,-0.04997033878201654,0.8676178455352783,0.8158321380615234,0.817868709564209,0.8175713419914246,6933,5197,5071,5144,386340.21875,352689.6875,461862.8125,459170.25,85.6236572265625,82.72509765625,82.96137237548828,82.8976058959961,False,False,False,False,-0.05199131876926551,-0.05199131876926551,1.4941361000019242
0.2,0.4,100,0.85,0.5,0.008184418319793297,-0.015091724676020888,-0.047173491979004084,-0.049233881733988225,0.8676178455352783,0.847586989402771,0.8199782371520996,0.8182051181793213,6933,5171,5144,5054,386340.21875,343704.1875,466340.75,463663.09375,85.6236572265625,84.49059295654297,83.01390838623047,82.94794464111328,True,True,False,False,-0.015091724676020888,-0.015091724676020888,1.4990864999999758
0.2,0.4,100,0.85,0.3,0.008184418319793297,-0.051826060938305704,-0.04962479338442289,-0.04997033878201654,0.8676178455352783,0.8159743547439575,0.817868709564209,0.8175713419914246,6933,5197,5071,5144,386340.21875,352663.9375,461862.8125,459170.25,85.6236572265625,82.72577667236328,82.96137237548828,82.8976058959961,False,False,False,False,-0.051826060938305704,-0.051826060938305704,1.5253525000007357
0.2,0.4,200,0.55,0.3,-0.12844405180895335,0.05438063117271071,-0.07329254064521894,-0.07698964783667041,0.7500388622283936,0.9073731303215027,0.7975008487701416,0.794319212436676,5799,6134,6161,6143,707550.625,155218.671875,528551.125,529936.9375,77.77412414550781,88.95297241210938,81.25650024414062,81.23239135742188,False,False,False,False,-0.12844405180895335,-0.12844405180895335,1.6470182000048226
0.2,0.4,200,0.55,0.1,-0.12844405180895335,0.03413183710121419,-0.09201100287469668,-0.09647289504915658,0.7500388622283936,0.8899475336074829,0.7813922166824341,0.7775524258613586,5799,6143,6172,6155,707550.625,149266.40625,526289.9375,527764.5625,77.77412414550781,87.31051635742188,79.9839859008789,79.9320068359375,False,False,False,False,-0.12844405180895335,-0.12844405180895335,1.674787700001616
0.2,0.4,200,0.55,0.5,-0.12844405180895335,0.0753153214302906,-0.05247289366392749,-0.05697405708321313,0.7500388622283936,0.9253889918327332,0.8154177069664001,0.8115441203117371,5799,6121,6150,6125,707550.625,140723.5,513298.53125,518778.46875,77.77412414550781,90.63525390625,82.86375427246094,82.83389282226562,False,False,False,False,-0.12844405180895335,-0.12844405180895335,1.6724205999998958
0.2,0.4,200,0.65,0.1,-0.12844405180895335,0.010019846869849762,-0.11382953855594716,-0.11585910696358129,0.7500388622283936,0.8691973686218262,0.7626157402992249,0.7608691453933716,5799,5978,6002,5997,707550.625,190957.546875,567308.5,567376.25,77.77412414550781,85.6934814453125,78.84567260742188,78.88536834716797,False,False,False,False,-0.12844405180895335,-0.12844405180895335,1.6782654999988154
0.2,0.4,200,0.65,0.5,-0.12844405180895335,0.05041416618385661,-0.08185505724632386,-0.08401047371718262,0.7500388622283936,0.9039596915245056,0.7901321649551392,0.788277268409729,5799,5859,5865,5859,707550.625,212516.734375,586726.0,586804.5625,77.77412414550781,89.00009155273438,81.1142578125,81.17926788330078,False,False,False,False,-0.12844405180895335,-0.12844405180895335,1.6376357999979518
0.2,0.4,200,0.65,0.3,-0.12844405180895335,0.025582272392141735,-0.09403807786996092,-0.09597400479081482,0.7500388622283936,0.8825899958610535,0.7796477675437927,0.7779817581176758,5799,5894,5991,5985,707550.625,226858.78125,567744.9375,567571.0,77.77412414550781,86.96346282958984,79.93119812011719,79.97933197021484,False,False,False,False,-0.12844405180895335,-0.12844405180895335,1.6568903000006685
0.2,0.4,200,0.75,0.1,-0.12844405180895335,-0.06266021473128806,-0.1564215238281914,-0.16330548907417866,0.7500388622283936,0.8066507577896118,0.7259621620178223,0.7200379967689514,5799,5491,5605,5535,707550.625,307831.28125,649043.1875,661767.8125,77.77412414550781,81.09130859375,76.64877319335938,76.37622833251953,True,True,False,False,-0.12844405180895335,-0.12844405180895335,1.6484648000041489
0.2,0.4,200,0.75,0.3,-0.12844405180895335,-0.026000888624464046,-0.15334894717394218,-0.15865479017415446,0.7500388622283936,0.8381988406181335,0.7286063432693481,0.7240402698516846,5799,5470,5467,5430,707550.625,310923.53125,668271.1875,674244.1875,77.77412414550781,83.294921875,76.78983306884766,76.5251235961914,True,True,False,False,-0.12844405180895335,-0.12844405180895335,1.6277891999998246
0.2,0.4,200,0.75,0.5,-0.12844405180895335,0.007387703806159352,-0.14901941363945048,-0.14983406686985667,0.7500388622283936,0.866932213306427,0.7323322296142578,0.7316311597824097,5799,5405,5067,5061,707550.625,301495.84375,725820.0,721421.1875,77.77412414550781,85.98568725585938,77.97660827636719,77.94426727294922,True,True,False,False,-0.12844405180895335,-0.12844405180895335,1.6377215999964392
0.2,0.4,200,0.85,0.1,-0.10183670988696877,-0.10772608064318957,-0.2622627925041098,-0.26075060716322745,0.7729364633560181,0.7678682208061218,0.6348778605461121,0.6361792087554932,6463,5163,2968,2861,658595.25,388303.4375,876746.9375,872837.75,78.87126159667969,78.44155883789062,72.37028503417969,72.29719543457031,True,True,False,False,-0.10772608064318957,-0.10772608064318957,1.6741185999999288
0.2,0.4,200,0.85,0.5,-0.10183670988696877,-0.016052311791520252,-0.2598225036699913,-0.25984729927078076,0.7729364633560181,0.8467603325843811,0.6369779109954834,0.6369565725326538,6463,5153,2636,2645,658595.25,354230.4375,901924.0625,905697.4375,78.87126159667969,84.20466613769531,72.29283905029297,72.12728118896484,True,True,False,False,-0.10183670988696877,-0.10183670988696877,1.6435750000018743
0.2,0.4,200,0.85,0.3,-0.10183670988696877,-0.0634648943122147,-0.2613854576571828,-0.2622990162449279,0.7729364633560181,0.8059582710266113,0.6356328725814819,0.6348466873168945,6463,5164,3006,2836,658595.25,376248.0625,876441.0,872831.3125,78.87126159667969,80.6294174194336,72.39476776123047,72.26215362548828,True,True,False,False,-0.10183670988696877,-0.10183670988696877,1.6674254999961704
0.2,0.4,300,0.55,0.1,-0.25915454620068024,0.0341634203245661,-0.16075742941651727,-0.1665145800556793,0.6375527381896973,0.8899747133255005,0.7222307920455933,0.7172763347625732,121,6143,6163,5844,962536.9375,148776.5,693115.875,695367.5,70.4115982055664,87.25115966796875,75.7140884399414,75.69085693359375,False,False,False,False,-0.25915454620068024,-0.25915454620068024,1.8524390999955358
0.2,0.4,300,0.55,0.3,-0.25915454620068024,0.05318760261517401,-0.14184240317854668,-0.1470118011129623,0.6375527381896973,0.9063464403152466,0.7385085821151733,0.7340599298477173,121,6123,6150,5825,962536.9375,159574.21875,699619.3125,703584.1875,70.4115982055664,88.85258483886719,77.21112823486328,77.18391418457031,False,False,False,False,-0.25915454620068024,-0.25915454620068024,1.8821585000041523
0.2,0.4,300,0.65,0.1,-0.25915454620068024,0.009107050158106585,-0.18506598365637453,-0.18850772386427664,0.6375527381896973,0.8684118390083313,0.701311469078064,0.6983495950698853,121,5973,5983,5696,962536.9375,191917.90625,728847.4375,729017.5625,70.4115982055664,85.52092742919922,74.21775817871094,74.3102035522461,False,False,False,False,-0.25915454620068024,-0.25915454620068024,1.9005964000025415
0.2,0.4,300,0.55,0.5,-0.25915454620068024,0.0753153214302906,-0.11961190036462693,-0.12497079763915406,0.6375527381896973,0.9253889918327332,0.7576395869255066,0.7530278563499451,121,6121,6150,5824,962536.9375,140723.5,678307.75,683419.3125,70.4115982055664,90.63525390625,78.91866302490234,78.95156860351562,False,False,False,False,-0.25915454620068024,-0.25915454620068024,1.9450179999985266
0.2,0.4,300,0.65,0.3,-0.25915454620068024,0.021441891890487945,-0.1703738283126282,-0.1777381217470925,0.6375527381896973,0.8790268898010254,0.7139551639556885,0.7076176404953003,121,5863,5796,5581,962536.9375,240230.15625,762720.5625,771897.3125,70.4115982055664,86.6430435180664,75.357177734375,75.13832092285156,False,False,False,False,-0.25915454620068024,-0.25915454620068024,1.776929100000416
0.2,0.4,300,0.65,0.5,-0.25915454620068024,0.05041416618385661,-0.14818474384863048,-0.15145208371354987,0.6375527381896973,0.9039596915245056,0.733050525188446,0.7302387356758118,121,5859,5690,5558,962536.9375,212516.734375,746774.875,747336.125,70.4115982055664,89.00009155273438,77.17411804199219,77.29905700683594,False,False,False,False,-0.25915454620068024,-0.25915454620068024,1.729086199993617
0.2,0.4,300,0.75,0.1,-0.19781403922761012,-0.07016580153337934,-0.38012362477052813,-0.38152977082423556,0.6903408169746399,0.8001916408538818,0.5334498286247253,0.5322397351264954,3173,5442,2969,2820,877930.375,317621.1875,1027396.5625,1023291.375,71.67618560791016,79.97643280029297,67.58692169189453,67.46207427978516,True,True,False,False,-0.19781403922761012,-0.19781403922761012,1.6814519000035943
0.2,0.4,300,0.75,0.3,-0.19781403922761012,-0.03232065006030941,-0.3832890810355557,-0.3810936314438693,0.6903408169746399,0.832760214805603,0.5307257175445557,0.532615065574646,3173,5420,1635,1765,877930.375,326726.21875,1100634.25,1080281.25,71.67618560791016,82.74666595458984,67.65064239501953,67.77226257324219,True,True,False,False,-0.19781403922761012,-0.19781403922761012,1.6731356000018422
0.2,0.4,300,0.75,0.5,-0.19781403922761012,0.0045188943516937365,-0.3741235049482115,-0.37098755406289424,0.6903408169746399,0.8644633889198303,0.5386133790016174,0.5413120985031128,3173,5374,862,815,877930.375,309440.8125,1124326.5,1114984.625,71.67618560791016,85.74512481689453,68.88838195800781,68.89833068847656,True,True,False,False,-0.19781403922761012,-0.19781403922761012,1.7957151000009617
0.2,0.4,300,0.85,0.1,-0.08402217890303015,-0.11310222401994176,-0.3797789797718458,-0.3786223827394914,0.788267195224762,0.7632416486740112,0.5337464213371277,0.5347417593002319,6710,5158,565,554,667357.625,380409.28125,1101462.375,1092530.0,77.12904357910156,77.05220031738281,63.226646423339844,63.07682418823242,True,True,False,False,-0.11310222401994176,-0.11310222401994176,1.8155812000040896
0.2,0.4,300,0.85,0.5,-0.08402217890303015,-0.01592507849920124,-0.35266976934896654,-0.3411097555105279,0.788267195224762,0.8468698263168335,0.5570759177207947,0.5670241713523865,6710,5152,1148,1389,667357.625,354732.90625,1116654.125,1109140.625,77.12904357910156,84.1552963256836,63.59561538696289,63.5826416015625,True,True,False,False,-0.08402217890303015,-0.08402217890303015,1.7789609999963432
0.2,0.4,300,0.85,0.3,-0.08402217890303015,-0.06577060813981395,-0.38210824249404957,-0.37549571288910655,0.788267195224762,0.8039740324020386,0.5317419171333313,0.5374324917793274,6710,5152,609,638,667357.625,386746.40625,1102070.0,1094473.125,77.12904357910156,80.29329681396484,63.19162368774414,63.129642486572266,True,True,False,False,-0.08402217890303015,-0.08402217890303015,1.8196160000006785
0.2,0.5,50,0.55,0.1,0.07335709232101714,0.05073872536067037,0.048377740892205284,0.04766940399479292,0.9237037897109985,0.9042389988899231,0.9022071957588196,0.9015976190567017,6933,6195,6313,6305,199418.78125,132279.234375,199790.1875,199194.25,89.58356475830078,88.80538940429688,88.64818572998047,88.60375213623047,True,True,False,False,-0.048377740892205284,-0.04766940399479292,1.700498600002902
0.2,0.5,50,0.55,0.3,0.07335709232101714,0.05764069858488459,0.04720971571982218,0.04704646647104923,0.9237037897109985,0.9101786613464355,0.9012020230293274,0.9010615348815918,6933,6175,6297,6301,199418.78125,142084.40625,201492.015625,201315.125,89.58356475830078,89.18451690673828,88.60224914550781,88.56759643554688,True,True,False,False,-0.04720971571982218,-0.04704646647104923,1.648485099998652
0.2,0.5,50,0.55,0.5,0.07335709232101714,0.07257990953761399,0.05526018238618871,0.05503369742925721,0.9237037897109985,0.9230349659919739,0.9081300497055054,0.9079351425170898,6933,6122,6286,6283,199418.78125,148398.453125,214200.21875,214036.71875,89.58356475830078,90.43433380126953,89.12976837158203,89.09797668457031,True,True,False,False,-0.05526018238618871,-0.05503369742925721,1.6796410999959335
0.2,0.5,50,0.65,0.1,0.07335709232101714,0.037144918165859714,0.04263146430143416,0.043433096378353166,0.9237037897109985,0.8925405144691467,0.8972620964050293,0.8979519605636597,6933,6028,6168,6155,199418.78125,171228.90625,221376.921875,221442.34375,89.58356475830078,88.02655792236328,88.29805755615234,88.28978729248047,False,False,False,False,-0.04263146430143416,-0.043433096378353166,1.7088715999998385
0.2,0.5,50,0.65,0.5,0.07335709232101714,0.05167271607755759,0.04574712158051869,0.04663235223328366,0.9237037897109985,0.9050427675247192,0.8999433517456055,0.9007051587104797,6933,5903,6173,6189,199418.78125,208465.703125,230327.875,230348.40625,89.58356475830078,89.05422973632812,88.47571563720703,88.50520324707031,True,True,False,False,-0.04574712158051869,-0.04663235223328366,1.8062664000026416
0.2,0.5,50,0.65,0.3,0.07335709232101714,0.04126361983218642,0.04235060910254816,0.042319579970834,0.9237037897109985,0.8960849642753601,0.8970203995704651,0.8969936966896057,6933,6028,6170,6169,199418.78125,171582.953125,220350.15625,218859.90625,89.58356475830078,88.13434600830078,88.28983306884766,88.27120208740234,False,False,False,False,-0.04235060910254816,-0.042319579970834,1.8327341000040178
0.2,0.5,50,0.75,0.1,0.07335709232101714,0.012284211608981688,0.03533158401985864,0.03509782661018164,0.9237037897109985,0.871146023273468,0.8909800052642822,0.8907788395881653,6933,5671,5989,5995,199418.78125,237675.34375,247416.0,246776.8125,89.58356475830078,86.60166931152344,87.75262451171875,87.71369171142578,False,False,False,False,-0.03533158401985864,-0.03509782661018164,1.8032633000038913
0.2,0.5,50,0.75,0.3,0.07335709232101714,0.012552045654380492,0.03533158401985864,0.03509782661018164,0.9237037897109985,0.8713765144348145,0.8909800052642822,0.8907788395881653,6933,5673,5989,5995,199418.78125,237106.28125,247416.0,246776.8125,89.58356475830078,86.60374450683594,87.75262451171875,87.71369171142578,False,False,False,False,-0.03533158401985864,-0.03509782661018164,1.8358234999977867
0.2,0.5,50,0.75,0.5,0.07335709232101714,0.022284111179872345,0.03509581802799479,0.0355220530203362,0.9237037897109985,0.8797516822814941,0.8907771110534668,0.8911439180374146,6933,5591,5992,5994,199418.78125,259633.78125,249092.21875,248835.8125,89.58356475830078,87.08062744140625,87.76930236816406,87.73706817626953,False,False,False,False,-0.03509581802799479,-0.0355220530203362,1.6520261999976356
0.2,0.5,50,0.85,0.1,0.07335709232101714,-0.004481008335962383,0.02751023424570293,0.030115019034779294,0.9237037897109985,0.8567183017730713,0.8842491507530212,0.8864907622337341,6933,5328,5783,5834,199418.78125,290464.59375,274280.75,273529.125,89.58356475830078,85.5855712890625,87.294677734375,87.27662658691406,False,False,False,False,-0.02751023424570293,-0.030115019034779294,1.6482817999931285
0.2,0.5,50,0.85,0.3,0.07335709232101714,-0.004481008335962383,0.02751023424570293,0.030115019034779294,0.9237037897109985,0.8567183017730713,0.8842491507530212,0.8864907622337341,6933,5328,5783,5834,199418.78125,290464.59375,274280.75,273529.125,89.58356475830078,85.5855712890625,87.294677734375,87.27662658691406,False,False,False,False,-0.02751023424570293,-0.030115019034779294,1.6353107999966596
0.2,0.5,50,0.85,0.5,0.07335709232101714,-0.002005465421391885,0.028964586271894844,0.02954049526788426,0.9237037897109985,0.8588486909866333,0.8855007290840149,0.8859963417053223,6933,5309,5796,5807,199418.78125,295175.3125,274861.0,274595.09375,89.58356475830078,85.65213012695312,87.33493041992188,87.27986907958984,False,False,False,False,-0.028964586271894844,-0.02954049526788426,1.6659097999945516
0.2,0.5,100,0.55,0.3,0.008184418319793297,0.05335299896904325,-0.007574640472446235,-0.010010150266189085,0.8676178455352783,0.9064887762069702,0.8540560007095337,0.8519600629806519,6933,6146,6183,6163,386340.21875,154829.796875,340733.78125,343751.53125,85.6236572265625,88.90919494628906,85.31411743164062,85.21627044677734,True,True,True,True,0.007574640472446235,0.008184418319793297,1.606226500000048
0.2,0.5,100,0.55,0.1,0.008184418319793297,0.03722165985768849,-0.014176573074817263,-0.015682386361865475,0.8676178455352783,0.8926065564155579,0.8483745455741882,0.8470786809921265,6933,6169,6206,6195,386340.21875,142216.0,330479.03125,331216.75,85.6236572265625,87.6407241821289,84.92450714111328,84.89420318603516,True,True,True,True,0.008184418319793297,0.008184418319793297,1.635891600002651
0.2,0.5,100,0.55,0.5,0.008184418319793297,0.07256266343538893,0.010180741229162259,0.007910558527833927,0.8676178455352783,0.9230201244354248,0.8693358302116394,0.8673821687698364,6933,6122,6153,6131,386340.21875,148426.953125,336578.0,340413.21875,85.6236572265625,90.43323516845703,86.6751708984375,86.58865356445312,False,True,False,False,-0.010180741229162259,-0.007910558527833927,1.6214405999999144
0.2,0.5,100,0.65,0.1,0.008184418319793297,0.012364485635001138,-0.026972696095627906,-0.027974078207956825,0.8676178455352783,0.8712151050567627,0.83736252784729,0.8365007638931274,6933,5987,6054,6046,386340.21875,190118.375,364751.28125,365547.96875,85.6236572265625,86.15387725830078,84.20979309082031,84.19378662109375,True,True,True,True,0.008184418319793297,0.008184418319793297,1.6381267000033404
0.2,0.5,100,0.65,0.5,0.008184418319793297,0.04816420782730626,-0.014634806859238906,-0.016656895029763377,0.8676178455352783,0.902023434638977,0.8479802012443542,0.8462400436401367,6933,5861,5898,5874,386340.21875,221801.078125,408483.34375,411891.3125,85.6236572265625,88.72311401367188,85.07682037353516,84.9698715209961,True,True,True,True,0.008184418319793297,0.008184418319793297,1.690334900005837
0.2,0.5,100,0.65,0.3,0.008184418319793297,0.03368336918190794,-0.02354640119212816,-0.024974503126981528,0.8676178455352783,0.8895615935325623,0.8403111100196838,0.8390821218490601,6933,5980,6037,6025,386340.21875,195636.5625,370565.46875,371551.375,85.6236572265625,87.54876708984375,84.30558013916016,84.25299835205078,True,True,True,True,0.008184418319793297,0.008184418319793297,1.724641499997233
0.2,0.5,100,0.75,0.1,0.008184418319793297,-0.037388025871923795,-0.04892130478884087,-0.05004437927711127,0.8676178455352783,0.8283993601799011,0.8184741139411926,0.8175076246261597,6933,5577,5740,5697,386340.21875,287702.0,422626.375,428296.0625,85.6236572265625,83.2156982421875,82.96372985839844,82.8531265258789,True,True,False,False,-0.037388025871923795,-0.037388025871923795,1.7169006999974954
0.2,0.5,100,0.75,0.3,0.008184418319793297,-0.016490944584256387,-0.04903842590877089,-0.05026269138238591,0.8676178455352783,0.8463828563690186,0.8183733224868774,0.8173197507858276,6933,5572,5741,5698,386340.21875,287652.71875,422306.46875,428567.84375,85.6236572265625,84.14371490478516,82.95621490478516,82.85916137695312,True,True,False,False,-0.016490944584256387,-0.016490944584256387,1.7187706000040635
0.2,0.5,100,0.85,0.1,0.008184418319793297,-0.0773683002096198,-0.08006596460947449,-0.08044240061587285,0.8676178455352783,0.793993353843689,0.7916718125343323,0.791347861289978,6933,5196,4987,4934,386340.21875,374858.1875,506419.5625,508782.9375,85.6236572265625,80.97713470458984,81.46640014648438,81.39028930664062,True,True,False,False,-0.0773683002096198,-0.0773683002096198,1.62044330000208
0.2,0.5,100,0.75,0.5,0.008184418319793297,0.011847587398432405,-0.04126722142783182,-0.044272614471003516,0.8676178455352783,0.870770275592804,0.825061023235321,0.8224746584892273,6933,5474,5616,5576,386340.21875,294982.84375,456683.5625,458628.90625,85.6236572265625,86.11920928955078,83.3177719116211,83.15310668945312,True,True,True,True,0.008184418319793297,0.008184418319793297,1.638145999997505
0.2,0.5,100,0.85,0.3,0.008184418319793297,-0.06268833488190402,-0.08006596460947449,-0.08044240061587285,0.8676178455352783,0.806626558303833,0.7916718125343323,0.791347861289978,6933,5196,4987,4934,386340.21875,365878.21875,506419.5625,508782.9375,85.6236572265625,81.29349517822266,81.46640014648438,81.39028930664062,True,True,False,False,-0.06268833488190402,-0.06268833488190402,1.5946232999995118
0.2,0.5,100,0.85,0.5,0.008184418319793297,-0.018296452185874196,-0.07773594001126884,-0.07874812691053394,0.8676178455352783,0.8448290824890137,0.7936769723892212,0.7928059101104736,6933,5166,4969,4922,386340.21875,356839.0625,513751.28125,515231.84375,85.6236572265625,83.92337799072266,81.53132629394531,81.41968536376953,True,True,False,False,-0.018296452185874196,-0.018296452185874196,1.5984683999995468
0.2,0.5,200,0.55,0.1,-0.12844405180895335,0.03354761673065848,-0.09228610937284099,-0.09702096094034891,0.7500388622283936,0.8894447684288025,0.7811554670333862,0.777080774307251,5799,6145,6178,6160,707550.625,149654.640625,524558.125,526587.8125,77.77412414550781,87.24061584472656,79.7975845336914,79.72026062011719,False,False,False,False,-0.12844405180895335,-0.12844405180895335,1.552623899995524
0.2,0.5,200,0.55,0.3,-0.12844405180895335,0.05187717589188841,-0.07576510531723651,-0.07987847385154985,0.7500388622283936,0.9052187204360962,0.7953730225563049,0.7918331623077393,5799,6134,6161,6143,707550.625,160548.65625,533804.8125,536083.25,77.77412414550781,88.79669189453125,81.09876251220703,81.07007598876953,False,False,False,False,-0.12844405180895335,-0.12844405180895335,1.5450854000009713
0.2,0.5,200,0.55,0.5,-0.12844405180895335,0.07256266343538893,-0.0551409141611624,-0.05938560241362317,0.7500388622283936,0.9230201244354248,0.8131216764450073,0.8094688057899475,5799,6122,6152,6129,707550.625,148426.953125,520774.5625,524875.3125,77.77412414550781,90.43323516845703,82.68102264404297,82.65018463134766,False,False,False,False,-0.12844405180895335,-0.12844405180895335,1.593497900001239
0.2,0.5,200,0.65,0.1,-0.12844405180895335,0.00908654876750973,-0.11819924373417592,-0.12043022445213324,0.7500388622283936,0.8683941960334778,0.7588552832603455,0.7569353580474854,5799,5978,6003,5999,707550.625,192089.6875,567730.875,567460.5,77.77412414550781,85.55122375488281,78.29964447021484,78.33615112304688,False,False,False,False,-0.12844405180895335,-0.12844405180895335,1.6338917999964906
0.2,0.5,200,0.65,0.5,-0.12844405180895335,0.04806183939723141,-0.08410958685888567,-0.08621139496379185,0.7500388622283936,0.901935338973999,0.7881919741630554,0.7863832116127014,5799,5859,5865,5859,707550.625,222160.84375,596447.6875,596324.5625,77.77412414550781,88.70089721679688,80.82540130615234,80.88520050048828,False,False,False,False,-0.12844405180895335,-0.12844405180895335,1.750571200005652
0.2,0.5,200,0.65,0.3,-0.12844405180895335,0.02185226600969868,-0.09778138245171004,-0.10057213424670722,0.7500388622283936,0.8793800473213196,0.776426374912262,0.7740247249603271,5799,5892,5987,5978,707550.625,235598.796875,575779.3125,580237.8125,77.77412414550781,86.73090362548828,79.69599151611328,79.7156982421875,False,False,False,False,-0.12844405180895335,-0.12844405180895335,1.8023277999964193
0.2,0.5,200,0.75,0.1,-0.12844405180895335,-0.06522281929444049,-0.1720872181794696,-0.18107534641982345,0.7500388622283936,0.8044454455375671,0.7124806642532349,0.7047457098960876,5799,5484,5599,5528,707550.625,308017.65625,657929.25,672681.75,77.77412414550781,80.46807861328125,75.48728942871094,75.09385681152344,True,True,False,False,-0.12844405180895335,-0.12844405180895335,1.811303599999519
0.2,0.5,200,0.75,0.3,-0.12844405180895335,-0.03006979130484771,-0.1664286958518276,-0.17141434314687343,0.7500388622283936,0.8346972465515137,0.7173502445220947,0.7130597233772278,5799,5464,5387,5333,707550.625,320583.65625,699661.125,704657.1875,77.77412414550781,82.92111206054688,76.13790893554688,75.8204116821289,True,True,False,False,-0.12844405180895335,-0.12844405180895335,1.7858377000011387
0.2,0.5,200,0.75,0.5,-0.12844405180895335,0.005556846512114348,-0.1695791223811811,-0.17292528178157085,0.7500388622283936,0.8653566241264343,0.7146390676498413,0.7117594480514526,5799,5405,4832,4766,707550.625,310057.6875,770907.9375,771687.8125,77.77412414550781,85.54524993896484,77.31825256347656,77.12120056152344,True,True,False,False,-0.12844405180895335,-0.12844405180895335,1.6196726000052877
0.2,0.5,200,0.85,0.1,-0.10183670988696877,-0.11280197561373441,-0.3320186354870067,-0.33163596594968364,0.7729364633560181,0.7635000348091125,0.5748477578163147,0.5751770734786987,6463,5167,2586,2486,658595.25,381210.21875,968826.3125,962479.4375,78.87126159667969,77.35950469970703,69.4262924194336,69.2901840209961,True,True,False,False,-0.11280197561373441,-0.11280197561373441,1.6034763999996358
0.2,0.5,200,0.85,0.3,-0.10183670988696877,-0.06763484945503356,-0.33087963086415095,-0.3329900273894423,0.7729364633560181,0.8023697137832642,0.575827956199646,0.5740118026733398,6463,5161,2634,2451,658595.25,386696.8125,967747.375,962399.5,78.87126159667969,80.15882873535156,69.42691040039062,69.23420715332031,True,True,False,False,-0.10183670988696877,-0.10183670988696877,1.5939306000000215
0.2,0.5,200,0.85,0.5,-0.10183670988696877,-0.01788510840629739,-0.311580757644127,-0.30470316445197393,0.7729364633560181,0.8451830744743347,0.5924360752105713,0.5983547568321228,6463,5152,1831,1715,658595.25,363296.9375,1026007.6875,1024562.1875,78.87126159667969,83.69042205810547,68.57225036621094,68.44844055175781,True,True,False,False,-0.10183670988696877,-0.10183670988696877,1.5927534000002197
0.2,0.5,300,0.55,0.1,-0.25915454620068024,0.033290379687831696,-0.1614947176020022,-0.16750917454544573,0.6375527381896973,0.8892233967781067,0.7215963006019592,0.7164204120635986,121,6143,6164,5844,962536.9375,150064.53125,694475.1875,697175.6875,70.4115982055664,87.17716217041016,75.60417175292969,75.56556701660156,False,False,False,False,-0.25915454620068024,-0.25915454620068024,1.6097240000017337
0.2,0.5,300,0.55,0.3,-0.25915454620068024,0.050766360681103295,-0.14393146717578453,-0.1501479597826437,0.6375527381896973,0.9042627811431885,0.736710786819458,0.7313610315322876,121,6123,6150,5825,962536.9375,165050.734375,704616.125,710091.0625,70.4115982055664,88.69380187988281,77.05570983886719,77.02306365966797,False,False,False,False,-0.25915454620068024,-0.25915454620068024,1.6010309999983292
0.2,0.5,300,0.55,0.5,-0.25915454620068024,0.07256266343538893,-0.12245764575467108,-0.1272427811383051,0.6375527381896973,0.9230201244354248,0.7551906108856201,0.7510726451873779,121,6122,6150,5826,962536.9375,148426.953125,686237.8125,690105.875,70.4115982055664,90.43323516845703,78.72666931152344,78.75224304199219,False,False,False,False,-0.25915454620068024,-0.25915454620068024,1.6135692000025301
0.2,0.5,300,0.65,0.1,-0.25915454620068024,0.00820831352167139,-0.18613579608596592,-0.1896933414461584,0.6375527381896973,0.8676384091377258,0.7003908157348633,0.6973292827606201,121,5973,5983,5696,962536.9375,193330.4375,730182.625,730537.125,70.4115982055664,85.41776275634766,74.01801300048828,74.11304473876953,False,False,False,False,-0.25915454620068024,-0.25915454620068024,1.5939627000043401
0.2,0.5,300,0.65,0.5,-0.25915454620068024,0.04806183939723141,-0.15064518776607222,-0.15329790148181419,0.6375527381896973,0.901935338973999,0.7309331297874451,0.7286502718925476,121,5859,5690,5558,962536.9375,222160.84375,756799.3125,756582.625,70.4115982055664,88.70089721679688,76.88157653808594,77.0048828125,False,False,False,False,-0.25915454620068024,-0.25915454620068024,1.3245332999940729
0.2,0.5,300,0.65,0.3,-0.25915454620068024,0.018428187472749945,-0.1747269107417244,-0.1811703731356981,0.6375527381896973,0.8764333724975586,0.7102090120315552,0.7046639323234558,121,5862,5779,5579,962536.9375,247814.5625,775418.625,780037.5,70.4115982055664,86.4137191772461,75.04103088378906,74.8994140625,False,False,False,False,-0.25915454620068024,-0.25915454620068024,1.3472633000055794
0.2,0.5,300,0.75,0.1,-0.19781403922761012,-0.07172550023219902,-0.4380604507050643,-0.44147081547397865,0.6903408169746399,0.7988494038581848,0.48359087109565735,0.4806559979915619,3173,5441,2762,2588,877930.375,318403.71875,1084609.125,1080175.0,71.67618560791016,79.67549896240234,65.59879302978516,65.42202758789062,True,True,False,False,-0.19781403922761012,-0.19781403922761012,1.321013499997207
0.2,0.5,300,0.75,0.3,-0.19781403922761012,-0.036332689086368684,-0.4539129431997199,-0.453865949302693,0.6903408169746399,0.8293075561523438,0.4699486196041107,0.4699890613555908,3173,5420,1124,712,877930.375,334678.96875,1197300.375,1200432.625,71.67618560791016,82.42521667480469,65.33403778076172,65.2776107788086,True,True,False,False,-0.19781403922761012,-0.19781403922761012,1.3048559000017121
0.2,0.5,300,0.75,0.5,-0.19781403922761012,0.002464668866179597,-0.430803166218141,-0.41775157232159893,0.6903408169746399,0.862695574760437,0.48983630537986755,0.5010681748390198,3173,5374,792,945,877930.375,318644.40625,1227190.75,1211136.875,71.67618560791016,85.29228210449219,66.38330078125,66.39392852783203,True,True,False,False,-0.19781403922761012,-0.19781403922761012,1.314312599999539
0.2,0.5,300,0.85,0.1,-0.08402217890303015,-0.11490426854882362,-0.487246992234752,-0.48056454319127,0.788267195224762,0.7616908550262451,0.4412621855735779,0.44701293110847473,6710,5158,470,501,667357.625,380041.5625,1225177.125,1212968.0,77.12904357910156,76.60016632080078,58.56943130493164,58.515716552734375,True,True,False,False,-0.11490426854882362,-0.11490426854882362,1.3555773999978555
0.2,0.5,300,0.85,0.3,-0.08402217890303015,-0.0703327216392524,-0.48630354732929565,-0.4742471020141577,0.788267195224762,0.8000479936599731,0.44207409024238586,0.4524495601654053,6710,5152,461,460,667357.625,395547.34375,1229701.0,1219553.625,77.12904357910156,79.9074935913086,58.52503204345703,58.41112518310547,True,True,False,False,-0.08402217890303015,-0.08402217890303015,1.31578140000056
0.2,0.5,300,0.85,0.5,-0.08402217890303015,-0.017831500040344797,-0.4468596336969444,-0.4430784084687366,0.788267195224762,0.8452292084693909,0.4760185182094574,0.4792725443840027,6710,5152,291,251,667357.625,362411.4375,1279719.0,1271939.5,77.12904357910156,83.63550567626953,58.75019836425781,58.43245315551758,True,True,False,False,-0.08402217890303015,-0.08402217890303015,1.2897578999982215
0.3,0.1,50,0.55,0.1,0.03566563201596892,0.11395919599918133,0.07616779141497343,0.07510102648938967,0.8912674784660339,0.9586449265480042,0.9261226058006287,0.9252045750617981,6883,6519,6733,6680,299124.4375,47476.859375,173797.390625,174114.75,87.41561126708984,92.16139221191406,89.82654571533203,89.85702514648438,False,False,False,False,-0.07616779141497343,-0.07510102648938967,1.320368900000176
0.3,0.1,50,0.55,0.3,0.03566563201596892,0.11379199884748939,0.07606410701725892,0.074937707979162,0.8912674784660339,0.9585010409355164,0.9260333776473999,0.9250640273094177,6883,6531,6726,6686,299124.4375,47580.51953125,174211.875,174136.921875,87.41561126708984,92.15879821777344,89.82283020019531,89.85317993164062,False,False,False,False,-0.07606410701725892,-0.074937707979162,1.3669347999966703
0.3,0.1,50,0.55,0.5,0.03566563201596892,0.11568027388749653,0.07698840113048547,0.07600745114729868,0.8912674784660339,0.9601260423660278,0.9268288016319275,0.9259846210479736,6883,6567,6748,6696,299124.4375,48757.796875,174855.390625,175304.328125,87.41561126708984,92.33335876464844,89.90596771240234,89.92117309570312,False,False,False,False,-0.07698840113048547,-0.07600745114729868,1.3744976000016322
0.3,0.1,50,0.65,0.1,0.03566563201596892,0.11136022917230137,0.07424800241306909,0.07350558887993493,0.8912674784660339,0.9564083218574524,0.9244704842567444,0.923831582069397,6883,6428,6688,6609,299124.4375,55042.8984375,178201.140625,178328.0625,87.41561126708984,92.05081176757812,89.74109649658203,89.78108215332031,False,False,False,False,-0.07424800241306909,-0.07350558887993493,1.4037421000030008
0.3,0.1,50,0.65,0.3,0.03566563201596892,0.11139860001821576,0.07431594790014853,0.07342261365718143,0.8912674784660339,0.956441342830658,0.924528956413269,0.923760175704956,6883,6415,6686,6635,299124.4375,55354.01953125,178310.140625,178124.359375,87.41561126708984,92.04888153076172,89.74351501464844,89.78041076660156,False,False,False,False,-0.07431594790014853,-0.07342261365718143,1.389248100000259
0.3,0.1,50,0.65,0.5,0.03566563201596892,0.11205208184349058,0.07450032189261081,0.07369169440876518,0.8912674784660339,0.9570037126541138,0.9246876239776611,0.9239917397499084,6883,6429,6692,6623,299124.4375,57582.8671875,179197.6875,179197.3125,87.41561126708984,92.0818099975586,89.75729370117188,89.79495239257812,False,False,False,False,-0.07450032189261081,-0.07369169440876518,1.3439710000020568
0.3,0.1,50,0.75,0.1,0.03566563201596892,0.1090329750322845,0.07224911682987552,0.07136243168656144,0.8912674784660339,0.9544055461883545,0.9227502942085266,0.9219872355461121,6883,6303,6678,6584,299124.4375,64198.71875,182699.28125,182444.4375,87.41561126708984,91.85375213623047,89.62672424316406,89.65782165527344,False,False,False,False,-0.07224911682987552,-0.07136243168656144,1.3389022999981535
0.3,0.1,50,0.75,0.3,0.03566563201596892,0.10906649757636855,0.07224911682987552,0.07136243168656144,0.8912674784660339,0.9544343948364258,0.9227502942085266,0.9219872355461121,6883,6296,6678,6584,299124.4375,63665.8515625,182699.28125,182444.4375,87.41561126708984,91.85638427734375,89.62672424316406,89.65782165527344,False,False,False,False,-0.07224911682987552,-0.07136243168656144,1.3452627999940887
0.3,0.1,50,0.75,0.5,0.03566563201596892,0.10899176446672662,0.0725183361043687,0.07172141380637059,0.8912674784660339,0.9543700814247131,0.9229819774627686,0.9222961664199829,6883,6300,6644,6654,299124.4375,64861.90625,182940.4375,183031.25,87.41561126708984,91.86092376708984,89.64075469970703,89.67194366455078,False,False,False,False,-0.0725183361043687,-0.07172141380637059,1.282629100001941
0.3,0.1,50,0.85,0.1,0.03566563201596892,0.10774090259449946,0.07072709636242303,0.07022044882115272,0.8912674784660339,0.9532936215400696,0.9214404821395874,0.9210044741630554,6883,6685,6917,6875,299124.4375,70595.6171875,186055.296875,186008.21875,87.41561126708984,91.76070404052734,89.55717468261719,89.59686279296875,False,False,False,False,-0.07072709636242303,-0.07022044882115272,1.3089010000039707
0.3,0.1,50,0.85,0.3,0.03566563201596892,0.10792998636588264,0.07072709636242303,0.07022044882115272,0.8912674784660339,0.9534563422203064,0.9214404821395874,0.9210044741630554,6883,6665,6917,6875,299124.4375,70428.4296875,186055.296875,186008.21875,87.41561126708984,91.76375579833984,89.55717468261719,89.59686279296875,False,False,False,False,-0.07072709636242303,-0.07022044882115272,1.2936315999977523
0.3,0.1,50,0.85,0.5,0.03566563201596892,0.10809302783029143,0.07097900027323643,0.07008545824590517,0.8912674784660339,0.9535966515541077,0.9216572642326355,0.9208883047103882,6883,6684,6926,6876,299124.4375,71027.5390625,186507.640625,186273.078125,87.41561126708984,91.78279876708984,89.56793975830078,89.5985107421875,False,False,False,False,-0.07097900027323643,-0.07008545824590517,1.3001876999987871
0.3,0.1,100,0.55,0.1,-0.06460175182997421,0.09061850132756893,0.010345098661210712,0.008280622480398143,0.8049799203872681,0.9385585188865662,0.8694772720336914,0.8677006363868713,5987,6222,6516,6405,571351.5,87394.0703125,346515.3125,346523.25,81.33500671386719,91.0611801147461,85.99099731445312,86.05854797363281,False,False,False,False,-0.06460175182997421,-0.06460175182997421,1.3716301000022213
0.3,0.1,100,0.55,0.3,-0.06460175182997421,0.0908550291954347,0.010503361085243882,0.00859818625028527,0.8049799203872681,0.9387620687484741,0.8696134686470032,0.8679739236831665,5987,6229,6514,6409,571351.5,87818.859375,346692.15625,346855.75,81.33500671386719,91.0604019165039,85.98763275146484,86.0562744140625,False,False,False,False,-0.06460175182997421,-0.06460175182997421,1.374001500000304
0.3,0.1,100,0.55,0.5,-0.06460175182997421,0.09498876059743545,0.012664110688116017,0.010475725764810956,0.8049799203872681,0.9423194527626038,0.871472954750061,0.8695896863937378,5987,6259,6565,6454,571351.5,88033.3125,346903.28125,347486.6875,81.33500671386719,91.5534896850586,86.19734954833984,86.24974822998047,False,False,False,False,-0.06460175182997421,-0.06460175182997421,1.3585272000054829
0.3,0.1,100,0.65,0.1,-0.06460175182997421,0.08819074881675462,0.008316984744125675,0.00597781763389711,0.8049799203872681,0.9364692568778992,0.8677319288253784,0.8657189011573792,5987,6081,6429,6274,571351.5,99702.671875,353755.84375,353776.53125,81.33500671386719,90.86231231689453,85.87535858154297,85.94098663330078,False,False,False,False,-0.06460175182997421,-0.06460175182997421,1.3766276000023936
0.3,0.1,100,0.65,0.3,-0.06460175182997421,0.08777566491862299,0.007951976877755956,0.006125344532448818,0.8049799203872681,0.9361120462417603,0.8674178123474121,0.8658458590507507,5987,6089,6403,6290,571351.5,99878.203125,354187.28125,354152.40625,81.33500671386719,90.84709930419922,85.86295318603516,85.93964385986328,False,False,False,False,-0.06460175182997421,-0.06460175182997421,1.312311600006069
0.3,0.1,100,0.65,0.5,-0.06460175182997421,0.09020771163962989,0.00886498137386329,0.0069120853966032104,0.8049799203872681,0.9382050037384033,0.8682035207748413,0.8665229082107544,5987,6117,6406,6289,571351.5,109775.5078125,356872.6875,357118.28125,81.33500671386719,90.95088195800781,85.90737915039062,85.98237609863281,False,False,False,False,-0.06460175182997421,-0.06460175182997421,1.3223754999999073
0.3,0.1,100,0.75,0.1,-0.06460175182997421,0.08221480124213493,0.004948523155316388,0.0031823560599790347,0.8049799203872681,0.9313265085220337,0.8648331165313721,0.8633131980895996,5987,5883,6346,6278,571351.5,116839.5390625,363828.375,363745.0,81.33500671386719,90.43064880371094,85.63438415527344,85.69873046875,False,False,False,False,-0.06460175182997421,-0.06460175182997421,1.3285982000015792
0.3,0.1,100,0.75,0.3,-0.06460175182997421,0.08246081792929721,0.004896230757003459,0.0029380016477300076,0.8049799203872681,0.9315382242202759,0.8647881150245667,0.863102912902832,5987,5891,6316,6285,571351.5,117165.5625,363654.09375,363858.125,81.33500671386719,90.4374771118164,85.63480377197266,85.69412231445312,False,False,False,False,-0.06460175182997421,-0.06460175182997421,1.3119808999981615
0.3,0.1,100,0.75,0.5,-0.06460175182997421,0.0823723710516209,0.005019169839129882,0.003043279058903058,0.8049799203872681,0.9314621090888977,0.864893913269043,0.8631935119628906,5987,5757,6364,6317,571351.5,121462.6015625,364667.40625,364859.34375,81.33500671386719,90.44244384765625,85.63906860351562,85.6964340209961,False,False,False,False,-0.06460175182997421,-0.06460175182997421,1.3120256999973208
0.3,0.1,100,0.85,0.1,-0.06460175182997421,0.07982950600306343,0.0004563637251442283,-0.0010444627371642074,0.8049799203872681,0.929273784160614,0.8609672784805298,0.8596757054328918,5987,6086,6916,6820,571351.5,136846.890625,372124.78125,371965.09375,81.33500671386719,90.19963073730469,85.4495849609375,85.51593780517578,False,False,False,False,-0.06460175182997421,-0.06460175182997421,1.31304960000125
0.3,0.1,100,0.85,0.3,-0.06460175182997421,0.07964499348769172,0.0003632070685470228,-0.0010575531521061197,0.8049799203872681,0.9291149973869324,0.8608871102333069,0.8596644401550293,5987,6001,6920,6800,571351.5,135939.234375,372350.625,371771.875,81.33500671386719,90.19989013671875,85.44546508789062,85.51910400390625,False,False,False,False,-0.06460175182997421,-0.06460175182997421,1.322161199997936
0.3,0.1,100,0.85,0.5,-0.06460175182997421,0.08012158155761392,0.0006679574693111152,-0.000990231018119143,0.8049799203872681,0.9295251369476318,0.8611493706703186,0.859722375869751,5987,6087,6921,6825,571351.5,138758.625,372722.65625,372450.375,81.33500671386719,90.21269989013672,85.46125793457031,85.52570343017578,False,False,False,False,-0.06460175182997421,-0.06460175182997421,1.3062683999960427
0.3,0.1,200,0.55,0.1,-0.2668244904348199,0.06196870836737245,-0.11657901052393174,-0.12064985252504754,0.6309521794319153,0.9139032363891602,0.7602496147155762,0.7567463517189026,1051,6152,5288,5174,997971.8125,127110.4453125,655073.0,655723.375,69.763427734375,89.52237701416016,78.69346618652344,78.8198013305664,False,False,False,False,-0.2668244904348199,-0.2668244904348199,1.3173968999981298
0.3,0.1,200,0.55,0.3,-0.2668244904348199,0.06323501554400197,-0.11671995758428513,-0.1207193217641308,0.6309521794319153,0.9149929881095886,0.7601283192634583,0.7566865682601929,1051,6143,5300,5169,997971.8125,130170.4609375,655595.75,656253.5625,69.763427734375,89.58977508544922,78.68445587158203,78.81047821044922,False,False,False,False,-0.2668244904348199,-0.2668244904348199,1.406766799998877
0.3,0.1,200,0.55,0.5,-0.2668244904348199,0.08490671694124793,-0.11161587320166962,-0.11504576970081476,0.6309521794319153,0.933643102645874,0.7645207643508911,0.761569082736969,1051,6125,5261,5169,997971.8125,110194.5625,655118.3125,655477.5,69.763427734375,91.25761413574219,79.27405548095703,79.39743041992188,False,False,False,False,-0.2668244904348199,-0.2668244904348199,1.3739210999992792
0.3,0.1,200,0.65,0.1,-0.2668244904348199,0.05438499464435801,-0.12284280870436406,-0.12650757079646172,0.6309521794319153,0.9073768854141235,0.7548591494560242,0.7517053484916687,1051,5994,4959,4885,997971.8125,151434.484375,668447.125,668425.5625,69.763427734375,89.05675506591797,78.41255187988281,78.5531997680664,False,False,False,False,-0.2668244904348199,-0.2668244904348199,1.3665494000015315
0.3,0.1,200,0.65,0.3,-0.2668244904348199,0.05428158729246238,-0.12312546470107276,-0.12633850358549237,0.6309521794319153,0.9072878956794739,0.7546159029006958,0.7518508434295654,1051,5982,4950,4877,997971.8125,154198.59375,669276.75,668774.0,69.763427734375,89.0404281616211,78.3993148803711,78.54891967773438,False,False,False,False,-0.2668244904348199,-0.2668244904348199,1.4750668999986374
0.3,0.1,200,0.75,0.1,-0.2534785007249943,0.03877090007684558,-0.13713823443547932,-0.140028722725272,0.6424373984336853,0.8939397931098938,0.7425568699836731,0.7400693893432617,1605,5593,4834,4650,978065.8125,197635.046875,697813.375,697168.875,70.20955657958984,88.04019165039062,77.67579650878906,77.81515502929688,False,False,False,False,-0.2534785007249943,-0.2534785007249943,1.3827283999999054
0.3,0.1,200,0.65,0.5,-0.2668244904348199,0.06304239943842813,-0.12176994877076501,-0.12548852701317942,0.6309521794319153,0.9148272275924683,0.755782425403595,0.752582311630249,1051,5859,5040,4900,997971.8125,171571.53125,679209.75,679265.75,69.763427734375,89.87177276611328,78.43587493896484,78.5775146484375,False,False,False,False,-0.2668244904348199,-0.2668244904348199,1.398964200001501
0.3,0.1,200,0.75,0.3,-0.2534785007249943,0.03863611728596219,-0.13771587496783672,-0.13928457765576988,0.6424373984336853,0.8938238024711609,0.7420597672462463,0.7407097816467285,1605,5583,4800,4732,978065.8125,199093.640625,697867.5625,697730.9375,70.20955657958984,88.02662658691406,77.65534210205078,77.8080825805664,False,False,False,False,-0.2534785007249943,-0.2534785007249943,1.4019046000030357
0.3,0.1,200,0.75,0.5,-0.2534785007249943,0.040508669975748104,-0.13618852136837087,-0.139087528817094,0.6424373984336853,0.8954352736473083,0.7433741688728333,0.7408793568611145,1605,5506,4830,4806,978065.8125,210888.390625,699979.75,699906.875,70.20955657958984,88.17070007324219,77.6874771118164,77.80770874023438,False,False,False,False,-0.2534785007249943,-0.2534785007249943,1.317037299995718
0.3,0.1,200,0.85,0.1,-0.10334750999875676,0.03024377607910212,-0.1261397924719032,-0.1273678673255278,0.7716363072395325,0.8866015672683716,0.752021849155426,0.7509649991989136,6071,5213,5450,5421,733865.4375,232737.59375,669399.0625,667693.8125,75.34071350097656,87.47735595703125,77.37796783447266,77.51651763916016,True,True,False,False,-0.10334750999875676,-0.10334750999875676,1.3105556000009528
0.3,0.1,200,0.85,0.3,-0.10334750999875676,0.03057546918575195,-0.12309208067989814,-0.12977047792827906,0.7716363072395325,0.8868870139122009,0.7546446323394775,0.7488973736763,6071,5215,5502,5404,733865.4375,232928.53125,665201.125,671270.0625,75.34071350097656,87.48016357421875,77.37335205078125,77.49681091308594,True,True,False,False,-0.10334750999875676,-0.10334750999875676,1.3043104000025778
0.3,0.1,200,0.85,0.5,-0.10334750999875676,0.030732692687964334,-0.12529161669741298,-0.12683074474418107,0.7716363072395325,0.8870223164558411,0.7527517676353455,0.7514272332191467,6071,5183,5491,5449,733865.4375,237668.703125,670808.1875,670026.9375,75.34071350097656,87.49842071533203,77.41228485107422,77.52055358886719,True,True,False,False,-0.10334750999875676,-0.10334750999875676,1.309885900001973
0.3,0.1,300,0.55,0.1,-0.44682223251139613,0.04536729176283908,-0.23523884293198977,-0.24081944612307277,0.4760507047176361,0.8996164798736572,0.6581339836120605,0.653331458568573,0,6143,3440,3328,1284297.125,141727.890625,903505.9375,904295.5625,59.475067138671875,88.537841796875,71.88294219970703,72.06689453125,False,False,False,False,-0.44682223251139613,-0.44682223251139613,1.3102964999998221
0.3,0.1,300,0.55,0.3,-0.44682223251139613,0.05931246231743979,-0.23605363468530538,-0.2416128360868802,0.4760507047176361,0.9116173386573792,0.6574327945709229,0.6526486873626709,0,6124,3397,3264,1284297.125,141656.46875,906611.6875,908316.875,59.475067138671875,89.36077117919922,71.85096740722656,72.03379821777344,False,False,False,False,-0.44682223251139613,-0.44682223251139613,1.2992922000048566
0.3,0.1,300,0.55,0.5,-0.44682223251139613,0.08490671694124793,-0.2179405868315274,-0.22396065395280318,0.4760507047176361,0.933643102645874,0.6730204224586487,0.6678397059440613,0,6125,3356,3220,1284297.125,110194.5625,888680.5,891133.0,59.475067138671875,91.25761413574219,73.20504760742188,73.36962127685547,False,False,False,False,-0.44682223251139613,-0.44682223251139613,1.2926321000049938
0.3,0.1,300,0.65,0.1,-0.3580022780092457,0.03300689255366637,-0.2599651822667127,-0.26377809461045454,0.5524868965148926,0.888979434967041,0.6368551254272461,0.6335738301277161,0,5975,1607,1461,1177105.125,175951.515625,950082.9375,949003.125,61.82106399536133,87.80105590820312,70.97297668457031,71.19084930419922,False,False,False,False,-0.3580022780092457,-0.3580022780092457,1.2688550000020768
0.3,0.1,300,0.65,0.3,-0.3580022780092457,0.033692165386657265,-0.2593317170018517,-0.2626169263220886,0.5524868965148926,0.8895691633224487,0.6374002695083618,0.6345731019973755,0,5896,1571,1470,1177105.125,199668.15625,951271.5,950027.125,61.82106399536133,87.72322845458984,70.95993041992188,71.1866226196289,False,False,False,False,-0.3580022780092457,-0.3580022780092457,1.29854720000003
0.3,0.1,300,0.75,0.1,-0.22733458719653526,0.0053267599595374585,-0.2322354584710049,-0.2379142744048796,0.6649361848831177,0.8651586174964905,0.6607186198234558,0.6558315753936768,2046,5520,2554,2450,986981.125,249166.796875,895963.25,898772.125,67.10527801513672,86.11767578125,70.99714660644531,71.1208724975586,True,True,False,False,-0.22733458719653526,-0.22733458719653526,1.2787779999998747
0.3,0.1,300,0.65,0.5,-0.3580022780092457,0.06299994216668531,-0.25250094455308875,-0.25609720706646916,0.5524868965148926,0.914790689945221,0.6432786583900452,0.6401838064193726,0,5859,1914,1838,1177105.125,171690.96875,950427.4375,949250.0,61.82106399536133,89.86824035644531,71.40509033203125,71.65483093261719,False,False,False,False,-0.3580022780092457,-0.3580022780092457,1.2944533999980194
0.3,0.1,300,0.75,0.3,-0.22733458719653526,0.004382310762987648,-0.23135639208770994,-0.23625186096871148,0.6649361848831177,0.8643458485603333,0.6614751219749451,0.6572622060775757,2046,5504,2617,2589,986981.125,252360.59375,894130.5625,896039.3125,67.10527801513672,86.07823944091797,70.99980163574219,71.15019226074219,True,True,False,False,-0.22733458719653526,-0.22733458719653526,1.3011656000016956
0.3,0.1,300,0.75,0.5,-0.22733458719653526,0.023758756812296954,-0.23688151685356293,-0.23909580556093293,0.6649361848831177,0.881020724773407,0.6567203402519226,0.6548147797584534,2046,5388,2233,2329,986981.125,250246.515625,910692.0625,907110.375,67.10527801513672,87.23700714111328,70.9879379272461,71.19950866699219,True,True,False,False,-0.22733458719653526,-0.22733458719653526,1.402061799999501
0.3,0.1,300,0.85,0.1,-0.09726503830677907,-0.009851195227608724,-0.11702893293378709,-0.11891208262614503,0.7768707275390625,0.8520968556404114,0.7598624229431152,0.7582418322563171,5949,5165,5809,5775,734695.125,296257.59375,693091.3125,691853.0625,74.59461212158203,85.22206115722656,75.03740692138672,75.09024047851562,True,True,False,False,-0.09726503830677907,-0.09726503830677907,1.412627199999406
0.3,0.1,300,0.85,0.3,-0.09726503830677907,-0.009432578995286411,-0.11510893614751859,-0.11877411380834454,0.7768707275390625,0.8524571061134338,0.7615147233009338,0.7583605647087097,5949,5159,5961,5783,734695.125,297401.09375,691617.3125,691156.625,74.59461212158203,85.23419189453125,75.02517700195312,75.15767669677734,True,True,False,False,-0.09726503830677907,-0.09726503830677907,1.425053699997079
0.3,0.1,300,0.85,0.5,-0.09726503830677907,0.0038007915891659846,-0.12004568485553273,-0.12724236556957677,0.7768707275390625,0.8638454079627991,0.7572662830352783,0.7510730028152466,5949,5154,5643,5355,734695.125,290294.1875,698982.375,702975.0625,74.59461212158203,85.92829132080078,75.12455749511719,75.2682876586914,True,True,False,False,-0.09726503830677907,-0.09726503830677907,1.43108800000482
0.3,0.2,50,0.55,0.1,0.03566563201596892,0.09014939349475638,0.06414019349572606,0.0638407069655206,0.8912674784660339,0.9381548166275024,0.9157719612121582,0.9155142307281494,6883,6263,6635,6539,299124.4375,87988.9609375,195550.1875,196576.078125,87.41561126708984,91.02998352050781,89.21986389160156,89.24317932128906,False,False,False,False,-0.06414019349572606,-0.0638407069655206,1.3563347999952384
0.3,0.2,50,0.55,0.3,0.03566563201596892,0.09085634516307436,0.06418646014747842,0.06313153893065163,0.8912674784660339,0.9387632012367249,0.9158117771148682,0.9149039387702942,6883,6287,6589,6536,299124.4375,87593.140625,196244.84375,197059.8125,87.41561126708984,91.04798889160156,89.2130355834961,89.22687530517578,False,False,False,False,-0.06418646014747842,-0.06313153893065163,1.3763406999933068
0.3,0.2,50,0.55,0.5,0.03566563201596892,0.09605933490302877,0.06653248414172418,0.06533259870017027,0.8912674784660339,0.943240761756897,0.9178307056427002,0.9167981147766113,6883,6305,6614,6557,299124.4375,89530.625,198077.25,199140.9375,87.41561126708984,91.51834869384766,89.40641784667969,89.39740753173828,False,False,False,False,-0.06653248414172418,-0.06533259870017027,1.3474196000024676
0.3,0.2,50,0.65,0.1,0.03566563201596892,0.08776077370585837,0.060865027086423405,0.06033995599819782,0.8912674784660339,0.9360992312431335,0.9129534363746643,0.9125015735626221,6883,6144,6441,6430,299124.4375,102483.2890625,205201.453125,204750.453125,87.41561126708984,90.82902526855469,89.05873107910156,89.086181640625,False,False,False,False,-0.060865027086423405,-0.06033995599819782,1.4072028000009595
0.3,0.2,50,0.65,0.3,0.03566563201596892,0.08790504531603828,0.06134570158217404,0.060117141898366436,0.8912674784660339,0.9362233877182007,0.9133670926094055,0.9123098254203796,6883,6129,6488,6398,299124.4375,103098.609375,205145.71875,204860.8125,87.41561126708984,90.83287811279297,89.0662841796875,89.08297729492188,False,False,False,False,-0.06134570158217404,-0.060117141898366436,1.417689000001701
0.3,0.2,50,0.65,0.5,0.03566563201596892,0.08955485316744753,0.06217164442969945,0.06190304850829873,0.8912674784660339,0.9376431703567505,0.914077877998352,0.9138467311859131,6883,6189,6495,6463,299124.4375,107018.84375,207055.0,206933.453125,87.41561126708984,90.97850036621094,89.1139144897461,89.1483154296875,False,False,False,False,-0.06217164442969945,-0.06190304850829873,1.3873112000001129
0.3,0.2,50,0.75,0.1,0.03566563201596892,0.08188387001148702,0.058257194793339406,0.057731985182204376,0.8912674784660339,0.9310417175292969,0.9107092022895813,0.9102572202682495,6883,5914,6364,6270,299124.4375,120982.7578125,213675.140625,213970.1875,87.41561126708984,90.4031982421875,88.8721694946289,88.8895034790039,False,False,False,False,-0.058257194793339406,-0.057731985182204376,1.4167229000013322
0.3,0.2,50,0.75,0.3,0.03566563201596892,0.08206207973447929,0.058257194793339406,0.057731985182204376,0.8912674784660339,0.931195080280304,0.9107092022895813,0.9102572202682495,6883,5864,6364,6270,299124.4375,121556.640625,213675.140625,213970.1875,87.41561126708984,90.39716339111328,88.8721694946289,88.8895034790039,False,False,False,False,-0.058257194793339406,-0.057731985182204376,1.332370100004482
0.3,0.2,50,0.75,0.5,0.03566563201596892,0.0814185022972293,0.058500163976494046,0.05793014220415576,0.8912674784660339,0.930641233921051,0.9109182953834534,0.9104277491569519,6883,5907,6344,6329,299124.4375,121583.96875,215266.9375,215323.734375,87.41561126708984,90.39805603027344,88.87749481201172,88.88567352294922,False,False,False,False,-0.058500163976494046,-0.05793014220415576,1.3456153000006452
0.3,0.2,50,0.85,0.1,0.03566563201596892,0.07941130533946944,0.05709290973951113,0.05592523087440163,0.8912674784660339,0.9289138913154602,0.909707248210907,0.9087023735046387,6883,5901,6616,6530,299124.4375,140842.484375,222935.5625,222147.625,87.41561126708984,90.15489196777344,88.7528305053711,88.75736236572266,False,False,False,False,-0.05709290973951113,-0.05592523087440163,1.314185399998678
0.3,0.2,50,0.85,0.3,0.03566563201596892,0.07977485871529005,0.05709290973951113,0.05592523087440163,0.8912674784660339,0.9292267560958862,0.909707248210907,0.9087023735046387,6883,5932,6616,6530,299124.4375,141180.0,222935.5625,222147.625,87.41561126708984,90.15836334228516,88.7528305053711,88.75736236572266,False,False,False,False,-0.05709290973951113,-0.05592523087440163,1.3229896999982884
0.3,0.2,50,0.85,0.5,0.03566563201596892,0.07980429483354567,0.05747093875936805,0.05696574570864684,0.8912674784660339,0.9292520880699158,0.9100325703620911,0.9095978140830994,6883,5901,6608,6564,299124.4375,141525.765625,223397.796875,223160.34375,87.41561126708984,90.1677474975586,88.77043151855469,88.79044342041016,False,False,False,False,-0.05747093875936805,-0.05696574570864684,1.3286482999974396
0.3,0.2,100,0.55,0.1,-0.06460175182997421,0.061332611167232126,-0.012283726778798652,-0.014564160175425412,0.8049799203872681,0.913355827331543,0.8500034809112549,0.8480409979820251,5987,6159,6285,6163,571351.5,129502.2109375,385403.625,385838.4375,81.33500671386719,89.47875213623047,84.89775848388672,84.927001953125,False,False,False,False,-0.06460175182997421,-0.06460175182997421,1.4056104000046616
0.3,0.2,100,0.55,0.3,-0.06460175182997421,0.06243172119216971,-0.012457365245779466,-0.014766819191933534,0.8049799203872681,0.9143016934394836,0.849854052066803,0.8478665947914124,5987,6152,6268,6162,571351.5,132571.15625,386039.4375,386717.4375,81.33500671386719,89.52630615234375,84.8980484008789,84.92557525634766,False,False,False,False,-0.06460175182997421,-0.06460175182997421,1.4125602999993134
0.3,0.2,100,0.55,0.5,-0.06460175182997421,0.08152073220439471,-0.00575867439116584,-0.007951353524663484,0.8049799203872681,0.9307292103767395,0.8556187748908997,0.8537318110466003,5987,6124,6317,6210,571351.5,121722.1484375,385245.0,386545.625,81.33500671386719,91.0445556640625,85.46036529541016,85.47816467285156,False,False,False,False,-0.06460175182997421,-0.06460175182997421,1.384116899993387
0.3,0.2,100,0.65,0.1,-0.06460175182997421,0.05383575130843546,-0.015631340669737488,-0.016739246899424402,0.8049799203872681,0.9069042205810547,0.8471226096153259,0.8461691737174988,5987,5998,6134,6030,571351.5,155923.046875,399543.96875,399869.90625,81.33500671386719,89.01274108886719,84.68034362792969,84.7472152709961,False,False,False,False,-0.06460175182997421,-0.06460175182997421,1.4011612999966019
0.3,0.2,100,0.65,0.3,-0.06460175182997421,0.053690163730615886,-0.015272012242654736,-0.016796318338112952,0.8049799203872681,0.9067789316177368,0.8474318385124207,0.8461200594902039,5987,5997,6155,6015,571351.5,156119.390625,399611.59375,399778.34375,81.33500671386719,89.00537872314453,84.68622589111328,84.74056243896484,False,False,False,False,-0.06460175182997421,-0.06460175182997421,1.3349485999933677
0.3,0.2,100,0.65,0.5,-0.06460175182997421,0.06025095502888376,-0.013207189754568572,-0.014784827170160502,0.8049799203872681,0.9124249815940857,0.8492087721824646,0.8478510975837708,5987,5863,6171,6091,571351.5,182480.1875,409538.9375,409706.375,81.33500671386719,89.63231658935547,84.80779266357422,84.84725189208984,False,False,False,False,-0.06460175182997421,-0.06460175182997421,1.3167902999994112
0.3,0.2,100,0.75,0.1,-0.06460175182997421,0.03827394913923596,-0.023128685358717194,-0.02465534634363586,0.8049799203872681,0.8935121297836304,0.8406705856323242,0.8393567800521851,5987,5635,5800,5715,571351.5,200787.953125,420622.90625,420534.75,81.33500671386719,88.0233383178711,84.1788101196289,84.21231842041016,False,False,False,False,-0.06460175182997421,-0.06460175182997421,1.3577201000007335
0.3,0.2,100,0.75,0.3,-0.06460175182997421,0.03837936507331845,-0.02306364885273595,-0.024658601632007657,0.8049799203872681,0.8936028480529785,0.8407265543937683,0.8393539786338806,5987,5632,5817,5717,571351.5,201426.71875,421217.53125,420410.71875,81.33500671386719,88.02848815917969,84.17430877685547,84.21517944335938,False,False,False,False,-0.06460175182997421,-0.06460175182997421,1.330327199997555
0.3,0.2,100,0.75,0.5,-0.06460175182997421,0.04053298074635451,-0.022261531945633913,-0.023699538268512114,0.8049799203872681,0.8954561948776245,0.8414168357849121,0.8401793241500854,5987,5560,5889,5806,571351.5,213629.421875,422787.6875,422363.6875,81.33500671386719,88.14974212646484,84.20600128173828,84.2517318725586,False,False,False,False,-0.06460175182997421,-0.06460175182997421,1.3498738999987836
0.3,0.2,100,0.85,0.1,-0.06460175182997421,0.027522632046097655,-0.026722731505546632,-0.02817355119754787,0.8049799203872681,0.884259819984436,0.8375776410102844,0.8363291025161743,5987,5228,6305,6310,571351.5,240957.4375,445609.21875,446047.28125,81.33500671386719,87.33708190917969,83.85330963134766,83.88748931884766,False,False,False,False,-0.06460175182997421,-0.06460175182997421,1.3145020000010845
0.3,0.2,100,0.85,0.3,-0.06460175182997421,0.02772556810842465,-0.026759647860911916,-0.028144669170929996,0.8049799203872681,0.8844344615936279,0.8375458717346191,0.8363539576530457,5987,5237,6372,6293,571351.5,240867.484375,446391.78125,445614.1875,81.33500671386719,87.34032440185547,83.8587875366211,83.8885498046875,False,False,False,False,-0.06460175182997421,-0.06460175182997421,1.3253165999994962
0.3,0.2,100,0.85,0.5,-0.06460175182997421,0.028312628198623842,-0.026576797620453462,-0.02780224053879871,0.8049799203872681,0.8849396705627441,0.8377032279968262,0.8366486430168152,5987,5224,6391,6320,571351.5,243461.09375,447539.5625,447280.3125,81.33500671386719,87.38573455810547,83.865478515625,83.90113067626953,False,False,False,False,-0.06460175182997421,-0.06460175182997421,1.3076849000062793
0.3,0.2,200,0.55,0.1,-0.2668244904348199,0.03799849633381805,-0.14594946892048058,-0.1505575027643978,0.6309521794319153,0.8932750821113586,0.7349741458892822,0.7310085892677307,1051,6143,5217,5109,997971.8125,146794.53125,694979.875,696247.1875,69.763427734375,87.91651153564453,77.13154602050781,77.20800018310547,False,False,False,False,-0.2668244904348199,-0.2668244904348199,1.3732180999941193
0.3,0.2,200,0.55,0.3,-0.2668244904348199,0.05888511914182287,-0.14255704286833848,-0.1477235318216559,0.6309521794319153,0.911249577999115,0.7378935813903809,0.7334474325180054,1051,6139,5199,5095,997971.8125,142483.015625,697113.6875,698955.0625,69.763427734375,89.30558776855469,77.26825714111328,77.32594299316406,False,False,False,False,-0.2668244904348199,-0.2668244904348199,1.3588661000030697
0.3,0.2,200,0.55,0.5,-0.2668244904348199,0.0815050791156282,-0.12028872330014209,-0.125728310169417,0.6309521794319153,0.9307157397270203,0.7570571303367615,0.7523759603500366,1051,6124,5177,5058,997971.8125,121761.046875,674841.8125,679182.625,69.763427734375,91.04435729980469,78.93252563476562,78.9891128540039,False,False,False,False,-0.2668244904348199,-0.2668244904348199,1.3816890000016429
0.3,0.2,200,0.65,0.1,-0.2668244904348199,0.021317152010538822,-0.16211848626320252,-0.16553730092959262,0.6309521794319153,0.8789195418357849,0.7210595011711121,0.718117356300354,1051,5983,4820,4764,997971.8125,185282.59375,727084.8125,726006.1875,69.763427734375,86.9588623046875,76.47940826416016,76.6087646484375,False,False,False,False,-0.2668244904348199,-0.2668244904348199,1.440827200000058
0.3,0.2,200,0.65,0.5,-0.2668244904348199,0.058814749503828256,-0.15793280877016244,-0.1605535929552789,0.6309521794319153,0.9111890196800232,0.7246615886688232,0.7224062085151672,1051,5859,4603,4473,997971.8125,186373.90625,749620.25,748175.375,69.763427734375,89.57112884521484,77.12330627441406,77.27045440673828,False,False,False,False,-0.2668244904348199,-0.2668244904348199,1.7235681999954977
0.3,0.2,200,0.65,0.3,-0.2668244904348199,0.03994273462923824,-0.16186415820147396,-0.16547662789525866,0.6309521794319153,0.8949482440948486,0.7212783694267273,0.7181695699691772,1051,5975,4828,4763,997971.8125,180462.875,727295.4375,727005.3125,69.763427734375,88.05268096923828,76.4969482421875,76.61321258544922,False,False,False,False,-0.2668244904348199,-0.2668244904348199,1.7734172999989823
0.3,0.2,200,0.75,0.1,-0.2534785007249943,-0.01993164587033771,-0.19245271780216783,-0.19612399047100906,0.6424373984336853,0.8434218764305115,0.6949546337127686,0.6917952299118042,1605,5522,2795,2726,978065.8125,279373.65625,808764.4375,807426.75,70.20955657958984,84.56839752197266,74.90714263916016,74.95413208007812,False,False,False,False,-0.2534785007249943,-0.2534785007249943,1.7052933000013581
0.3,0.2,200,0.75,0.3,-0.2534785007249943,-0.014171586250077486,-0.19244641500978837,-0.195629117377041,0.6424373984336853,0.8483788371086121,0.6949600577354431,0.6922211050987244,1605,5514,2770,2749,978065.8125,278442.75,809140.4375,807118.0625,70.20955657958984,84.69573974609375,74.9030532836914,74.97416687011719,False,False,False,False,-0.2534785007249943,-0.2534785007249943,1.675686800001131
0.3,0.2,200,0.75,0.5,-0.2534785007249943,0.021309256204700845,-0.19102828672441455,-0.19349039291676956,0.6424373984336853,0.8789127469062805,0.6961804628372192,0.6940616369247437,1605,5427,2966,2955,978065.8125,261362.03125,819190.375,818599.0,70.20955657958984,87.0155258178711,74.92045593261719,74.94932556152344,False,False,False,False,-0.2534785007249943,-0.2534785007249943,1.6010450000030687
0.3,0.2,200,0.85,0.1,-0.10334750999875676,-0.043021406291502765,-0.12312948186544646,-0.1229455234417125,0.7716363072395325,0.8235514163970947,0.7546124458312988,0.7547707557678223,6071,5168,5752,5760,733865.4375,342947.4375,712088.5625,707348.5,75.34071350097656,83.24502563476562,75.3172378540039,75.41477966308594,True,True,False,False,-0.10334750999875676,-0.10334750999875676,1.5876061000017216
0.3,0.2,200,0.85,0.3,-0.10334750999875676,-0.04306400208615502,-0.1249746070191636,-0.12380678963114466,0.7716363072395325,0.8235147595405579,0.7530245780944824,0.7540295720100403,6071,5168,5630,5716,733865.4375,343004.71875,713096.3125,708570.9375,75.34071350097656,83.24590301513672,75.29279327392578,75.39323425292969,True,True,False,False,-0.10334750999875676,-0.10334750999875676,1.6201875000042492
0.3,0.2,200,0.85,0.5,-0.10334750999875676,-0.002730563590846268,-0.1231817742637594,-0.12354186456684406,0.7716363072395325,0.8582246899604797,0.7545674443244934,0.7542575597763062,6071,5159,5692,5694,733865.4375,311972.71875,712915.6875,710720.375,75.34071350097656,85.36170959472656,75.41980743408203,75.48978424072266,True,True,False,False,-0.10334750999875676,-0.10334750999875676,1.591215699998429
0.3,0.2,300,0.55,0.1,-0.44682223251139613,0.036023921521230885,-0.26256996705578906,-0.26901890110468557,0.4760507047176361,0.891575813293457,0.6346135139465332,0.6290637254714966,0,6143,3377,3247,1284297.125,145769.578125,930975.8125,932933.375,59.475067138671875,87.54188537597656,70.24897766113281,70.3719711303711,False,False,False,False,-0.44682223251139613,-0.44682223251139613,1.6132424999959767
0.3,0.2,300,0.55,0.3,-0.44682223251139613,0.05685264175309053,-0.24473368797506864,-0.2521366293012662,0.4760507047176361,0.9095004796981812,0.6499629616737366,0.6435921788215637,0,6123,3357,3217,1284297.125,149036.625,925977.1875,931403.5625,59.475067138671875,89.17022705078125,71.23892974853516,71.3098373413086,False,False,False,False,-0.44682223251139613,-0.44682223251139613,1.5930888000002597
0.3,0.2,300,0.55,0.5,-0.44682223251139613,0.0815050791156282,-0.22115951293959812,-0.2278348626839714,0.4760507047176361,0.9307157397270203,0.6702502965927124,0.664505660533905,0,6124,3354,3216,1284297.125,121761.046875,899174.5625,902932.75,59.475067138671875,91.04435729980469,73.0043716430664,73.15289306640625,False,False,False,False,-0.44682223251139613,-0.44682223251139613,1.5782161000024644
0.3,0.2,300,0.65,0.1,-0.3580022780092457,0.011306516914166703,-0.3386885828379119,-0.34020935659917945,0.5524868965148926,0.8703046441078186,0.5691077709197998,0.5677990317344666,0,5972,1158,951,1177105.125,189888.921875,1064031.0,1061504.625,61.82106399536133,86.01325225830078,67.81497955322266,68.05890655517578,False,False,False,False,-0.3580022780092457,-0.3580022780092457,1.5657095999995363
0.3,0.2,300,0.65,0.5,-0.3580022780092457,0.058814749503828256,-0.3183458702338163,-0.3189427654505856,0.5524868965148926,0.9111890196800232,0.586614191532135,0.5861005187034607,0,5859,905,948,1177105.125,186373.90625,1058660.125,1053737.75,61.82106399536133,89.57112884521484,69.33734893798828,69.64248657226562,False,False,False,False,-0.3580022780092457,-0.3580022780092457,1.6945940000005066
0.3,0.2,300,0.65,0.3,-0.3580022780092457,0.027356473816226506,-0.33425266370897166,-0.33636901671936886,0.5524868965148926,0.8841168284416199,0.5729252099990845,0.5711039304733276,0,5870,936,782,1177105.125,224023.609375,1070864.125,1070829.5,61.82106399536133,87.14586639404297,67.91735076904297,68.03694152832031,False,False,False,False,-0.3580022780092457,-0.3580022780092457,1.713839600000938
0.3,0.2,300,0.75,0.1,-0.22733458719653526,-0.0510871104779075,-0.24797055279991162,-0.24926089370132867,0.6649361848831177,0.8166102766990662,0.6471773982048035,0.6460669636726379,2046,5467,1327,1365,986981.125,310003.71875,956369.8125,954913.375,67.10527801513672,82.38793182373047,67.6974868774414,67.83760833740234,True,True,False,False,-0.22733458719653526,-0.22733458719653526,1.7141512000016519
0.3,0.2,300,0.75,0.3,-0.22733458719653526,-0.020223582901978766,-0.2477461456866217,-0.24964931193939346,0.6649361848831177,0.8431706428527832,0.6473705172538757,0.6457327008247375,2046,5462,1347,1285,986981.125,295566.75,958510.4375,955172.0,67.10527801513672,83.89033508300781,67.80404663085938,67.79365539550781,True,True,False,False,-0.22733458719653526,-0.22733458719653526,1.7021128999986104
0.3,0.2,300,0.75,0.5,-0.22733458719653526,0.017155508242286264,-0.24444659924525794,-0.2466034702066658,0.6649361848831177,0.8753381371498108,0.6502100229263306,0.6483538746833801,2046,5377,1531,1593,986981.125,273307.09375,966564.1875,965661.9375,67.10527801513672,86.660888671875,68.19898223876953,68.2964096069336,True,True,False,False,-0.22733458719653526,-0.22733458719653526,1.5129748999970616
0.3,0.2,300,0.85,0.1,-0.09726503830677907,-0.08257212108703083,-0.159474291706391,-0.1559836529114572,0.7768707275390625,0.7895150780677795,0.7233350276947021,0.7263389825820923,5949,5159,4391,4690,734695.125,376836.0,807880.25,803290.0625,74.59461212158203,80.60000610351562,71.46159362792969,71.50048828125,True,True,False,False,-0.09726503830677907,-0.09726503830677907,1.5333165000047302
0.3,0.2,300,0.85,0.3,-0.09726503830677907,-0.057166119097149234,-0.15799001873176044,-0.15645788609191896,0.7768707275390625,0.8113788366317749,0.7246123552322388,0.7259308695793152,5949,5155,4389,4700,734695.125,361813.625,806321.5,803015.25,74.59461212158203,81.5095443725586,71.50767517089844,71.49223327636719,True,True,False,False,-0.09726503830677907,-0.09726503830677907,1.5301087999978336
0.3,0.2,300,0.85,0.5,-0.09726503830677907,-0.003405932035812328,-0.15714495972273254,-0.15128876520332218,0.7768707275390625,0.8576434850692749,0.7253395915031433,0.7303792834281921,5949,5152,4492,4615,734695.125,316417.375,807748.0625,800253.8125,74.59461212158203,85.22537994384766,71.7861099243164,71.74773406982422,True,True,False,False,-0.09726503830677907,-0.09726503830677907,1.5587459999951534
0.3,0.3,50,0.55,0.1,0.03566563201596892,0.07235356310359194,0.05161384384104634,0.05056100046786113,0.8912674784660339,0.9228401780128479,0.9049921035766602,0.9040860533714294,6883,6209,6452,6384,299124.4375,113053.359375,216880.921875,217753.765625,87.41561126708984,90.11111450195312,88.62090301513672,88.61677551269531,False,False,False,False,-0.05161384384104634,-0.05056100046786113,1.7187178999956814
0.3,0.3,50,0.55,0.3,0.03566563201596892,0.07255982371574544,0.05124184056775,0.05081865307941622,0.8912674784660339,0.923017680644989,0.9046719670295715,0.9043077826499939,6883,6201,6424,6400,299124.4375,113192.8125,218939.859375,217294.0,87.41561126708984,90.11863708496094,88.60050201416016,88.61979675292969,False,False,False,False,-0.05124184056775,-0.05081865307941622,1.7287588000035612
0.3,0.3,50,0.55,0.5,0.03566563201596892,0.08185651173687296,0.056561051028723074,0.055921421494392075,0.8912674784660339,0.9310181736946106,0.9092495441436768,0.908699095249176,6883,6160,6482,6427,299124.4375,122891.9453125,221642.78125,221778.125,87.41561126708984,90.94183349609375,88.94088745117188,88.94512939453125,False,False,False,False,-0.056561051028723074,-0.055921421494392075,1.705163900005573
0.3,0.3,50,0.65,0.1,0.03566563201596892,0.0670700222917992,0.04868907113116769,0.049136361605743716,0.8912674784660339,0.918293297290802,0.902475118637085,0.9028600454330444,6883,6050,6318,6309,299124.4375,136549.75,230763.453125,230209.265625,87.41561126708984,89.75577545166016,88.43576049804688,88.46820831298828,False,False,False,False,-0.04868907113116769,-0.049136361605743716,1.7120691000018269
0.3,0.3,50,0.65,0.3,0.03566563201596892,0.06696973170536592,0.04887607705890929,0.04801598831420736,0.8912674784660339,0.9182069897651672,0.9026360511779785,0.9018958806991577,6883,6062,6359,6285,299124.4375,136720.875,230184.5625,230380.40625,87.41561126708984,89.75021362304688,88.44230651855469,88.44696807861328,False,False,False,False,-0.04887607705890929,-0.04801598831420736,1.776055099995574
0.3,0.3,50,0.65,0.5,0.03566563201596892,0.07182274331462465,0.050966803331060406,0.05022251973864883,0.8912674784660339,0.9223833680152893,0.9044352769851685,0.9037947654724121,6883,6040,6395,6345,299124.4375,153705.015625,233567.125,232793.671875,87.41561126708984,90.05624389648438,88.5268783569336,88.54965209960938,False,False,False,False,-0.050966803331060406,-0.05022251973864883,1.7636356000002706
0.3,0.3,50,0.75,0.1,0.03566563201596892,0.05646055265792564,0.04408145285597877,0.043514201541829244,0.8912674784660339,0.9091630578041077,0.8985099196434021,0.8980217576026917,6883,5760,6167,6104,299124.4375,167100.328125,243643.546875,242983.3125,87.41561126708984,89.05294036865234,88.1263427734375,88.13217163085938,False,False,False,False,-0.04408145285597877,-0.043514201541829244,1.7526620999997249
0.3,0.3,50,0.75,0.3,0.03566563201596892,0.05646055265792564,0.04408145285597877,0.043514201541829244,0.8912674784660339,0.9091630578041077,0.8985099196434021,0.8980217576026917,6883,5760,6167,6104,299124.4375,167100.328125,243643.546875,242983.3125,87.41561126708984,89.05294036865234,88.1263427734375,88.13217163085938,False,False,False,False,-0.04408145285597877,-0.043514201541829244,1.7728963999979896
0.3,0.3,50,0.85,0.1,0.03566563201596892,0.0509185973585759,0.042975139639750394,0.042070654302573514,0.8912674784660339,0.9043937921524048,0.8975578546524048,0.896779477596283,6883,5492,6259,6193,299124.4375,200307.84375,259233.578125,258733.796875,87.41561126708984,88.60094451904297,87.936279296875,87.92671966552734,False,False,False,False,-0.042975139639750394,-0.042070654302573514,1.7581656000038492
0.3,0.3,50,0.85,0.3,0.03566563201596892,0.0509185973585759,0.042975139639750394,0.042070654302573514,0.8912674784660339,0.9043937921524048,0.8975578546524048,0.896779477596283,6883,5492,6259,6193,299124.4375,200307.84375,259233.578125,258733.796875,87.41561126708984,88.60094451904297,87.936279296875,87.92671966552734,False,False,False,False,-0.042975139639750394,-0.042070654302573514,1.7531976000027498
0.3,0.3,50,0.75,0.5,0.03566563201596892,0.05785250011341563,0.044471464107502086,0.04403975746023787,0.8912674784660339,0.9103609323501587,0.8988455533981323,0.8984740376472473,6883,5742,6147,6202,299124.4375,174186.0,245601.625,244858.359375,87.41561126708984,89.103515625,88.1377944946289,88.1420669555664,False,False,False,False,-0.044471464107502086,-0.04403975746023787,1.811698500001512
0.3,0.3,50,0.85,0.5,0.03566563201596892,0.05090058938034893,0.04297922606557882,0.043077092501096925,0.8912674784660339,0.9043782949447632,0.8975613713264465,0.8976455926895142,6883,5539,6285,6226,299124.4375,201794.328125,260520.859375,260722.328125,87.41561126708984,88.59306335449219,87.94229888916016,87.94975280761719,False,False,False,False,-0.04297922606557882,-0.043077092501096925,1.778944199999387
0.3,0.3,100,0.55,0.1,-0.06460175182997421,0.045816244512328366,-0.03013233439845907,-0.03255392263980338,0.8049799203872681,0.9000028371810913,0.8346434235572815,0.8325594663619995,5987,6158,6218,6105,571351.5,142262.296875,410215.53125,412288.71875,81.33500671386719,88.4852294921875,83.99967956542969,83.99868774414062,False,False,False,False,-0.06460175182997421,-0.06460175182997421,1.7668437999964226
0.3,0.3,100,0.55,0.3,-0.06460175182997421,0.057878680943299454,-0.03001071128397231,-0.03225658321469423,0.8049799203872681,0.9103834629058838,0.8347480893135071,0.8328153491020203,5987,6146,6221,6105,571351.5,143952.484375,412107.40625,413165.0,81.33500671386719,89.2162094116211,84.00170135498047,84.0118179321289,False,False,False,False,-0.06460175182997421,-0.06460175182997421,1.7591511999999057
0.3,0.3,100,0.55,0.5,-0.06460175182997421,0.07825886399439813,-0.019812377645311397,-0.022518353419732382,0.8049799203872681,0.9279221296310425,0.8435245156288147,0.841195821762085,5987,6122,6171,6051,571351.5,131936.15625,416410.1875,419540.84375,81.33500671386719,90.84197998046875,84.9280776977539,84.89730834960938,False,False,False,False,-0.06460175182997421,-0.06460175182997421,1.7558961000031559
0.3,0.3,100,0.65,0.1,-0.06460175182997421,0.03147538326691737,-0.035729421815765224,-0.03730726701572131,0.8049799203872681,0.8876614570617676,0.8298267126083374,0.8284688591957092,5987,5986,6066,5956,571351.5,180993.671875,432409.34375,434063.875,81.33500671386719,87.6639175415039,83.63983917236328,83.6759033203125,False,False,False,False,-0.06460175182997421,-0.06460175182997421,1.7661168000049656
0.3,0.3,100,0.65,0.3,-0.06460175182997421,0.03902384290947978,-0.03576239026821152,-0.037162579836813085,0.8049799203872681,0.8941574692726135,0.8297983407974243,0.828593373298645,5987,5984,6062,5951,571351.5,181923.90625,433726.5625,434532.15625,81.33500671386719,88.00904846191406,83.64009857177734,83.67786407470703,False,False,False,False,-0.06460175182997421,-0.06460175182997421,1.8638301999963005
0.3,0.3,100,0.75,0.1,-0.06460175182997421,0.0034254637660431175,-0.04998349845841317,-0.05054139947617562,0.8049799203872681,0.8635224103927612,0.8175600171089172,0.8170799016952515,5987,5588,5654,5533,571351.5,253880.734375,467177.65625,467759.125,81.33500671386719,86.02525329589844,82.82908630371094,82.8530044555664,False,False,False,False,-0.06460175182997421,-0.06460175182997421,1.8354128999999375
0.3,0.3,100,0.65,0.5,-0.06460175182997421,0.054461043721639596,-0.031702214531122465,-0.033774794302137166,0.8049799203872681,0.9074423313140869,0.8332924246788025,0.8315088152885437,5987,5861,6021,5911,571351.5,199637.046875,453154.1875,455517.84375,81.33500671386719,89.309326171875,83.93182373046875,83.9081039428711,False,False,False,False,-0.06460175182997421,-0.06460175182997421,1.8596733000013046
0.3,0.3,100,0.75,0.3,-0.06460175182997421,0.0031512576668101533,-0.04978825041755999,-0.05028284646570917,0.8049799203872681,0.8632864356040955,0.8177280426025391,0.817302405834198,5987,5587,5656,5590,571351.5,253922.21875,467040.34375,466680.0625,81.33500671386719,86.00411224365234,82.82869720458984,82.86500549316406,False,False,False,False,-0.06460175182997421,-0.06460175182997421,1.8843668999979855
0.3,0.3,100,0.75,0.5,-0.06460175182997421,0.02326159809032317,-0.04763061758015022,-0.04959120157888412,0.8049799203872681,0.8805928826332092,0.819584846496582,0.817897617816925,5987,5504,5655,5524,571351.5,258661.96875,473903.0625,475716.78125,81.33500671386719,87.16050720214844,82.89958953857422,82.89076232910156,False,False,False,False,-0.06460175182997421,-0.06460175182997421,1.8170933000001241
0.3,0.3,100,0.85,0.1,-0.06460175182997421,-0.015042618304625038,-0.058133355312301634,-0.05990534036983539,0.8049799203872681,0.8476292490959167,0.8105464577674866,0.809021532535553,5987,5209,5631,5524,571351.5,309201.1875,516608.125,516624.21875,81.33500671386719,84.93224334716797,82.19305419921875,82.16443634033203,False,False,False,False,-0.06460175182997421,-0.06460175182997421,1.8096519999962766
0.3,0.3,100,0.85,0.3,-0.06460175182997421,-0.015184881332618094,-0.058133355312301634,-0.05990534036983539,0.8049799203872681,0.8475068211555481,0.8105464577674866,0.809021532535553,5987,5209,5631,5524,571351.5,309449.96875,516608.125,516624.21875,81.33500671386719,84.92369842529297,82.19305419921875,82.16443634033203,False,False,False,False,-0.06460175182997421,-0.06460175182997421,1.821486000000732
0.3,0.3,100,0.85,0.5,-0.06460175182997421,-0.00619072734570366,-0.05652884445227868,-0.058391146446766164,0.8049799203872681,0.8552469611167908,0.8119272589683533,0.8103246092796326,5987,5190,5739,5627,571351.5,314749.5,520179.78125,518040.5,81.33500671386719,85.27532958984375,82.22026062011719,82.23783111572266,False,False,False,False,-0.06460175182997421,-0.06460175182997421,1.8854976000002353
0.3,0.3,200,0.55,0.3,-0.2668244904348199,0.056514715115515986,-0.14474757489673984,-0.1495768298270299,0.6309521794319153,0.909209668636322,0.7360084652900696,0.7318525314331055,1051,6134,5198,5095,997971.8125,149773.828125,703196.875,704628.0,69.763427734375,89.10604858398438,77.0725326538086,77.1182632446289,False,False,False,False,-0.2668244904348199,-0.2668244904348199,1.8527814999979455
0.3,0.3,200,0.55,0.1,-0.2668244904348199,0.03493166838031049,-0.16061807536962242,-0.16589406668285075,0.6309521794319153,0.8906358480453491,0.7223507165908813,0.717810332775116,1051,6144,5223,5101,997971.8125,147938.453125,706609.8125,709171.875,69.763427734375,87.46090698242188,76.17578887939453,76.21109771728516,False,False,False,False,-0.2668244904348199,-0.2668244904348199,1.8998806000017794
0.3,0.3,200,0.55,0.5,-0.2668244904348199,0.07825886399439813,-0.1229364501911443,-0.12828087182163514,0.6309521794319153,0.9279221296310425,0.7547785639762878,0.7501792907714844,1051,6122,5175,5058,997971.8125,131936.15625,683726.75,688602.625,69.763427734375,90.84197998046875,78.7414321899414,78.78416442871094,False,False,False,False,-0.2668244904348199,-0.2668244904348199,1.8778402999960235
0.3,0.3,200,0.65,0.1,-0.2668244904348199,0.010986944562092722,-0.1892965425720726,-0.19257531057702065,0.6309521794319153,0.870029628276825,0.6976707577705383,0.6948491334915161,1051,5978,4785,4720,997971.8125,190199.09375,755956.1875,755498.75,69.763427734375,85.96808624267578,75.08679962158203,75.19335174560547,False,False,False,False,-0.2668244904348199,-0.2668244904348199,1.8184385999993538
0.3,0.3,200,0.65,0.3,-0.2668244904348199,0.03188485698721676,-0.18613004738522423,-0.18815878465540176,0.6309521794319153,0.8880138397216797,0.7003957629203796,0.6986498832702637,1051,5923,4706,4707,997971.8125,210178.734375,768875.0625,762457.125,69.763427734375,87.4165267944336,75.4267349243164,75.60839080810547,False,False,False,False,-0.2668244904348199,-0.2668244904348199,1.8580511000036495
0.3,0.3,200,0.65,0.5,-0.2668244904348199,0.0541522761565018,-0.18583942632122286,-0.18578844989054957,0.6309521794319153,0.9071766138076782,0.7006458640098572,0.7006897330284119,1051,5859,4181,4104,997971.8125,200163.40625,805562.8125,801224.1875,69.763427734375,89.29060363769531,76.33220672607422,76.52276611328125,False,False,False,False,-0.2668244904348199,-0.2668244904348199,1.8562537000034354
0.3,0.3,200,0.75,0.1,-0.2534785007249943,-0.04892885428740525,-0.2522902512078332,-0.25606728611803053,0.6424373984336853,0.8184676170349121,0.6434599757194519,0.6402095556259155,1605,5507,2357,2116,978065.8125,302465.03125,893519.375,895861.625,70.20955657958984,82.44334411621094,72.33856964111328,72.32524108886719,False,True,False,False,-0.2534785007249943,-0.2534785007249943,1.8375693000052706
0.3,0.3,200,0.75,0.3,-0.2534785007249943,-0.018760642455401683,-0.25282681969754217,-0.25674687951173447,0.6424373984336853,0.844429612159729,0.642998218536377,0.6396247148513794,1605,5505,2356,2011,978065.8125,291664.46875,893915.375,896893.125,70.20955657958984,83.97986602783203,72.34030151367188,72.3135986328125,False,True,False,False,-0.2534785007249943,-0.2534785007249943,1.8459321999980602
0.3,0.3,200,0.75,0.5,-0.2534785007249943,0.014980975609925028,-0.24906079735864517,-0.24868643919588837,0.6424373984336853,0.8734667897224426,0.646239161491394,0.646561324596405,1605,5412,1989,1825,978065.8125,281987.65625,930994.5625,934411.5625,70.20955657958984,86.46904754638672,72.12512969970703,72.24417877197266,False,False,False,False,-0.2534785007249943,-0.2534785007249943,1.6721166999996058
0.3,0.3,200,0.85,0.3,-0.10334750999875676,-0.05946532234800487,-0.18096681372027862,-0.17893101178171975,0.7716363072395325,0.809400200843811,0.7048391103744507,0.7065910696983337,6071,5170,3963,3984,733865.4375,365938.15625,829908.0625,824591.1875,75.34071350097656,81.31813049316406,72.1842269897461,72.14463806152344,True,True,False,False,-0.10334750999875676,-0.10334750999875676,1.6706644000005326
0.3,0.3,200,0.85,0.1,-0.10334750999875676,-0.08526888508797417,-0.18039014284828728,-0.17969461931999797,0.7716363072395325,0.7871943116188049,0.7053353786468506,0.7059339284896851,6071,5168,3898,3890,733865.4375,380607.71875,828658.6875,825179.625,75.34071350097656,80.37604522705078,72.19010162353516,72.16153717041016,True,True,False,False,-0.10334750999875676,-0.10334750999875676,1.7138291000010213
0.3,0.3,200,0.85,0.5,-0.10334750999875676,-0.007597427491048823,-0.17774657164456822,-0.17653622772335173,0.7716363072395325,0.8540363907814026,0.7076103687286377,0.7086519598960876,6071,5156,3966,3928,733865.4375,330652.84375,828180.625,822920.125,75.34071350097656,84.7686538696289,72.34307098388672,72.29535675048828,True,True,False,False,-0.10334750999875676,-0.10334750999875676,1.6844699000066612
0.3,0.3,300,0.55,0.1,-0.44682223251139613,0.03474480097547833,-0.26701558278839,-0.2742263928391967,0.4760507047176361,0.8904750347137451,0.63078773021698,0.6245822906494141,0,6143,3378,3247,1284297.125,147440.390625,931629.8125,934053.125,59.475067138671875,87.35110473632812,69.61304473876953,69.69086456298828,False,False,False,False,-0.44682223251139613,-0.44682223251139613,1.6989659999962896
0.3,0.3,300,0.55,0.5,-0.44682223251139613,0.07825886399439813,-0.22397353658338093,-0.23048480594152462,0.4760507047176361,0.9279221296310425,0.6678286194801331,0.6622251868247986,0,6122,3352,3207,1284297.125,131936.15625,908394.6875,912302.125,59.475067138671875,90.84197998046875,72.81361389160156,72.95016479492188,False,False,False,False,-0.44682223251139613,-0.44682223251139613,1.656432900002983
0.3,0.3,300,0.55,0.3,-0.44682223251139613,0.055128239314948806,-0.24651737821844993,-0.2536858695204233,0.4760507047176361,0.9080165028572083,0.6484279632568359,0.6422589421272278,0,6123,3355,3211,1284297.125,154305.265625,932171.375,936778.5,59.475067138671875,89.00808715820312,71.06427001953125,71.13711547851562,False,False,False,False,-0.44682223251139613,-0.44682223251139613,1.6793857000011485
0.3,0.3,300,0.65,0.1,-0.3580022780092457,0.009946845296575817,-0.4133626124589583,-0.40984115231667445,0.5524868965148926,0.8691345453262329,0.5048452019691467,0.5078756809234619,0,5973,966,965,1177105.125,190534.09375,1154261.25,1144241.875,61.82106399536133,85.67439270019531,65.14583587646484,65.55384063720703,True,True,False,False,-0.3580022780092457,-0.3580022780092457,1.6405194999970263
0.3,0.3,300,0.65,0.5,-0.3580022780092457,0.0541522761565018,-0.38431138010720983,-0.38210630317331745,0.5524868965148926,0.9071766138076782,0.5298459529876709,0.531743586063385,0,5859,112,165,1177105.125,200163.40625,1165299.625,1157440.5,61.82106399536133,89.29060363769531,67.28125,67.6494369506836,True,True,False,False,-0.3580022780092457,-0.3580022780092457,1.6108101999998325
0.3,0.3,300,0.65,0.3,-0.3580022780092457,0.024610949751160908,-0.3969555434963667,-0.396833158505878,0.5524868965148926,0.8817541003227234,0.5189647078514099,0.519070029258728,0,5863,448,689,1177105.125,232270.578125,1169057.625,1154170.875,61.82106399536133,86.85519409179688,65.9200210571289,66.1181640625,True,True,False,False,-0.3580022780092457,-0.3580022780092457,1.6303838999956497
0.3,0.3,300,0.75,0.1,-0.22733458719653526,-0.06708228156928449,-0.3264849223007686,-0.32743401201478456,0.6649361848831177,0.8028452396392822,0.5796099305152893,0.5787931680679321,2046,5454,321,196,986981.125,315476.4375,1077882.375,1074456.125,67.10527801513672,80.63481140136719,63.623313903808594,63.596370697021484,True,True,False,False,-0.22733458719653526,-0.22733458719653526,1.637190699999337
0.3,0.3,300,0.75,0.3,-0.22733458719653526,-0.025851768712453798,-0.32647370194510406,-0.32610315316235683,0.6649361848831177,0.838327169418335,0.5796195864677429,0.5799384713172913,2046,5443,247,199,986981.125,311415.0625,1080742.125,1075221.125,67.10527801513672,83.3067398071289,63.653350830078125,63.63975143432617,True,True,False,False,-0.22733458719653526,-0.22733458719653526,1.6429391000056057
0.3,0.3,300,0.75,0.5,-0.22733458719653526,0.011962422890356693,-0.31658552110067534,-0.3037423695521104,0.6649361848831177,0.8708691000938416,0.5881291031837463,0.599181592464447,2046,5376,416,426,986981.125,291079.625,1097976.0,1083818.875,67.10527801513672,86.19600677490234,64.0584487915039,64.36992645263672,True,True,False,False,-0.22733458719653526,-0.22733458719653526,1.7330170999994152
0.3,0.3,300,0.85,0.1,-0.09726503830677907,-0.11079796468289163,-0.2522039514352532,-0.2479393158838333,0.7768707275390625,0.7652246356010437,0.643534243106842,0.6472042798995972,5949,5159,1811,1680,734695.125,385952.78125,976462.25,969548.9375,74.59461212158203,78.07777404785156,66.66535949707031,66.64457702636719,True,True,False,False,-0.11079796468289163,-0.11079796468289163,1.7182509999984177
0.3,0.3,300,0.85,0.3,-0.09726503830677907,-0.06150347917602418,-0.2511287366121937,-0.24926033960969093,0.7768707275390625,0.8076462149620056,0.6444595456123352,0.6460674405097961,5949,5155,2018,1844,734695.125,374323.0,974381.0625,969981.0,74.59461212158203,80.80350494384766,66.69669342041016,66.60562133789062,True,True,False,False,-0.09726503830677907,-0.09726503830677907,1.7364664999986417
0.3,0.3,300,0.85,0.5,-0.09726503830677907,-0.008091815754833843,-0.24702492615863159,-0.24506676631081287,0.7768707275390625,0.8536109328269958,0.6479911804199219,0.6496763229370117,5949,5152,1748,1991,734695.125,333779.6875,975958.125,965718.25,74.59461212158203,84.67766571044922,66.89762115478516,66.88075256347656,True,True,False,False,-0.09726503830677907,-0.09726503830677907,1.7028005000029225
0.3,0.4,50,0.55,0.3,0.03566563201596892,0.06180532059569007,0.03966340318235606,0.03902550518439304,0.8912674784660339,0.913762629032135,0.8947078585624695,0.8941588997840881,6883,6191,6349,6289,299124.4375,129486.125,236584.65625,236211.90625,87.41561126708984,89.4883804321289,88.05615234375,88.05457305908203,False,False,False,False,-0.03966340318235606,-0.03902550518439304,1.5872827999992296
0.3,0.4,50,0.55,0.1,0.03566563201596892,0.05947744310258072,0.040409141265316736,0.03957045431012301,0.8912674784660339,0.9117593169212341,0.8953496217727661,0.8946278691291809,6883,6196,6354,6310,299124.4375,126715.4765625,237176.171875,236300.8125,87.41561126708984,89.38333892822266,88.07569885253906,88.0633773803711,False,False,False,False,-0.040409141265316736,-0.03957045431012301,1.6110803000046872
0.3,0.4,50,0.55,0.5,0.03566563201596892,0.0758013290580546,0.04550311347554326,0.0453474137253347,0.8912674784660339,0.9258072376251221,0.8997333645820618,0.8995993733406067,6883,6122,6361,6305,299124.4375,140034.15625,242957.78125,243371.15625,87.41561126708984,90.63786315917969,88.4615478515625,88.47085571289062,False,False,False,False,-0.04550311347554326,-0.0453474137253347,1.5957830999977887
0.3,0.4,50,0.65,0.1,0.03566563201596892,0.05063123158294631,0.036500440329698375,0.036803251409730335,0.8912674784660339,0.9041464924812317,0.8919858932495117,0.8922464847564697,6883,6041,6223,6220,299124.4375,157373.09375,252111.875,250971.5,87.41561126708984,88.83536529541016,87.82050323486328,87.84661102294922,False,False,False,False,-0.036500440329698375,-0.036803251409730335,1.6072860999993281
0.3,0.4,50,0.65,0.3,0.03566563201596892,0.05028811033626782,0.036917671332926304,0.035628023046056445,0.8912674784660339,0.9038512110710144,0.8923449516296387,0.8912351131439209,6883,6033,6266,6167,299124.4375,158985.25,251957.78125,252369.5625,87.41561126708984,88.83314514160156,87.82481384277344,87.81179809570312,False,True,False,False,-0.036917671332926304,-0.035628023046056445,1.5419442999991588
0.3,0.4,50,0.65,0.5,0.03566563201596892,0.05863979506920778,0.0388474339843102,0.039402703066793325,0.8912674784660339,0.9110384583473206,0.8940056562423706,0.8944835066795349,6883,5937,6269,6245,299124.4375,189172.953125,257683.578125,257540.5625,87.41561126708984,89.42375946044922,87.96866607666016,88.00859069824219,False,False,False,False,-0.0388474339843102,-0.039402703066793325,1.5289952000021003
0.3,0.4,50,0.75,0.1,0.03566563201596892,0.032962149653917826,0.02926905962684006,0.02965609263581046,0.8912674784660339,0.8889409303665161,0.8857627511024475,0.8860958218574524,6883,5684,6079,6026,299124.4375,209189.25,271327.28125,272752.90625,87.41561126708984,87.76554870605469,87.37971496582031,87.37623596191406,True,True,False,False,-0.02926905962684006,-0.02965609263581046,1.543769500000053
0.3,0.4,50,0.75,0.3,0.03566563201596892,0.032962149653917826,0.02926905962684006,0.02965609263581046,0.8912674784660339,0.8889409303665161,0.8857627511024475,0.8860958218574524,6883,5684,6079,6026,299124.4375,209189.25,271327.28125,272752.90625,87.41561126708984,87.76554870605469,87.37971496582031,87.37623596191406,True,True,False,False,-0.02926905962684006,-0.02965609263581046,1.5699210000020685
0.3,0.4,50,0.75,0.5,0.03566563201596892,0.03695978229739553,0.030885968287257728,0.029512929208906052,0.8912674784660339,0.8923811912536621,0.887154221534729,0.8859726190567017,6883,5648,6073,6008,299124.4375,220379.3125,273559.1875,273779.84375,87.41561126708984,87.92625427246094,87.41476440429688,87.38922119140625,True,True,False,False,-0.030885968287257728,-0.029512929208906052,1.7080010999998194
0.3,0.4,50,0.85,0.1,0.03566563201596892,0.022476103932353723,0.02512867912518627,0.02587739545069987,0.8912674784660339,0.8799169063568115,0.8821996450424194,0.8828439712524414,6883,5369,5950,5931,299124.4375,250872.921875,293281.53125,292415.5625,87.41561126708984,87.05934143066406,87.05757904052734,87.05583953857422,False,False,False,False,-0.02512867912518627,-0.02587739545069987,1.7005798000027426
0.3,0.4,50,0.85,0.3,0.03566563201596892,0.022476103932353723,0.02512867912518627,0.02587739545069987,0.8912674784660339,0.8799169063568115,0.8821996450424194,0.8828439712524414,6883,5369,5950,5931,299124.4375,250872.921875,293281.53125,292415.5625,87.41561126708984,87.05934143066406,87.05757904052734,87.05583953857422,False,False,False,False,-0.02512867912518627,-0.02587739545069987,1.7007918000017526
0.3,0.4,50,0.85,0.5,0.03566563201596892,0.022153345553362663,0.026335629235121515,0.026972142003990153,0.8912674784660339,0.8796391487121582,0.8832383155822754,0.8837860822677612,6883,5377,5932,5971,299124.4375,249855.125,293191.46875,293220.15625,87.41561126708984,87.0635757446289,87.0970687866211,87.09737396240234,False,False,False,False,-0.026335629235121515,-0.026972142003990153,1.6933618999973987
0.3,0.4,100,0.55,0.3,-0.06460175182997421,0.05598756618364883,-0.04089043911415985,-0.04382199944660098,0.8049799203872681,0.9087560176849365,0.8253852725028992,0.822862446308136,5987,6146,6187,6069,571351.5,149334.28125,430798.625,432506.25,81.33500671386719,89.06233215332031,83.37096405029297,83.33869171142578,False,False,False,False,-0.06460175182997421,-0.06460175182997421,1.5754710000037448
0.3,0.4,100,0.55,0.1,-0.06460175182997421,0.03882921822171908,-0.042506516637120885,-0.045273511753149406,0.8049799203872681,0.8939899802207947,0.823994517326355,0.8216133117675781,5987,6165,6204,6088,571351.5,143043.46875,424126.65625,425772.09375,81.33500671386719,87.91864013671875,83.31566619873047,83.28855895996094,False,False,False,False,-0.06460175182997421,-0.06460175182997421,1.5940773999973317
0.3,0.4,100,0.55,0.5,-0.06460175182997421,0.0753153214302906,-0.024001448949632725,-0.027432107324779773,0.8049799203872681,0.9253889918327332,0.8399195075035095,0.8369671702384949,5987,6121,6154,6032,571351.5,140723.5,427886.125,432467.5625,81.33500671386719,90.63525390625,84.6856689453125,84.64325714111328,False,False,False,False,-0.06460175182997421,-0.06460175182997421,1.580893999998807
0.3,0.4,100,0.65,0.1,-0.06460175182997421,0.019510674748554946,-0.051627973177809046,-0.05332474029551785,0.8049799203872681,0.8773649334907532,0.8161448240280151,0.8146846294403076,5987,5987,6045,5932,571351.5,188712.8125,454785.6875,455809.625,81.33500671386719,86.7818603515625,82.78277587890625,82.78926086425781,False,False,False,False,-0.06460175182997421,-0.06460175182997421,1.6155048000000534
0.3,0.4,100,0.65,0.3,-0.06460175182997421,0.03684058333382394,-0.05191997947090482,-0.05345661410530304,0.8049799203872681,0.8922786116600037,0.8158935308456421,0.8145711421966553,5987,5983,6040,5929,571351.5,188896.328125,456115.0625,456591.71875,81.33500671386719,87.77439880371094,82.77649688720703,82.78872680664062,False,False,False,False,-0.06460175182997421,-0.06460175182997421,1.600803300003463
0.3,0.4,100,0.65,0.5,-0.06460175182997421,0.050598609437773605,-0.04648731874710184,-0.04850483566161485,0.8049799203872681,0.9041184186935425,0.8205687403678894,0.818832516670227,5987,5861,5916,5802,571351.5,212014.078125,490504.4375,492854.4375,81.33500671386719,89.01947021484375,83.2425537109375,83.20387268066406,False,False,False,False,-0.06460175182997421,-0.06460175182997421,1.585879999998724
0.3,0.4,100,0.75,0.1,-0.06460175182997421,-0.022050977123287813,-0.0740625202373313,-0.0755972848124521,0.8049799203872681,0.8415980339050293,0.7968382239341736,0.7955174446105957,5987,5571,5601,5442,571351.5,280949.15625,507471.0625,508732.375,81.33500671386719,84.4051742553711,81.55770874023438,81.52105712890625,True,True,False,False,-0.06460175182997421,-0.06460175182997421,1.6089579999970738
0.3,0.4,100,0.75,0.3,-0.06460175182997421,-0.012918161704025719,-0.0747800689082213,-0.07561189897939784,0.8049799203872681,0.8494575023651123,0.7962207198143005,0.7955048680305481,5987,5570,5558,5446,571351.5,277521.625,508293.71875,509177.90625,81.33500671386719,84.62078857421875,81.54898834228516,81.51551818847656,True,True,False,False,-0.06460175182997421,-0.06460175182997421,1.599931299999298
0.3,0.4,100,0.85,0.1,-0.06460175182997421,-0.05199131876926551,-0.09436284483113884,-0.09549499256997744,0.8049799203872681,0.8158321380615234,0.7793682813644409,0.7783939838409424,5987,5197,4889,4953,571351.5,352689.6875,582363.75,582286.5,81.33500671386719,82.72509765625,80.35678100585938,80.35274505615234,True,True,False,False,-0.06460175182997421,-0.06460175182997421,1.4532661999983247
0.3,0.4,100,0.75,0.5,-0.06460175182997421,0.013487075293088503,-0.07068830994778033,-0.072772733427552,0.8049799203872681,0.8721811771392822,0.7997419834136963,0.7979481816291809,5987,5473,5496,5403,571351.5,286605.125,529630.3125,525219.6875,81.33500671386719,86.52322387695312,81.63532257080078,81.62080383300781,True,True,False,False,-0.06460175182997421,-0.06460175182997421,1.4727960999953211
0.3,0.4,100,0.85,0.3,-0.06460175182997421,-0.051826060938305704,-0.09436284483113884,-0.09549499256997744,0.8049799203872681,0.8159743547439575,0.7793682813644409,0.7783939838409424,5987,5197,4889,4953,571351.5,352663.9375,582363.75,582286.5,81.33500671386719,82.72577667236328,80.35678100585938,80.35274505615234,True,True,False,False,-0.06460175182997421,-0.06460175182997421,1.4670340000011493
0.3,0.4,100,0.85,0.5,-0.06460175182997421,-0.015091724676020888,-0.09199181745173948,-0.0927804283751713,0.8049799203872681,0.847586989402771,0.7814087271690369,0.7807300686836243,5987,5171,4973,4865,571351.5,343704.1875,584619.5625,582048.375,81.33500671386719,84.49059295654297,80.46253204345703,80.4551773071289,True,True,False,False,-0.06460175182997421,-0.06460175182997421,1.475206100003561
0.3,0.4,200,0.55,0.1,-0.2668244904348199,0.03413183710121419,-0.16561431966724027,-0.17109262368970315,0.6309521794319153,0.8899475336074829,0.7180510759353638,0.7133365869522095,1051,6143,5230,5109,997971.8125,149266.40625,706815.4375,708157.0625,69.763427734375,87.31051635742188,75.6357421875,75.6588134765625,False,False,False,False,-0.2668244904348199,-0.2668244904348199,1.3900098000012804
0.3,0.4,200,0.55,0.3,-0.2668244904348199,0.05438063117271071,-0.14673212335880653,-0.15140962644180705,0.6309521794319153,0.9073731303215027,0.7343006134033203,0.7302752733230591,1051,6134,5198,5095,997971.8125,155218.671875,708696.375,709922.1875,69.763427734375,88.95297241210938,76.92488098144531,76.96558380126953,False,False,False,False,-0.2668244904348199,-0.2668244904348199,1.3823458999977447
0.3,0.4,200,0.55,0.5,-0.2668244904348199,0.0753153214302906,-0.12589751590329576,-0.13136092871299404,0.6309521794319153,0.9253889918327332,0.7522303462028503,0.7475286722183228,1051,6121,5173,5052,997971.8125,140723.5,693233.75,698268.9375,69.763427734375,90.63525390625,78.52384185791016,78.56430053710938,False,False,False,False,-0.2668244904348199,-0.2668244904348199,1.3732655999992858
0.3,0.4,200,0.65,0.1,-0.2668244904348199,0.010019846869849762,-0.2067254257761352,-0.21037259545873419,0.6309521794319153,0.8691973686218262,0.6826719045639038,0.6795332431793213,1051,5978,4781,4708,997971.8125,190957.546875,768836.875,768431.1875,69.763427734375,85.6934814453125,74.09785461425781,74.20735168457031,False,False,False,False,-0.2668244904348199,-0.2668244904348199,1.3801487000018824
0.3,0.4,200,0.65,0.5,-0.2668244904348199,0.05041416618385661,-0.21314755564205543,-0.21343893858205873,0.6309521794319153,0.9039596915245056,0.6771451830863953,0.6768944263458252,1051,5859,3906,3783,997971.8125,212516.734375,861788.5,857365.0625,69.763427734375,89.00009155273438,75.55789184570312,75.7282485961914,False,False,False,False,-0.2668244904348199,-0.2668244904348199,1.294643499997619
0.3,0.4,200,0.75,0.1,-0.2534785007249943,-0.06266021473128806,-0.3163858403267201,-0.3193758573269442,0.6424373984336853,0.8066507577896118,0.5883009433746338,0.5857278108596802,1605,5491,1838,1582,978065.8125,307831.28125,976705.4375,985006.6875,70.20955657958984,81.09130859375,69.87278747558594,69.68941497802734,True,True,False,False,-0.2534785007249943,-0.2534785007249943,1.2867781999957515
0.3,0.4,200,0.65,0.3,-0.2668244904348199,0.025582272392141735,-0.21142439991009862,-0.20921440541292122,0.6309521794319153,0.8825899958610535,0.6786280870437622,0.6805299520492554,1051,5894,4570,4519,997971.8125,226858.78125,811608.1875,804827.6875,69.763427734375,86.96346282958984,74.70285034179688,74.92520904541016,False,False,False,False,-0.2668244904348199,-0.2668244904348199,1.3224898999978905
0.3,0.4,200,0.75,0.3,-0.2534785007249943,-0.026000888624464046,-0.31636928683904225,-0.3178363829729025,0.6424373984336853,0.8381988406181335,0.5883151888847351,0.5870526432991028,1605,5470,1773,1623,978065.8125,310923.53125,979130.0,983711.25,70.20955657958984,83.294921875,69.81366729736328,69.72537994384766,True,True,False,False,-0.2534785007249943,-0.2534785007249943,1.2966385999970953
0.3,0.4,200,0.75,0.5,-0.2534785007249943,0.007387703806159352,-0.3105054042981581,-0.3110112899634265,0.6424373984336853,0.866932213306427,0.593361496925354,0.5929261445999146,1605,5405,1352,1356,978065.8125,301495.84375,1048992.625,1044666.3125,70.20955657958984,85.98568725585938,69.2305679321289,69.14800262451172,True,True,False,False,-0.2534785007249943,-0.2534785007249943,1.2725737000000663
0.3,0.4,200,0.85,0.3,-0.10334750999875676,-0.0634648943122147,-0.24904362051787482,-0.24844360853564315,0.7716363072395325,0.8059582710266113,0.6462539434432983,0.6467702984809875,6071,5164,2685,2593,733865.4375,376248.0625,947368.125,944711.75,75.34071350097656,80.6294174194336,68.77842712402344,68.70101165771484,True,True,False,False,-0.10334750999875676,-0.10334750999875676,1.2681589999992866
0.3,0.4,200,0.85,0.1,-0.10334750999875676,-0.10772608064318957,-0.2482364475245783,-0.24748904716670436,0.7716363072395325,0.7678682208061218,0.6469485759735107,0.647591769695282,6071,5163,2744,2909,733865.4375,388303.4375,946483.0625,940686.375,75.34071350097656,78.44155883789062,68.81712341308594,68.69879913330078,True,True,False,False,-0.10772608064318957,-0.10772608064318957,1.2911501999988104
0.3,0.4,200,0.85,0.5,-0.10334750999875676,-0.016052311791520252,-0.24322288786328067,-0.24029368242029997,0.7716363072395325,0.8467603325843811,0.6512631177902222,0.653783917427063,6071,5153,2630,2709,733865.4375,354230.4375,947881.625,941267.3125,75.34071350097656,84.20466613769531,69.09919738769531,69.05072784423828,True,True,False,False,-0.10334750999875676,-0.10334750999875676,1.2759495999998762
0.3,0.4,300,0.55,0.1,-0.44682223251139613,0.0341634203245661,-0.2678381318246342,-0.2749435259413584,0.4760507047176361,0.8899747133255005,0.6300798654556274,0.6239651441574097,0,6143,3379,3249,1284297.125,148776.5,932177.1875,934519.25,59.475067138671875,87.25115966796875,69.4151611328125,69.48249053955078,False,False,False,False,-0.44682223251139613,-0.44682223251139613,1.3510448000015458
0.3,0.4,300,0.55,0.3,-0.44682223251139613,0.05318760261517401,-0.24854646179590104,-0.2554979569602394,0.4760507047176361,0.9063464403152466,0.6466817855834961,0.6406995058059692,0,6123,3355,3208,1284297.125,159574.21875,937465.5625,941717.125,59.475067138671875,88.85258483886719,70.9125747680664,70.9711685180664,False,False,False,False,-0.44682223251139613,-0.44682223251139613,1.3490554000018165
0.3,0.4,300,0.55,0.5,-0.44682223251139613,0.0753153214302906,-0.22657901398700447,-0.2337727164584956,0.4760507047176361,0.9253889918327332,0.6655864119529724,0.659395694732666,0,6121,3354,3194,1284297.125,140723.5,916664.5625,922005.1875,59.475067138671875,90.63525390625,72.61497497558594,72.7345199584961,False,False,False,False,-0.44682223251139613,-0.44682223251139613,1.3361694999985048
0.3,0.4,300,0.65,0.1,-0.3580022780092457,0.009107050158106585,-0.4751579247744414,-0.47284407272591267,0.5524868965148926,0.8684118390083313,0.4516657292842865,0.45365697145462036,0,5973,807,652,1177105.125,191917.90625,1232868.75,1221468.75,61.82106399536133,85.52092742919922,63.08352279663086,63.416351318359375,True,True,False,False,-0.3580022780092457,-0.3580022780092457,1.3407598999983747
0.3,0.4,300,0.65,0.3,-0.3580022780092457,0.021441891890487945,-0.4580617735988494,-0.4543405634211557,0.5524868965148926,0.8790268898010254,0.46637824177742004,0.46958062052726746,0,5863,426,459,1177105.125,240230.15625,1246721.375,1228843.375,61.82106399536133,86.6430435180664,64.10848236083984,64.33446502685547,True,True,False,False,-0.3580022780092457,-0.3580022780092457,1.312706500000786
0.3,0.4,300,0.65,0.5,-0.3580022780092457,0.05041416618385661,-0.4357337852874125,-0.4319141892132903,0.5524868965148926,0.9039596915245056,0.48559314012527466,0.4888801872730255,0,5859,0,0,1177105.125,212516.734375,1251183.0,1241971.5,61.82106399536133,89.00009155273438,64.91384887695312,65.37092590332031,True,True,False,False,-0.3580022780092457,-0.3580022780092457,1.3004218999994919
0.3,0.4,300,0.75,0.1,-0.22733458719653526,-0.07016580153337934,-0.4268280781781744,-0.4271077213016028,0.6649361848831177,0.8001916408538818,0.49325716495513916,0.4930165112018585,2046,5442,19,38,986981.125,317621.1875,1207842.125,1202166.875,67.10527801513672,79.97643280029297,59.34054183959961,59.30527114868164,True,True,False,False,-0.22733458719653526,-0.22733458719653526,1.3172439000045415
0.3,0.4,300,0.75,0.3,-0.22733458719653526,-0.03232065006030941,-0.4237107586241766,-0.4222367017141171,0.6649361848831177,0.832760214805603,0.49593985080718994,0.4972083866596222,2046,5420,9,1,986981.125,326726.21875,1212195.75,1203175.75,67.10527801513672,82.74666595458984,59.40430450439453,59.35844802856445,True,True,False,False,-0.22733458719653526,-0.22733458719653526,1.3016021000003093
0.3,0.4,300,0.75,0.5,-0.22733458719653526,0.0045188943516937365,-0.3945035494764007,-0.3904290366181848,0.6649361848831177,0.8644633889198303,0.5210748314857483,0.524581253528595,2046,5374,181,113,986981.125,309440.8125,1219318.625,1211096.5,67.10527801513672,85.74512481689453,59.62338638305664,59.528785705566406,True,True,False,False,-0.22733458719653526,-0.22733458719653526,1.3195495999971172
0.3,0.4,300,0.85,0.1,-0.09726503830677907,-0.11310222401994176,-0.36645002837988105,-0.3605614887611169,0.7768707275390625,0.7632416486740112,0.545216977596283,0.5502845048904419,5949,5158,881,911,734695.125,380409.28125,1138932.0,1131702.875,74.59461212158203,77.05220031738281,61.32216262817383,61.23001480102539,True,True,False,False,-0.11310222401994176,-0.11310222401994176,1.3661862000008114
0.3,0.4,300,0.85,0.5,-0.09726503830677907,-0.01592507849920124,-0.35120385065983656,-0.34356445072722797,0.7768707275390625,0.8468698263168335,0.5583374500274658,0.5649117231369019,5949,5152,913,896,734695.125,354732.90625,1143563.25,1136525.875,74.59461212158203,84.1552963256836,61.81148910522461,61.84389877319336,True,True,False,False,-0.09726503830677907,-0.09726503830677907,1.316507499999716
0.3,0.4,300,0.85,0.3,-0.09726503830677907,-0.06577060813981395,-0.3667157845816383,-0.3586252847944441,0.7768707275390625,0.8039740324020386,0.5449882745742798,0.5519507527351379,5949,5152,871,1276,734695.125,386746.40625,1139790.0,1126585.875,74.59461212158203,80.29329681396484,61.316864013671875,61.252784729003906,True,True,False,False,-0.09726503830677907,-0.09726503830677907,1.3506609000032768
0.3,0.5,50,0.55,0.1,0.03566563201596892,0.05073872536067037,0.029725007783255975,0.029137878431602062,0.8912674784660339,0.9042389988899231,0.8861551284790039,0.8856498599052429,6883,6195,6304,6250,299124.4375,132279.234375,250335.25,249108.828125,87.41561126708984,88.80538940429688,87.57512664794922,87.5660171508789,True,True,False,False,-0.029725007783255975,-0.029137878431602062,1.308637500005716
0.3,0.5,50,0.55,0.3,0.03566563201596892,0.05764069858488459,0.028815327836975158,0.028442701210586337,0.8912674784660339,0.9101786613464355,0.8853722810745239,0.8850516080856323,6883,6175,6297,6236,299124.4375,142084.40625,251654.015625,251235.546875,87.41561126708984,89.18451690673828,87.54422760009766,87.52342987060547,True,True,False,False,-0.028815327836975158,-0.028442701210586337,1.2875236000036239
0.3,0.5,50,0.55,0.5,0.03566563201596892,0.07257990953761399,0.03692300446493968,0.03563072424279049,0.8912674784660339,0.9230349659919739,0.8923495411872864,0.8912374377250671,6883,6122,6287,6218,299124.4375,148398.453125,263958.84375,264038.6875,87.41561126708984,90.43433380126953,88.06995391845703,88.03748321533203,False,True,False,False,-0.03692300446493968,-0.03563072424279049,1.2915476999987732
0.3,0.5,50,0.65,0.1,0.03566563201596892,0.037144918165859714,0.024449154992937063,0.02412598104521769,0.8912674784660339,0.8925405144691467,0.8816148638725281,0.8813367486000061,6883,6028,6173,6124,299124.4375,171228.90625,271156.65625,270461.90625,87.41561126708984,88.02655792236328,87.2398910522461,87.2353286743164,True,True,False,False,-0.024449154992937063,-0.02412598104521769,1.2999726999987615
0.3,0.5,50,0.65,0.3,0.03566563201596892,0.04126361983218642,0.024361123683989072,0.023606935703552663,0.8912674784660339,0.8960849642753601,0.8815391063690186,0.8808900713920593,6883,6028,6176,6117,299124.4375,171582.953125,269151.125,269052.34375,87.41561126708984,88.13434600830078,87.23753356933594,87.22583770751953,True,True,False,False,-0.024361123683989072,-0.023606935703552663,1.3219310999993468
0.3,0.5,50,0.75,0.1,0.03566563201596892,0.012284211608981688,0.015822640807671675,0.015020039070386607,0.8912674784660339,0.871146023273468,0.8741911053657532,0.873500406742096,6883,5671,5988,5914,299124.4375,237675.34375,295611.78125,299249.21875,87.41561126708984,86.60166931152344,86.67318725585938,86.62466430664062,False,False,False,False,-0.015822640807671675,-0.015020039070386607,1.318124199999147
0.3,0.5,50,0.65,0.5,0.03566563201596892,0.05167271607755759,0.02754154042323597,0.02766648808754925,0.8912674784660339,0.9050427675247192,0.8842760920524597,0.8843836188316345,6883,5903,6170,6123,299124.4375,208465.703125,280516.71875,279819.28125,87.41561126708984,89.05422973632812,87.41838836669922,87.45767974853516,True,True,False,False,-0.02754154042323597,-0.02766648808754925,1.3372996999969473
0.3,0.5,50,0.75,0.3,0.03566563201596892,0.012552045654380492,0.015822640807671675,0.015020039070386607,0.8912674784660339,0.8713765144348145,0.8741911053657532,0.873500406742096,6883,5673,5988,5914,299124.4375,237106.28125,295611.78125,299249.21875,87.41561126708984,86.60374450683594,86.67318725585938,86.62466430664062,False,False,False,False,-0.015822640807671675,-0.015020039070386607,1.3484632000036072
0.3,0.5,50,0.75,0.5,0.03566563201596892,0.022284111179872345,0.01582291785349055,0.015073785959248638,0.8912674784660339,0.8797516822814941,0.8741913437843323,0.8735466599464417,6883,5591,5982,5926,299124.4375,259633.78125,300089.84375,300390.90625,87.41561126708984,87.08062744140625,86.67357635498047,86.637939453125,True,True,False,False,-0.01582291785349055,-0.015073785959248638,1.367564799998945
0.3,0.5,50,0.85,0.3,0.03566563201596892,-0.004481008335962383,0.009849325168331308,0.010561402184298498,0.8912674784660339,0.8567183017730713,0.8690506219863892,0.869663417339325,6883,5328,5789,5782,299124.4375,290464.59375,323087.0,322318.84375,87.41561126708984,85.5855712890625,86.24954986572266,86.2216796875,False,False,False,False,-0.009849325168331308,-0.010561402184298498,1.3385788999949
0.3,0.5,50,0.85,0.1,0.03566563201596892,-0.004481008335962383,0.009849325168331308,0.010561402184298498,0.8912674784660339,0.8567183017730713,0.8690506219863892,0.869663417339325,6883,5328,5789,5782,299124.4375,290464.59375,323087.0,322318.84375,87.41561126708984,85.5855712890625,86.24954986572266,86.2216796875,False,False,False,False,-0.009849325168331308,-0.010561402184298498,1.3555340000020806
0.3,0.5,50,0.85,0.5,0.03566563201596892,-0.002005465421391885,0.011000450545762947,0.010290936203620366,0.8912674784660339,0.8588486909866333,0.8700412511825562,0.869430661201477,6883,5309,5831,5790,299124.4375,295175.3125,322928.46875,322822.8125,87.41561126708984,85.65213012695312,86.27239990234375,86.2388687133789,False,False,False,False,-0.011000450545762947,-0.010290936203620366,1.3634426999997231
0.3,0.5,100,0.55,0.1,-0.06460175182997421,0.03722165985768849,-0.05133513574725664,-0.05372583337979622,0.8049799203872681,0.8926065564155579,0.8163968324661255,0.8143394589424133,5987,6169,6206,6095,571351.5,142216.0,429595.53125,430602.84375,81.33500671386719,87.6407241821289,82.74282836914062,82.7440185546875,False,False,False,False,-0.06460175182997421,-0.06460175182997421,1.321175500001118
0.3,0.5,100,0.55,0.3,-0.06460175182997421,0.05335299896904325,-0.044392436787667584,-0.04784366581486621,0.8049799203872681,0.9064887762069702,0.8223715424537659,0.8194015026092529,5987,6146,6184,6063,571351.5,154829.796875,439116.15625,443304.8125,81.33500671386719,88.90919494628906,83.15072631835938,83.07392120361328,False,False,False,False,-0.06460175182997421,-0.06460175182997421,1.2995884999982081
0.3,0.5,100,0.55,0.5,-0.06460175182997421,0.07256266343538893,-0.026914100904935536,-0.029887148848753414,0.8049799203872681,0.9230201244354248,0.83741295337677,0.8348544239997864,5987,6122,6152,6031,571351.5,148426.953125,436049.53125,439325.53125,81.33500671386719,90.43323516845703,84.49858093261719,84.45075988769531,False,False,False,False,-0.06460175182997421,-0.06460175182997421,1.3221465999959037
0.3,0.5,100,0.65,0.1,-0.06460175182997421,0.012364485635001138,-0.06426853497132057,-0.06579478038751091,0.8049799203872681,0.8712151050567627,0.8052666783332825,0.803953230381012,5987,5987,6054,5946,571351.5,190118.375,463567.84375,464219.5625,81.33500671386719,86.15387725830078,82.0229263305664,82.04283142089844,False,True,False,False,-0.06460175182997421,-0.06460175182997421,1.3167374000040581
0.3,0.5,100,0.65,0.3,-0.06460175182997421,0.03368336918190794,-0.06084895842892857,-0.06291855995739035,0.8049799203872681,0.8895615935325623,0.8082094788551331,0.8064284324645996,5987,5980,6035,5924,571351.5,195636.5625,470241.34375,470640.78125,81.33500671386719,87.54876708984375,82.11498260498047,82.109130859375,False,False,False,False,-0.06460175182997421,-0.06460175182997421,1.2975796000027913
0.3,0.5,100,0.65,0.5,-0.06460175182997421,0.04816420782730626,-0.05217403048681452,-0.05467222189707817,0.8049799203872681,0.902023434638977,0.815674901008606,0.8135250210762024,5987,5861,5896,5774,571351.5,221801.078125,507650.03125,510030.15625,81.33500671386719,88.72311401367188,82.8953628540039,82.82746124267578,False,False,False,False,-0.06460175182997421,-0.06460175182997421,1.290723899997829
0.3,0.5,100,0.75,0.1,-0.06460175182997421,-0.037388025871923795,-0.09667423809802504,-0.09846298442760083,0.8049799203872681,0.8283993601799011,0.7773791551589966,0.7758398056030273,5987,5577,5539,5407,571351.5,287702.0,533998.625,539305.25,81.33500671386719,83.2156982421875,80.41661071777344,80.3271484375,True,True,False,False,-0.06460175182997421,-0.06460175182997421,1.3058223999978509
0.3,0.5,100,0.75,0.3,-0.06460175182997421,-0.016490944584256387,-0.09610643269223776,-0.09835507508114845,0.8049799203872681,0.8463828563690186,0.7778677940368652,0.7759326696395874,5987,5572,5547,5406,571351.5,287652.71875,533669.6875,539799.0,81.33500671386719,84.14371490478516,80.43089294433594,80.3150863647461,True,True,False,False,-0.06460175182997421,-0.06460175182997421,1.294477099996584
0.3,0.5,100,0.75,0.5,-0.06460175182997421,0.011847587398432405,-0.09470000959271148,-0.0960804596467181,0.8049799203872681,0.870770275592804,0.7790781259536743,0.777890145778656,5987,5474,5368,5231,571351.5,294982.84375,584608.3125,586506.4375,81.33500671386719,86.11920928955078,80.32402801513672,80.21692657470703,True,True,False,False,-0.06460175182997421,-0.06460175182997421,1.4167044999994687
0.3,0.5,100,0.85,0.1,-0.06460175182997421,-0.0773683002096198,-0.13033211906459635,-0.12528538316648827,0.8049799203872681,0.793993353843689,0.7484140396118164,0.7527571320533752,5987,5196,4587,4803,571351.5,374858.1875,644806.8125,633111.9375,81.33500671386719,80.97713470458984,78.6378173828125,78.67323303222656,True,True,False,False,-0.0773683002096198,-0.0773683002096198,1.41953349999676
0.3,0.5,100,0.85,0.3,-0.06460175182997421,-0.06268833488190402,-0.13033211906459635,-0.12528538316648827,0.8049799203872681,0.806626558303833,0.7484140396118164,0.7527571320533752,5987,5196,4587,4803,571351.5,365878.21875,644806.8125,633111.9375,81.33500671386719,81.29349517822266,78.6378173828125,78.67323303222656,True,True,False,False,-0.06460175182997421,-0.06460175182997421,1.4204368999999133
0.3,0.5,100,0.85,0.5,-0.06460175182997421,-0.018296452185874196,-0.1300601293319144,-0.129136043003052,0.8049799203872681,0.8448290824890137,0.7486481070518494,0.7494433522224426,5987,5166,4608,4549,571351.5,356839.0625,646542.6875,646263.5625,81.33500671386719,83.92337799072266,78.65077209472656,78.62944030761719,True,True,False,False,-0.06460175182997421,-0.06460175182997421,1.4104492000042228
0.3,0.5,200,0.55,0.1,-0.2668244904348199,0.03354761673065848,-0.1656278949123652,-0.1715288323315241,0.6309521794319153,0.8894447684288025,0.7180393934249878,0.7129611968994141,1051,6145,5239,5111,997971.8125,149654.640625,705203.25,707791.3125,69.763427734375,87.24061584472656,75.4580078125,75.449462890625,False,False,False,False,-0.2668244904348199,-0.2668244904348199,1.4059064000030048
0.3,0.5,200,0.55,0.3,-0.2668244904348199,0.05187717589188841,-0.14903700604894915,-0.1545428068689355,0.6309521794319153,0.9052187204360962,0.7323170900344849,0.7275789380073547,1051,6134,5198,5095,997971.8125,160548.65625,713589.9375,716145.5625,69.763427734375,88.79669189453125,76.7733383178711,76.80908203125,False,False,False,False,-0.2668244904348199,-0.2668244904348199,1.4055689000015263
0.3,0.5,200,0.65,0.1,-0.2668244904348199,0.00908654876750973,-0.21567608356948603,-0.2185835409156849,0.6309521794319153,0.8683941960334778,0.6749691963195801,0.6724671125411987,1051,5978,4783,4717,997971.8125,192089.6875,772520.625,770684.625,69.763427734375,85.55122375488281,73.46412658691406,73.5943832397461,False,False,False,False,-0.2668244904348199,-0.2668244904348199,1.380441700006486
0.3,0.5,200,0.55,0.5,-0.2668244904348199,0.07256266343538893,-0.1288515862085206,-0.13361248008300292,0.6309521794319153,0.9230201244354248,0.7496881484985352,0.7455910444259644,1051,6122,5172,5058,997971.8125,148426.953125,701143.125,704545.875,69.763427734375,90.43323516845703,78.33748626708984,78.3798828125,False,False,False,False,-0.2668244904348199,-0.2668244904348199,1.4082439000048907
0.3,0.5,200,0.65,0.5,-0.2668244904348199,0.04806183939723141,-0.24151961016882825,-0.24025378782238177,0.6309521794319153,0.901935338973999,0.6527289152145386,0.6538182497024536,1051,5859,3598,3478,997971.8125,222160.84375,918697.375,911927.0625,69.763427734375,88.70089721679688,74.74122619628906,74.95723724365234,False,False,False,False,-0.2668244904348199,-0.2668244904348199,1.2907791000034194
0.3,0.5,200,0.65,0.3,-0.2668244904348199,0.02185226600969868,-0.22884019269921932,-0.22713469863821592,0.6309521794319153,0.8793800473213196,0.6636404991149902,0.6651082038879395,1051,5892,4300,4261,997971.8125,235598.796875,846327.25,842341.625,69.763427734375,86.73090362548828,74.13705444335938,74.35003662109375,False,False,False,False,-0.2668244904348199,-0.2668244904348199,1.3113721999980044
0.3,0.5,200,0.75,0.1,-0.2534785007249943,-0.06522281929444049,-0.3741065358918053,-0.3791656003288534,0.6424373984336853,0.8044454455375671,0.5386279821395874,0.5342742800712585,1605,5484,1803,1414,978065.8125,308017.65625,1045482.875,1059564.0,70.20955657958984,80.46807861328125,67.5102310180664,67.25961303710938,True,True,False,False,-0.2534785007249943,-0.2534785007249943,1.2967548000015086
0.3,0.5,200,0.75,0.3,-0.2534785007249943,-0.03006979130484771,-0.37032409858813986,-0.3714425325589441,0.6424373984336853,0.8346972465515137,0.5418830513954163,0.5409205555915833,1605,5464,1438,1534,978065.8125,320583.65625,1082187.25,1068010.5,70.20955657958984,82.92111206054688,67.28211975097656,67.30036163330078,True,True,False,False,-0.2534785007249943,-0.2534785007249943,1.29206709999562
0.3,0.5,200,0.75,0.5,-0.2534785007249943,0.005556846512114348,-0.37469927542129144,-0.3790416223249062,0.6424373984336853,0.8653566241264343,0.5381178855895996,0.5343809723854065,1605,5405,744,633,978065.8125,310057.6875,1171603.75,1166150.625,70.20955657958984,85.54524993896484,65.78622436523438,65.6082534790039,True,True,False,False,-0.2534785007249943,-0.2534785007249943,1.28194970000186
0.3,0.5,200,0.85,0.1,-0.10334750999875676,-0.11280197561373441,-0.3266627857164872,-0.3228696821487951,0.7716363072395325,0.7635000348091125,0.5794568657875061,0.5827211141586304,6071,5167,1642,1382,733865.4375,381210.21875,1057684.875,1051777.625,75.34071350097656,77.35950469970703,65.09259033203125,64.99701690673828,True,True,False,False,-0.11280197561373441,-0.11280197561373441,1.2936174999995274
0.3,0.5,200,0.85,0.5,-0.10334750999875676,-0.01788510840629739,-0.31413359634216403,-0.3084542263166516,0.7716363072395325,0.8451830744743347,0.5902391672134399,0.5951266884803772,6071,5152,2029,1974,733865.4375,363296.9375,1057683.375,1050932.25,75.34071350097656,83.69042205810547,65.37792205810547,65.39910125732422,True,True,False,False,-0.10334750999875676,-0.10334750999875676,1.2884911000001011
0.3,0.5,200,0.85,0.3,-0.10334750999875676,-0.06763484945503356,-0.3267470769068804,-0.32516971653710736,0.7716363072395325,0.8023697137832642,0.5793843269348145,0.5807417631149292,6071,5161,1696,1321,733865.4375,386696.8125,1054440.5,1053373.625,75.34071350097656,80.15882873535156,65.07048034667969,64.96539306640625,True,True,False,False,-0.10334750999875676,-0.10334750999875676,1.3246046999993268
0.3,0.5,300,0.55,0.1,-0.44682223251139613,0.033290379687831696,-0.26837857895580736,-0.27574737438482844,0.4760507047176361,0.8892233967781067,0.6296147704124451,0.6232733726501465,0,6143,3378,3249,1284297.125,150064.53125,933168.625,935936.0,59.475067138671875,87.17716217041016,69.31101989746094,69.36226654052734,False,False,False,False,-0.44682223251139613,-0.44682223251139613,1.3155855000004522
0.3,0.5,300,0.55,0.3,-0.44682223251139613,0.050766360681103295,-0.25086048699806657,-0.25863279966228114,0.4760507047176361,0.9042627811431885,0.6446903944015503,0.6380017399787903,0,6123,3355,3208,1284297.125,165050.734375,942617.875,948099.8125,59.475067138671875,88.69380187988281,70.76201629638672,70.81482696533203,False,False,False,False,-0.44682223251139613,-0.44682223251139613,1.313055999999051
0.3,0.5,300,0.65,0.1,-0.3580022780092457,0.00820831352167139,-0.5367057312814858,-0.5234305267783831,0.5524868965148926,0.8676384091377258,0.39869925379753113,0.4101235568523407,0,5973,381,492,1177105.125,193330.4375,1308311.25,1276312.25,61.82106399536133,85.41776275634766,61.30625534057617,62.0233039855957,True,True,False,False,-0.3580022780092457,-0.3580022780092457,1.2898395000011078
0.3,0.5,300,0.55,0.5,-0.44682223251139613,0.07256266343538893,-0.2294123615766539,-0.2361652148888579,0.4760507047176361,0.9230201244354248,0.6631481051445007,0.6573367714881897,0,6122,3354,3202,1284297.125,148426.953125,924539.5,929044.4375,59.475067138671875,90.43323516845703,72.42568969726562,72.5357437133789,False,False,False,False,-0.44682223251139613,-0.44682223251139613,1.3290508999998565
0.3,0.5,300,0.65,0.3,-0.3580022780092457,0.018428187472749945,-0.5176547101771742,-0.5190810459449323,0.5524868965148926,0.8764333724975586,0.4150940775871277,0.4138666093349457,0,5862,98,0,1177105.125,247814.5625,1322875.375,1322559.875,61.82106399536133,86.4137191772461,62.21482467651367,62.184112548828125,True,True,False,False,-0.3580022780092457,-0.3580022780092457,1.3526968000005581
0.3,0.5,300,0.65,0.5,-0.3580022780092457,0.04806183939723141,-0.4746520044784457,-0.4678678103579813,0.5524868965148926,0.901935338973999,0.45210111141204834,0.45793941617012024,0,5859,0,0,1177105.125,222160.84375,1321741.25,1308999.75,61.82106399536133,88.70089721679688,62.873817443847656,63.26616668701172,True,True,False,False,-0.3580022780092457,-0.3580022780092457,1.3403035999945132
0.3,0.5,300,0.75,0.3,-0.22733458719653526,-0.036332689086368684,-0.5071619807252298,-0.5003620642545441,0.6649361848831177,0.8293075561523438,0.4241238534450531,0.429975688457489,2046,5420,4,0,986981.125,334678.96875,1327202.625,1315284.75,67.10527801513672,82.42521667480469,55.206939697265625,55.06358337402344,True,True,False,False,-0.22733458719653526,-0.22733458719653526,1.337787299999036
0.3,0.5,300,0.75,0.1,-0.22733458719653526,-0.07172550023219902,-0.5321628378357319,-0.5219885379218585,0.6649361848831177,0.7988494038581848,0.4026087522506714,0.41136449575424194,2046,5441,0,1,986981.125,318403.71875,1309763.625,1301654.5,67.10527801513672,79.67549896240234,55.218605041503906,55.22544860839844,True,True,False,False,-0.22733458719653526,-0.22733458719653526,1.3669642999957432
0.3,0.5,300,0.75,0.5,-0.22733458719653526,0.002464668866179597,-0.47978905731350746,-0.4773324227760753,0.6649361848831177,0.862695574760437,0.4476802945137024,0.4497944116592407,2046,5374,19,13,986981.125,318644.40625,1350218.5,1333868.25,67.10527801513672,85.29228210449219,55.402469635009766,55.12714385986328,True,True,False,False,-0.22733458719653526,-0.22733458719653526,1.3632302000041818
0.3,0.5,300,0.85,0.1,-0.09726503830677907,-0.11490426854882362,-0.4776500904381445,-0.469045428241843,0.7768707275390625,0.7616908550262451,0.4495210349559784,0.45692598819732666,5949,5158,332,544,734695.125,380041.5625,1281552.625,1262125.75,74.59461212158203,76.60016632080078,56.12163543701172,55.939422607421875,True,True,False,False,-0.11490426854882362,-0.11490426854882362,1.3770531999980449
0.3,0.5,300,0.85,0.3,-0.09726503830677907,-0.0703327216392524,-0.47405469369294806,-0.4672572706346323,0.7768707275390625,0.8000479936599731,0.4526151418685913,0.4584648311138153,5949,5152,484,618,734695.125,395547.34375,1278750.5,1262575.75,74.59461212158203,79.9074935913086,56.11813735961914,56.008392333984375,True,True,False,False,-0.09726503830677907,-0.09726503830677907,1.366673999997147
0.3,0.5,300,0.85,0.5,-0.09726503830677907,-0.017831500040344797,-0.45385078104410953,-0.4483009992003765,0.7768707275390625,0.8452292084693909,0.47000211477279663,0.47477811574935913,5949,5152,1203,1313,734695.125,362411.4375,1273519.625,1264213.875,74.59461212158203,83.63550567626953,56.358455657958984,56.16401290893555,True,True,False,False,-0.09726503830677907,-0.09726503830677907,1.3753609999985201
0.4,0.1,50,0.55,0.1,-0.00583430789971911,0.11395919599918133,0.05628345111820887,0.05470789154625851,0.8555536866188049,0.9586449265480042,0.909010648727417,0.9076547622680664,6161,6519,6359,6327,398830.90625,47476.859375,223884.4375,224079.734375,85.0969467163086,92.16139221191406,88.70753479003906,88.75228118896484,False,False,False,False,-0.05628345111820887,-0.05470789154625851,1.546026800002437
0.4,0.1,50,0.55,0.3,-0.00583430789971911,0.11379199884748939,0.056157464532074805,0.054903832201658884,0.8555536866188049,0.9585010409355164,0.9089022278785706,0.907823383808136,6161,6531,6352,6314,398830.90625,47580.51953125,224042.25,224097.390625,85.0969467163086,92.15879821777344,88.7030258178711,88.75386047363281,False,False,False,False,-0.056157464532074805,-0.054903832201658884,1.546862900002452
0.4,0.1,50,0.55,0.5,-0.00583430789971911,0.11568027388749653,0.05722332905874722,0.055795850476986326,0.8555536866188049,0.9601260423660278,0.909819483757019,0.9085910320281982,6161,6567,6364,6339,398830.90625,48757.796875,224871.234375,225268.171875,85.0969467163086,92.33335876464844,88.78568267822266,88.81926727294922,False,False,False,False,-0.05722332905874722,-0.055795850476986326,1.556160699998145
0.4,0.1,50,0.65,0.1,-0.00583430789971911,0.11136022917230137,0.05464389396209805,0.05329994469472841,0.8555536866188049,0.9564083218574524,0.907599687576294,0.9064431190490723,6161,6428,6282,6282,398830.90625,55042.8984375,228630.421875,228479.25,85.0969467163086,92.05081176757812,88.6222152709961,88.6758804321289,False,False,False,False,-0.05464389396209805,-0.05329994469472841,1.5547982999996748
0.4,0.1,50,0.65,0.3,-0.00583430789971911,0.11139860001821576,0.054498791214461516,0.053060784891583314,0.8555536866188049,0.956441342830658,0.9074748158454895,0.9062373042106628,6161,6415,6275,6244,398830.90625,55354.01953125,228694.421875,228536.984375,85.0969467163086,92.04888153076172,88.61848449707031,88.67151641845703,False,False,False,False,-0.054498791214461516,-0.053060784891583314,1.6544897999992827
0.4,0.1,50,0.65,0.5,-0.00583430789971911,0.11205208184349058,0.054875989096861796,0.05368607730478746,0.8555536866188049,0.9570037126541138,0.9077994227409363,0.9067754149436951,6161,6429,6283,6259,398830.90625,57582.8671875,229572.34375,229554.796875,85.0969467163086,92.0818099975586,88.63569641113281,88.68917083740234,False,False,False,False,-0.054875989096861796,-0.05368607730478746,1.6565879999980098
0.4,0.1,50,0.75,0.1,-0.00583430789971911,0.1090329750322845,0.05192323475927662,0.05057242860788978,0.8555536866188049,0.9544055461883545,0.9052583575248718,0.9040958881378174,6161,6303,6294,6279,398830.90625,64198.71875,232504.625,232380.109375,85.0969467163086,91.85375213623047,88.49266052246094,88.54154205322266,False,False,False,False,-0.05192323475927662,-0.05057242860788978,1.6800460000013118
0.4,0.1,50,0.75,0.3,-0.00583430789971911,0.10906649757636855,0.05192323475927662,0.05057242860788978,0.8555536866188049,0.9544343948364258,0.9052583575248718,0.9040958881378174,6161,6296,6294,6279,398830.90625,63665.8515625,232504.625,232380.109375,85.0969467163086,91.85638427734375,88.49266052246094,88.54154205322266,False,False,False,False,-0.05192323475927662,-0.05057242860788978,1.6570246999981464
0.4,0.1,50,0.75,0.5,-0.00583430789971911,0.10899176446672662,0.05201258203586427,0.050812281025582065,0.8555536866188049,0.9543700814247131,0.9053352475166321,0.9043022990226746,6161,6300,6294,6301,398830.90625,64861.90625,232810.875,232692.375,85.0969467163086,91.86092376708984,88.50482177734375,88.5549087524414,False,False,False,False,-0.05201258203586427,-0.050812281025582065,1.670025400002487
0.4,0.1,50,0.85,0.1,-0.00583430789971911,0.10774090259449946,0.04953766247438625,0.048302799998199204,0.8555536866188049,0.9532936215400696,0.903205394744873,0.9021427035331726,6161,6685,6453,6425,398830.90625,70595.6171875,235873.0,235640.046875,85.0969467163086,91.76070404052734,88.38426971435547,88.43714141845703,False,False,False,False,-0.04953766247438625,-0.048302799998199204,1.6562555999989854
0.4,0.1,50,0.85,0.3,-0.00583430789971911,0.10792998636588264,0.04953766247438625,0.048302799998199204,0.8555536866188049,0.9534563422203064,0.903205394744873,0.9021427035331726,6161,6665,6453,6425,398830.90625,70428.4296875,235873.0,235640.046875,85.0969467163086,91.76375579833984,88.38426971435547,88.43714141845703,False,False,False,False,-0.04953766247438625,-0.048302799998199204,1.6511109000057331
0.4,0.1,50,0.85,0.5,-0.00583430789971911,0.10809302783029143,0.04986409171047742,0.04838549817513382,0.8555536866188049,0.9535966515541077,0.9034863114356995,0.9022138714790344,6161,6684,6452,6427,398830.90625,71027.5390625,236158.734375,236008.75,85.0969467163086,91.78279876708984,88.39934539794922,88.4417495727539,False,False,False,False,-0.04986409171047742,-0.04838549817513382,1.647145000002638
0.4,0.1,100,0.55,0.1,-0.14300336368254843,0.09061850132756893,-0.030411250276612935,-0.033320439159179795,0.7375094890594482,0.9385585188865662,0.834403395652771,0.8318998217582703,4494,6222,5783,5737,750362.25,87394.0703125,445977.21875,446106.84375,76.73723602294922,91.0611801147461,83.65322875976562,83.75773620605469,False,False,False,False,-0.14300336368254843,-0.14300336368254843,1.512604099996679
0.4,0.1,100,0.55,0.3,-0.14300336368254843,0.0908550291954347,-0.030385485015457424,-0.03333228286793676,0.7375094890594482,0.9387620687484741,0.8344255685806274,0.8318896293640137,4494,6229,5767,5745,750362.25,87818.859375,446306.34375,446786.3125,76.73723602294922,91.0604019165039,83.6485824584961,83.75006103515625,False,False,False,False,-0.14300336368254843,-0.14300336368254843,1.514774799994484
0.4,0.1,100,0.55,0.5,-0.14300336368254843,0.09498876059743545,-0.02829420465166856,-0.0312141983211716,0.7375094890594482,0.9423194527626038,0.8362252712249756,0.8337123990058899,4494,6259,5814,5771,750362.25,88033.3125,446519.875,447126.21875,76.73723602294922,91.5534896850586,83.85424041748047,83.94818115234375,False,False,False,False,-0.14300336368254843,-0.14300336368254843,1.5239632000011625
0.4,0.1,100,0.65,0.1,-0.14300336368254843,0.08819074881675462,-0.03291588300216546,-0.035809418795965796,0.7375094890594482,0.9364692568778992,0.8322479724884033,0.8297578692436218,4494,6081,5710,5662,750362.25,99702.671875,455628.5625,455283.875,76.73723602294922,90.86231231689453,83.48709106445312,83.59872436523438,False,False,False,False,-0.14300336368254843,-0.14300336368254843,1.5148631999982172
0.4,0.1,100,0.65,0.3,-0.14300336368254843,0.08777566491862299,-0.03330790283587563,-0.03604089057763707,0.7375094890594482,0.9361120462417603,0.8319106101989746,0.8295586705207825,4494,6089,5668,5620,750362.25,99878.203125,455663.8125,455527.5,76.73723602294922,90.84709930419922,83.47955322265625,83.58710479736328,False,False,False,False,-0.14300336368254843,-0.14300336368254843,1.7525695000003907
0.4,0.1,100,0.65,0.5,-0.14300336368254843,0.09020771163962989,-0.0328428121674368,-0.03513481222700165,0.7375094890594482,0.9382050037384033,0.8323108553886414,0.8303384184837341,4494,6117,5674,5666,750362.25,109775.5078125,458180.84375,457870.28125,76.73723602294922,90.95088195800781,83.49594116210938,83.61643981933594,False,False,False,False,-0.14300336368254843,-0.14300336368254843,1.7684910000025411
0.4,0.1,100,0.75,0.1,-0.14300336368254843,0.08221480124213493,-0.03881425774749975,-0.04170252967074144,0.7375094890594482,0.9313265085220337,0.8271719813346863,0.8246864080429077,4494,5883,5731,5727,750362.25,116839.5390625,464203.6875,464118.3125,76.73723602294922,90.43064880371094,83.21491241455078,83.30899047851562,False,False,False,False,-0.14300336368254843,-0.14300336368254843,1.8273445000013453
0.4,0.1,100,0.75,0.3,-0.14300336368254843,0.08246081792929721,-0.03905341755064484,-0.0415176015866414,0.7375094890594482,0.9315382242202759,0.8269661664962769,0.824845552444458,4494,5891,5707,5729,750362.25,117165.5625,464145.1875,464083.03125,76.73723602294922,90.4374771118164,83.20985412597656,83.31146240234375,False,False,False,False,-0.14300336368254843,-0.14300336368254843,1.8506381000042893
0.4,0.1,100,0.75,0.5,-0.14300336368254843,0.0823723710516209,-0.03871244340906265,-0.041561998179116356,0.7375094890594482,0.9314621090888977,0.8272596001625061,0.824807345867157,4494,5757,5729,5746,750362.25,121462.6015625,465143.75,465187.125,76.73723602294922,90.44244384765625,83.21161651611328,83.30448913574219,False,False,False,False,-0.14300336368254843,-0.14300336368254843,1.7530692000000272
0.4,0.1,100,0.85,0.1,-0.14300336368254843,0.07982950600306343,-0.04445511840418838,-0.04707153911765755,0.7375094890594482,0.929273784160614,0.8223176002502441,0.820065975189209,4494,6086,5982,6008,750362.25,136846.890625,471154.03125,471149.125,76.73723602294922,90.19963073730469,82.98965454101562,83.09213256835938,False,False,False,False,-0.14300336368254843,-0.14300336368254843,1.7231838000006974
0.4,0.1,100,0.85,0.3,-0.14300336368254843,0.07964499348769172,-0.04449335072719333,-0.047042310783766084,0.7375094890594482,0.9291149973869324,0.8222846984863281,0.8200911283493042,4494,6001,5979,6003,750362.25,135939.234375,471161.78125,470857.28125,76.73723602294922,90.19989013671875,82.98896026611328,83.0936050415039,False,False,False,False,-0.14300336368254843,-0.14300336368254843,1.6321338000052492
0.4,0.1,100,0.85,0.5,-0.14300336368254843,0.08012158155761392,-0.04431223202310285,-0.04683826653816358,0.7375094890594482,0.9295251369476318,0.8224405646324158,0.8202667236328125,4494,6087,5993,6004,750362.25,138758.625,471685.0,471385.0,76.73723602294922,90.21269989013672,83.00144958496094,83.10881805419922,False,False,False,False,-0.14300336368254843,-0.14300336368254843,1.6389811000044574
0.4,0.1,200,0.55,0.1,-0.407089671766503,0.06196870836737245,-0.19882788840178847,-0.20343841565807558,0.5102435350418091,0.9139032363891602,0.6894683241844177,0.6855006217956543,0,6152,3566,3502,1240940.5,127110.4453125,833671.5625,833938.4375,61.56834411621094,89.52237701416016,73.97113800048828,74.17572784423828,False,False,False,False,-0.407089671766503,-0.407089671766503,1.5733991000015521
0.4,0.1,200,0.55,0.3,-0.407089671766503,0.06323501554400197,-0.19883599199199062,-0.20361974214653022,0.5102435350418091,0.9149929881095886,0.689461350440979,0.6853445768356323,0,6143,3564,3509,1240940.5,130170.4609375,834224.5,834457.6875,61.56834411621094,89.58977508544922,73.9638900756836,74.16603088378906,False,False,False,False,-0.407089671766503,-0.407089671766503,1.570554700003413
0.4,0.1,200,0.55,0.5,-0.407089671766503,0.08490671694124793,-0.19264845067320402,-0.19712045502005293,0.5102435350418091,0.933643102645874,0.6947861909866333,0.6909376978874207,0,6125,3585,3511,1240940.5,110194.5625,832626.0625,833752.1875,61.56834411621094,91.25761413574219,74.58253479003906,74.77848052978516,False,False,False,False,-0.407089671766503,-0.407089671766503,1.5565052999954787
0.4,0.1,200,0.65,0.1,-0.3890750444398809,0.05438499464435801,-0.20957837435747015,-0.21202849831815873,0.5257464647293091,0.9073768854141235,0.6802167296409607,0.6781082153320312,0,5994,3060,3083,1218603.875,151434.484375,857069.9375,857465.875,61.80717086791992,89.05675506591797,73.43214416503906,73.6796875,False,False,False,False,-0.3890750444398809,-0.3890750444398809,1.5592802000028314
0.4,0.1,200,0.65,0.3,-0.3890750444398809,0.05428158729246238,-0.2084167212389212,-0.21230284294030113,0.5257464647293091,0.9072878956794739,0.6812164187431335,0.6778721213340759,0,5982,3130,3064,1218603.875,154198.59375,857969.4375,857793.0625,61.80717086791992,89.0404281616211,73.44245910644531,73.66374206542969,False,False,False,False,-0.3890750444398809,-0.3890750444398809,1.4909753000029013
0.4,0.1,200,0.65,0.5,-0.3890750444398809,0.06304239943842813,-0.20432253812756507,-0.20863510260565055,0.5257464647293091,0.9148272275924683,0.6847397685050964,0.6810284852981567,0,5859,3331,3279,1218603.875,171571.53125,862407.5,862387.6875,61.80717086791992,89.87177276611328,73.53414154052734,73.77144622802734,False,False,False,False,-0.3890750444398809,-0.3890750444398809,1.498189199999615
0.4,0.1,200,0.75,0.1,-0.2521212532583186,0.03877090007684558,-0.22933998335647243,-0.23392820842434,0.6436054110527039,0.8939397931098938,0.663210391998291,0.6592618823051453,2460,5593,2402,2307,1035648.3125,197635.046875,864319.25,863947.9375,65.71745300292969,88.04019165039062,72.62088012695312,72.7962417602539,False,False,False,False,-0.2521212532583186,-0.2521212532583186,1.5032475999978487
0.4,0.1,200,0.75,0.3,-0.2521212532583186,0.03863611728596219,-0.2290520634892051,-0.2339498872596671,0.6436054110527039,0.8938238024711609,0.6634581685066223,0.6592432260513306,2460,5583,2397,2316,1035648.3125,199093.640625,864451.8125,864103.0,65.71745300292969,88.02662658691406,72.6084213256836,72.78179168701172,False,False,False,False,-0.2521212532583186,-0.2521212532583186,1.506116699994891
0.4,0.1,200,0.75,0.5,-0.2521212532583186,0.040508669975748104,-0.22923713009621455,-0.23204582060798398,0.6436054110527039,0.8954352736473083,0.6632989048957825,0.6608818173408508,2460,5506,2231,2265,1035648.3125,210888.390625,865220.875,864808.25,65.71745300292969,88.17070007324219,72.60789489746094,72.81732177734375,False,False,False,False,-0.2521212532583186,-0.2521212532583186,1.6494886000000406
0.4,0.1,200,0.85,0.1,-0.20527148931867162,0.03024377607910212,-0.14718772520794887,-0.15388925578220597,0.6839231252670288,0.8866015672683716,0.7339085340499878,0.7281413674354553,2630,5213,4343,4290,904609.9375,232737.59375,726910.375,730933.9375,72.24282836914062,87.47735595703125,74.97101593017578,75.12010192871094,False,False,False,False,-0.20527148931867162,-0.20527148931867162,1.689449199999217
0.4,0.1,200,0.85,0.3,-0.20527148931867162,0.03057546918575195,-0.14420574253647223,-0.15072338394845008,0.6839231252670288,0.8868870139122009,0.7364747524261475,0.7308658361434937,2630,5215,4393,4336,904609.9375,232928.53125,723100.5,726315.9375,72.24282836914062,87.48016357421875,75.0201416015625,75.16669464111328,False,False,False,False,-0.20527148931867162,-0.20527148931867162,1.6860922999985632
0.4,0.1,200,0.85,0.5,-0.20527148931867162,0.030732692687964334,-0.14604906689236666,-0.15175406365612518,0.6839231252670288,0.8870223164558411,0.7348884344100952,0.7299788594245911,2630,5183,4320,4287,904609.9375,237668.703125,725610.875,727679.5625,72.24282836914062,87.49842071533203,75.09639739990234,75.25017547607422,False,False,False,False,-0.20527148931867162,-0.20527148931867162,1.6924188999983016
0.4,0.1,300,0.55,0.1,-0.4795161325511868,0.04536729176283908,-0.3668357454212118,-0.372478199091359,0.4479151666164398,0.8996164798736572,0.5448850393295288,0.5400292873382568,0,6143,0,0,1356033.625,141727.890625,1144893.0,1143873.0,52.50150680541992,88.537841796875,64.69972229003906,64.98393249511719,False,False,False,False,-0.4795161325511868,-0.4795161325511868,1.5831812000033096
0.4,0.1,300,0.55,0.3,-0.4795161325511868,0.05931246231743979,-0.36646949084865715,-0.3716828005453647,0.4479151666164398,0.9116173386573792,0.5452002286911011,0.5407137870788574,0,6124,0,0,1356033.625,141656.46875,1145468.875,1144730.375,52.50150680541992,89.36077117919922,64.68553161621094,64.97959899902344,False,False,False,False,-0.4795161325511868,-0.4795161325511868,1.5832898000007845
0.4,0.1,300,0.55,0.5,-0.4795161325511868,0.08490671694124793,-0.34904573299224373,-0.35541917205549645,0.4479151666164398,0.933643102645874,0.5601946711540222,0.5547098517417908,0,6125,0,0,1356033.625,110194.5625,1132366.5,1132198.875,52.50150680541992,91.25761413574219,65.93482208251953,66.22808837890625,False,False,False,False,-0.4795161325511868,-0.4795161325511868,1.5801447999983793
0.4,0.1,300,0.65,0.1,-0.3714952405259853,0.03300689255366637,-0.3768484583612255,-0.3808222650642798,0.5408751964569092,0.888979434967041,0.5362683534622192,0.532848596572876,0,5975,0,0,1234489.75,175951.515625,1141326.5,1139329.875,57.407997131347656,87.80105590820312,63.896873474121094,64.2457504272461,True,True,False,False,-0.3714952405259853,-0.3714952405259853,1.609630399994785
0.4,0.1,300,0.65,0.3,-0.3714952405259853,0.033692165386657265,-0.3762995613325765,-0.38283299435623036,0.5408751964569092,0.8895691633224487,0.5367407202720642,0.5311182141304016,0,5896,0,0,1234489.75,199668.15625,1142134.875,1141471.875,57.407997131347656,87.72322845458984,63.906898498535156,64.19577026367188,True,True,False,False,-0.3714952405259853,-0.3714952405259853,1.650019799999427
0.4,0.1,300,0.65,0.5,-0.3714952405259853,0.06299994216668531,-0.37802250928016917,-0.3808983834030161,0.5408751964569092,0.914790689945221,0.5352579951286316,0.5327830910682678,0,5859,0,0,1234489.75,171690.96875,1150783.75,1146787.5,57.407997131347656,89.86824035644531,63.805782318115234,64.14679718017578,True,True,False,False,-0.3714952405259853,-0.3714952405259853,1.6443409999992582
0.4,0.1,300,0.75,0.1,-0.25621779125913513,0.0053267599595374585,-0.24042714924354372,-0.24219553270543207,0.6400800347328186,0.8651586174964905,0.6536690592765808,0.6521472334861755,2768,5520,1938,1819,1062808.5,249166.796875,946232.625,944063.375,64.346923828125,86.11767578125,66.63093566894531,66.82261657714844,False,False,False,False,-0.25621779125913513,-0.25621779125913513,1.6484857999967062
0.4,0.1,300,0.75,0.3,-0.25621779125913513,0.004382310762987648,-0.23990748054878622,-0.24034611334152234,0.6400800347328186,0.8643458485603333,0.6541162729263306,0.653738796710968,2768,5504,1941,1866,1062808.5,252360.59375,947486.0,942429.1875,64.346923828125,86.07823944091797,66.66452026367188,66.83960723876953,False,False,False,False,-0.25621779125913513,-0.25621779125913513,1.6649142000023858
0.4,0.1,300,0.75,0.5,-0.25621779125913513,0.023758756812296954,-0.23813196315706178,-0.24093047223498748,0.6400800347328186,0.881020724773407,0.6556442379951477,0.653235912322998,2768,5388,1786,1682,1062808.5,250246.515625,948198.625,947301.1875,64.346923828125,87.23700714111328,66.70230865478516,66.90431213378906,False,False,False,False,-0.25621779125913513,-0.25621779125913513,1.6346942000018316
0.4,0.1,300,0.85,0.1,-0.18880243135410646,-0.009851195227608724,-0.1431945945590279,-0.14223504636534934,0.698095977306366,0.8520968556404114,0.7373449206352234,0.7381706833839417,2913,5165,4569,4741,895073.1875,296257.59375,754403.0625,747626.375,70.98469543457031,85.22206115722656,72.24534606933594,72.4935302734375,False,False,False,False,-0.18880243135410646,-0.18880243135410646,1.667208799997752
0.4,0.1,300,0.85,0.3,-0.18880243135410646,-0.009432578995286411,-0.14364791078016448,-0.15048623272749184,0.698095977306366,0.8524571061134338,0.7369548082351685,0.7310699224472046,2913,5159,4582,4532,895073.1875,297401.09375,754918.5625,759762.0,70.98469543457031,85.23419189453125,72.2555923461914,72.30471801757812,False,False,False,False,-0.18880243135410646,-0.18880243135410646,1.6807869000040228
0.4,0.1,300,0.85,0.5,-0.18880243135410646,0.0038007915891659846,-0.15004476021511223,-0.14336698631982378,0.698095977306366,0.8638454079627991,0.7314498424530029,0.7371965646743774,2913,5154,4440,4714,895073.1875,290294.1875,762103.5,749208.5625,70.98469543457031,85.92829132080078,72.30921173095703,72.5428237915039,False,False,False,False,-0.18880243135410646,-0.18880243135410646,1.6856660999983433
0.4,0.2,50,0.55,0.1,-0.00583430789971911,0.09014939349475638,0.0440025640590537,0.04348338019447924,0.8555536866188049,0.9381548166275024,0.8984420299530029,0.8979952335357666,6161,6263,6209,6204,398830.90625,87988.9609375,246280.8125,246528.890625,85.0969467163086,91.02998352050781,88.08927917480469,88.14242553710938,False,False,False,False,-0.0440025640590537,-0.04348338019447924,1.6631046999973478
0.4,0.2,50,0.55,0.3,-0.00583430789971911,0.09085634516307436,0.04394805529418976,0.042962534054991515,0.8555536866188049,0.9387632012367249,0.8983951210975647,0.8975470066070557,6161,6287,6221,6161,398830.90625,87593.140625,246119.46875,247157.59375,85.0969467163086,91.04798889160156,88.0866928100586,88.12203979492188,False,False,False,False,-0.04394805529418976,-0.042962534054991515,1.6351374000005308
0.4,0.2,50,0.55,0.5,-0.00583430789971911,0.09605933490302877,0.04660063048702231,0.045180562880916354,0.8555536866188049,0.943240761756897,0.9006778597831726,0.8994557857513428,6161,6305,6228,6190,398830.90625,89530.625,248150.15625,249124.46875,85.0969467163086,91.51834869384766,88.28374481201172,88.3006820678711,False,False,False,False,-0.04660063048702231,-0.045180562880916354,1.6171102000007522
0.4,0.2,50,0.65,0.1,-0.00583430789971911,0.08776077370585837,0.04099052191622896,0.0401549517264976,0.8555536866188049,0.9360992312431335,0.8958499431610107,0.8951308727264404,6161,6144,6059,6038,398830.90625,102483.2890625,255620.4375,255282.765625,85.0969467163086,90.82902526855469,87.93445587158203,87.98211669921875,False,False,False,False,-0.04099052191622896,-0.0401549517264976,1.6194995999976527
0.4,0.2,50,0.65,0.3,-0.00583430789971911,0.08790504531603828,0.04098186423438908,0.04014684813629546,0.8555536866188049,0.9362233877182007,0.8958424925804138,0.8951238989830017,6161,6129,6065,6039,398830.90625,103098.609375,255399.015625,255431.5,85.0969467163086,90.83287811279297,87.93206787109375,87.98078918457031,False,False,False,False,-0.04098186423438908,-0.04014684813629546,1.5038778000016464
0.4,0.2,50,0.65,0.5,-0.00583430789971911,0.08955485316744753,0.042819162843722954,0.04123833940121394,0.8555536866188049,0.9376431703567505,0.8974236249923706,0.8960632085800171,6161,6189,6168,6090,398830.90625,107018.84375,257084.765625,257043.703125,85.0969467163086,90.97850036621094,87.99622344970703,88.02951049804688,False,False,False,False,-0.042819162843722954,-0.04123833940121394,1.4975100999945425
0.4,0.2,50,0.75,0.1,-0.00583430789971911,0.08188387001148702,0.03858874245093432,0.037563118829453714,0.8555536866188049,0.9310417175292969,0.8937830328941345,0.8929004073143005,6161,5914,6008,5998,398830.90625,120982.7578125,264338.3125,264214.9375,85.0969467163086,90.4031982421875,87.74552917480469,87.7811279296875,False,False,False,False,-0.03858874245093432,-0.037563118829453714,1.5320739000017056
0.4,0.2,50,0.75,0.3,-0.00583430789971911,0.08206207973447929,0.03858874245093432,0.037563118829453714,0.8555536866188049,0.931195080280304,0.8937830328941345,0.8929004073143005,6161,5864,6008,5998,398830.90625,121556.640625,264338.3125,264214.9375,85.0969467163086,90.39716339111328,87.74552917480469,87.7811279296875,False,False,False,False,-0.03858874245093432,-0.037563118829453714,1.5266587999940384
0.4,0.2,50,0.75,0.5,-0.00583430789971911,0.0814185022972293,0.038450150280041374,0.03737327318206862,0.8555536866188049,0.930641233921051,0.893663763999939,0.8927370309829712,6161,5907,6025,5963,398830.90625,121583.96875,265218.625,265191.59375,85.0969467163086,90.39805603027344,87.7533950805664,87.78215026855469,False,False,False,False,-0.038450150280041374,-0.03737327318206862,1.6191101000003982
0.4,0.2,50,0.85,0.1,-0.00583430789971911,0.07941130533946944,0.035864689436831645,0.03466175649127011,0.8555536866188049,0.9289138913154602,0.8914387822151184,0.8904035687446594,6161,5901,6218,6212,398830.90625,140842.484375,273524.1875,273327.5625,85.0969467163086,90.15489196777344,87.57897186279297,87.59959411621094,False,False,False,False,-0.035864689436831645,-0.03466175649127011,1.6046033999955398
0.4,0.2,50,0.85,0.3,-0.00583430789971911,0.07977485871529005,0.035864689436831645,0.03466175649127011,0.8555536866188049,0.9292267560958862,0.8914387822151184,0.8904035687446594,6161,5932,6218,6212,398830.90625,141180.0,273524.1875,273327.5625,85.0969467163086,90.15836334228516,87.57897186279297,87.59959411621094,False,False,False,False,-0.035864689436831645,-0.03466175649127011,1.616284400006407
0.4,0.2,50,0.85,0.5,-0.00583430789971911,0.07980429483354567,0.03577665812788366,0.03503265158129096,0.8555536866188049,0.9292520880699158,0.8913630247116089,0.8907227516174316,6161,5901,6210,6237,398830.90625,141525.765625,273647.625,274205.59375,85.0969467163086,90.1677474975586,87.58558654785156,87.6223373413086,False,False,False,False,-0.03577665812788366,-0.03503265158129096,1.633841200004099
0.4,0.2,100,0.55,0.1,-0.14300336368254843,0.061332611167232126,-0.05379163176177938,-0.05660274642446398,0.7375094890594482,0.913355827331543,0.8142828345298767,0.8118636608123779,4494,6159,5516,5477,750362.25,129502.2109375,485455.84375,485210.40625,76.73723602294922,89.47875213623047,82.54244995117188,82.61981201171875,False,False,False,False,-0.14300336368254843,-0.14300336368254843,1.664571799999976
0.4,0.2,100,0.55,0.3,-0.14300336368254843,0.06243172119216971,-0.053634754566840595,-0.056785665926377155,0.7375094890594482,0.9143016934394836,0.814417839050293,0.8117062449455261,4494,6152,5514,5473,750362.25,132571.15625,485534.46875,486034.46875,76.73723602294922,89.52630615234375,82.55068969726562,82.61532592773438,False,False,False,False,-0.14300336368254843,-0.14300336368254843,1.6476200000033714
0.4,0.2,100,0.55,0.5,-0.14300336368254843,0.08152073220439471,-0.047150566437492054,-0.049534892016197485,0.7375094890594482,0.9307292103767395,0.8199979662895203,0.8179460763931274,4494,6124,5558,5528,750362.25,121722.1484375,485411.46875,485871.46875,76.73723602294922,91.0445556640625,83.11070251464844,83.1795425415039,False,False,False,False,-0.14300336368254843,-0.14300336368254843,1.7342261000012513
0.4,0.2,100,0.65,0.1,-0.14300336368254843,0.05383575130843546,-0.05742965893235545,-0.059755389320368515,0.7375094890594482,0.9069042205810547,0.8111520409584045,0.8091505765914917,4494,5998,5370,5275,750362.25,155923.046875,502546.34375,504114.3125,76.73723602294922,89.01274108886719,82.27574157714844,82.35535430908203,False,False,False,False,-0.14300336368254843,-0.14300336368254843,1.7519278999970993
0.4,0.2,100,0.65,0.3,-0.14300336368254843,0.053690163730615886,-0.05702953550844315,-0.059551068028947135,0.7375094890594482,0.9067789316177368,0.811496376991272,0.8093264102935791,4494,5997,5345,5320,750362.25,156119.390625,504621.09375,504231.25,76.73723602294922,89.00537872314453,82.27172088623047,82.36034393310547,False,False,False,False,-0.14300336368254843,-0.14300336368254843,1.746313800002099
0.4,0.2,100,0.65,0.5,-0.14300336368254843,0.06025095502888376,-0.05457532512192614,-0.056899046927752335,0.7375094890594482,0.9124249815940857,0.8136084079742432,0.8116086721420288,4494,5863,5441,5380,750362.25,182480.1875,512337.84375,513280.53125,76.73723602294922,89.63231658935547,82.35862731933594,82.45210266113281,False,False,False,False,-0.14300336368254843,-0.14300336368254843,1.7394387000022107
0.4,0.2,100,0.75,0.1,-0.14300336368254843,0.03827394913923596,-0.0646462869453586,-0.06673237270004354,0.7375094890594482,0.8935121297836304,0.8049415946006775,0.8031463623046875,4494,5635,5156,5139,750362.25,200787.953125,527742.75,528722.125,76.73723602294922,88.0233383178711,81.76202392578125,81.82791137695312,False,False,False,False,-0.14300336368254843,-0.14300336368254843,1.6808553999944706
0.4,0.2,100,0.75,0.3,-0.14300336368254843,0.03837936507331845,-0.06482193399452627,-0.06684055909231479,0.7375094890594482,0.8936028480529785,0.8047904372215271,0.8030532598495483,4494,5632,5047,5050,750362.25,201426.71875,527831.8125,527998.5625,76.73723602294922,88.02848815917969,81.75817108154297,81.83247375488281,False,False,False,False,-0.14300336368254843,-0.14300336368254843,1.6501485999979195
0.4,0.2,100,0.75,0.5,-0.14300336368254843,0.04053298074635451,-0.06426638786622427,-0.0658542067156599,0.7375094890594482,0.8954561948776245,0.8052685260772705,0.8039020895957947,4494,5560,5090,5046,750362.25,213629.421875,530445.1875,530854.25,76.73723602294922,88.14974212646484,81.77931213378906,81.86734771728516,False,False,False,False,-0.14300336368254843,-0.14300336368254843,1.5105647000018507
0.4,0.2,100,0.85,0.1,-0.14300336368254843,0.027522632046097655,-0.07154922982993889,-0.07389719314491679,0.7375094890594482,0.884259819984436,0.7990010976791382,0.7969805002212524,4494,5228,5638,5698,750362.25,240957.4375,546220.5,546031.75,76.73723602294922,87.33708190917969,81.40870666503906,81.46900177001953,False,False,False,False,-0.14300336368254843,-0.14300336368254843,1.5251516999996966
0.4,0.2,100,0.85,0.3,-0.14300336368254843,0.02772556810842465,-0.07189567562644389,-0.07413877709897704,0.7375094890594482,0.8844344615936279,0.7987029552459717,0.7967725992202759,4494,5237,5600,5715,750362.25,240867.484375,546011.75,545951.0,76.73723602294922,87.34032440185547,81.4052963256836,81.46727752685547,False,False,False,False,-0.14300336368254843,-0.14300336368254843,1.5367527000053087
0.4,0.2,100,0.85,0.5,-0.14300336368254843,0.028312628198623842,-0.07193383868799412,-0.07419411700129762,0.7375094890594482,0.8849396705627441,0.7986701130867004,0.7967249751091003,4494,5224,5700,5707,750362.25,243461.09375,547710.0625,547057.875,76.73723602294922,87.38573455810547,81.39478302001953,81.47380828857422,False,False,False,False,-0.14300336368254843,-0.14300336368254843,1.533874199994898
0.4,0.2,200,0.55,0.1,-0.407089671766503,0.03799849633381805,-0.23326198249139687,-0.2386607051023875,0.5102435350418091,0.8932750821113586,0.6598352193832397,0.6551892161369324,0,6143,3450,3363,1240940.5,146794.53125,879060.9375,879946.4375,61.56834411621094,87.91651153564453,72.3111801147461,72.4611587524414,False,False,False,False,-0.407089671766503,-0.407089671766503,1.7092401999980211
0.4,0.2,200,0.55,0.3,-0.407089671766503,0.05888511914182287,-0.23177791730113045,-0.23692750645949642,0.5102435350418091,0.911249577999115,0.661112368106842,0.6566807627677917,0,6139,3423,3343,1240940.5,142483.015625,881876.375,882699.0,61.56834411621094,89.30558776855469,72.43211364746094,72.57652282714844,False,False,False,False,-0.407089671766503,-0.407089671766503,1.73714199999813
0.4,0.2,200,0.55,0.5,-0.407089671766503,0.0815050791156282,-0.22109752393762452,-0.225465082010757,0.5102435350418091,0.9307157397270203,0.6703036427497864,0.666545033454895,0,6124,3136,3081,1240940.5,121761.046875,884967.0625,885235.625,61.56834411621094,91.04435729980469,73.84278869628906,74.01364135742188,False,False,False,False,-0.407089671766503,-0.407089671766503,1.7100996999943163
0.4,0.2,200,0.65,0.1,-0.3890750444398809,0.021317152010538822,-0.2557138449145989,-0.257431736775997,0.5257464647293091,0.8789195418357849,0.6405137181282043,0.6390353441238403,0,5983,1957,1828,1218603.875,185282.59375,960222.875,959360.75,61.80717086791992,86.9588623046875,71.09178924560547,71.27952575683594,False,False,False,False,-0.3890750444398809,-0.3890750444398809,1.7147009999971488
0.4,0.2,200,0.65,0.3,-0.3890750444398809,0.03994273462923824,-0.2555413146308936,-0.25714333207854667,0.5257464647293091,0.8949482440948486,0.6406621932983398,0.6392835378646851,0,5975,1994,1943,1218603.875,180462.875,961006.125,960104.125,61.80717086791992,88.05268096923828,71.0727767944336,71.31012725830078,False,False,False,False,-0.3890750444398809,-0.3890750444398809,1.6056208000009065
0.4,0.2,200,0.65,0.5,-0.3890750444398809,0.058814749503828256,-0.2554589627612326,-0.2593620535190187,0.5257464647293091,0.9111890196800232,0.6407330632209778,0.6373741626739502,0,5859,1978,1908,1218603.875,186373.90625,971264.8125,970056.0,61.80717086791992,89.57112884521484,70.94217681884766,71.10577392578125,False,False,False,False,-0.3890750444398809,-0.3890750444398809,1.6014323000053992
0.4,0.2,200,0.75,0.1,-0.2521212532583186,-0.01993164587033771,-0.2826359108868271,-0.2797848323647696,0.6436054110527039,0.8434218764305115,0.6173452734947205,0.6197988390922546,2460,5522,1145,1217,1035648.3125,279373.65625,982336.6875,972916.0625,65.71745300292969,84.56839752197266,69.7292709350586,69.84495544433594,True,True,False,False,-0.2521212532583186,-0.2521212532583186,1.5891253000008874
0.4,0.2,200,0.75,0.3,-0.2521212532583186,-0.014171586250077486,-0.2806654225000684,-0.27933740336728413,0.6436054110527039,0.8483788371086121,0.6190410256385803,0.6201838850975037,2460,5514,1170,1241,1035648.3125,278442.75,978889.5625,971675.875,65.71745300292969,84.69573974609375,69.71654510498047,69.83629608154297,True,True,False,False,-0.2521212532583186,-0.2521212532583186,1.6223103000011179
0.4,0.2,200,0.75,0.5,-0.2521212532583186,0.021309256204700845,-0.279929727328042,-0.28441509913565166,0.6436054110527039,0.8789127469062805,0.6196741461753845,0.6158141493797302,2460,5427,1157,1104,1035648.3125,261362.03125,985163.75,982922.3125,65.71745300292969,87.0155258178711,69.74752807617188,69.84858703613281,True,True,False,False,-0.2521212532583186,-0.2521212532583186,1.6131936999954632
0.4,0.2,200,0.85,0.1,-0.20527148931867162,-0.043021406291502765,-0.14911312438768545,-0.14751380813676643,0.6839231252670288,0.8235514163970947,0.7322515845298767,0.7336279153823853,2630,5168,4766,4758,904609.9375,342947.4375,771147.0,765689.9375,72.24282836914062,83.24502563476562,72.70552825927734,72.75521087646484,False,False,False,False,-0.20527148931867162,-0.20527148931867162,1.6045181000008597
0.4,0.2,200,0.85,0.3,-0.20527148931867162,-0.04306400208615502,-0.14789176789516864,-0.14967490404691217,0.6839231252670288,0.8235147595405579,0.733302652835846,0.7317681312561035,2630,5168,4752,4782,904609.9375,343004.71875,768732.75,768155.0,72.24282836914062,83.24590301513672,72.68765258789062,72.74348449707031,False,False,False,False,-0.20527148931867162,-0.20527148931867162,1.5985887999995612
0.4,0.2,200,0.85,0.5,-0.20527148931867162,-0.002730563590846268,-0.1489926094564742,-0.15824524719240035,0.6839231252670288,0.8582246899604797,0.7323552966117859,0.7243927121162415,2630,5159,4736,4694,904609.9375,311972.71875,771809.8125,782322.125,72.24282836914062,85.36170959472656,72.74161529541016,72.75677490234375,False,False,False,False,-0.20527148931867162,-0.20527148931867162,1.6167122999977437
0.4,0.2,300,0.55,0.1,-0.4795161325511868,0.036023921521230885,-0.44050067027772805,-0.44477313237353117,0.4479151666164398,0.891575813293457,0.4814908802509308,0.47781410813331604,0,6143,0,0,1356033.625,145769.578125,1244195.125,1240733.0,52.50150680541992,87.54188537597656,61.86555862426758,62.12512969970703,False,False,False,False,-0.4795161325511868,-0.4795161325511868,1.7193410000036238
0.4,0.2,300,0.55,0.3,-0.4795161325511868,0.05685264175309053,-0.4274881052109202,-0.43108035055992694,0.4479151666164398,0.9095004796981812,0.4926891624927521,0.48959776759147644,0,6123,0,0,1356033.625,149036.625,1238155.375,1236329.5,52.50150680541992,89.17022705078125,62.63862991333008,62.883296966552734,False,False,False,False,-0.4795161325511868,-0.4795161325511868,1.6832283000039752
0.4,0.2,300,0.55,0.5,-0.4795161325511868,0.0815050791156282,-0.408401968549066,-0.41046041898331803,0.4479151666164398,0.9307157397270203,0.5091142058372498,0.5073427557945251,0,6124,0,0,1356033.625,121761.046875,1225836.625,1223029.125,52.50150680541992,91.04435729980469,64.07669830322266,64.4279556274414,False,False,False,False,-0.4795161325511868,-0.4795161325511868,1.6900263999996241
0.4,0.2,300,0.65,0.1,-0.3714952405259853,0.011306516914166703,-0.3770878952101895,-0.37152682374933726,0.5408751964569092,0.8703046441078186,0.5360623002052307,0.5408480167388916,0,5972,0,0,1234489.75,189888.921875,1172120.75,1160124.375,57.407997131347656,86.01325225830078,61.883628845214844,62.14283752441406,True,True,False,False,-0.3714952405259853,-0.3714952405259853,1.698339800001122
0.4,0.2,300,0.65,0.5,-0.3714952405259853,0.058814749503828256,-0.3818456030577547,-0.38583000676338103,0.5408751964569092,0.9111890196800232,0.5319679379463196,0.5285390615463257,0,5859,0,0,1234489.75,186373.90625,1188465.5,1185648.0,57.407997131347656,89.57112884521484,61.690242767333984,61.89274597167969,True,True,False,False,-0.3714952405259853,-0.3714952405259853,1.3237214999971911
0.4,0.2,300,0.65,0.3,-0.3714952405259853,0.027356473816226506,-0.37931700586886935,-0.3782269690945,0.5408751964569092,0.8841168284416199,0.5341439843177795,0.5350820422172546,0,5870,0,0,1234489.75,224023.609375,1178565.375,1173413.5,57.407997131347656,87.14586639404297,61.82700729370117,62.15340042114258,True,True,False,False,-0.3714952405259853,-0.3714952405259853,1.3679378000015276
0.4,0.2,300,0.75,0.1,-0.25621779125913513,-0.0510871104779075,-0.2498368026973181,-0.254394621986564,0.6400800347328186,0.8166102766990662,0.6455713510513306,0.6416490077972412,2768,5467,2136,1922,1062808.5,310003.71875,978578.6875,979106.25,64.346923828125,82.38793182373047,65.62470245361328,65.67005920410156,False,False,False,False,-0.25621779125913513,-0.25621779125913513,1.352680899995903
0.4,0.2,300,0.75,0.3,-0.25621779125913513,-0.020223582901978766,-0.2501387826398934,-0.2553020855662938,0.6400800347328186,0.8431706428527832,0.6453114748001099,0.640868067741394,2768,5462,2076,1890,1062808.5,295566.75,978623.3125,979857.4375,64.346923828125,83.89033508300781,65.56915283203125,65.66795349121094,False,False,False,False,-0.25621779125913513,-0.25621779125913513,1.3225630999950226
0.4,0.2,300,0.75,0.5,-0.25621779125913513,0.017155508242286264,-0.27328720751320557,-0.2627099444557764,0.6400800347328186,0.8753381371498108,0.6253905296325684,0.6344930529594421,2768,5377,1597,1784,1062808.5,273307.09375,1014944.9375,995994.5,64.346923828125,86.660888671875,65.8515853881836,66.03993225097656,True,True,False,False,-0.25621779125913513,-0.25621779125913513,1.2965748999995412
0.4,0.2,300,0.85,0.1,-0.18880243135410646,-0.08257212108703083,-0.19058335113929897,-0.1889496812068393,0.698095977306366,0.7895150780677795,0.6965633630752563,0.6979692578315735,2913,5159,3435,3494,895073.1875,376836.0,878558.125,868568.6875,70.98469543457031,80.60000610351562,68.35420989990234,68.33515167236328,True,True,False,False,-0.18880243135410646,-0.18880243135410646,1.3159120999989682
0.4,0.2,300,0.85,0.3,-0.18880243135410646,-0.057166119097149234,-0.1931481028075477,-0.1862437054324183,0.698095977306366,0.8113788366317749,0.6943562030792236,0.7002979516983032,2913,5155,3394,3506,895073.1875,361813.625,879166.25,868324.8125,70.98469543457031,81.5095443725586,68.36275482177734,68.43511199951172,True,False,False,False,-0.18880243135410646,-0.18880243135410646,1.3345331999953487
0.4,0.2,300,0.85,0.5,-0.18880243135410646,-0.003405932035812328,-0.18571614093182284,-0.18730970848200015,0.698095977306366,0.8576434850692749,0.7007519602775574,0.6993805766105652,2913,5152,3592,3529,895073.1875,316417.375,874648.9375,873808.75,70.98469543457031,85.22537994384766,68.55840301513672,68.53218841552734,False,False,False,False,-0.18880243135410646,-0.18880243135410646,1.3061644000044907
0.4,0.3,50,0.55,0.1,-0.00583430789971911,0.07235356310359194,0.03218316607269198,0.030666201691433987,0.8555536866188049,0.9228401780128479,0.8882705569267273,0.8869650959968567,6161,6209,6080,6018,398830.90625,113053.359375,267553.28125,267846.15625,85.0969467163086,90.11111450195312,87.50682067871094,87.5206527709961,False,False,False,False,-0.03218316607269198,-0.030666201691433987,1.252271200006362
0.4,0.3,50,0.55,0.3,-0.00583430789971911,0.07255982371574544,0.031489374080770634,0.031328964551641164,0.8555536866188049,0.923017680644989,0.8876734972000122,0.8875354528427124,6161,6201,6050,6045,398830.90625,113192.8125,268899.4375,266228.6875,85.0969467163086,90.11863708496094,87.48159790039062,87.525146484375,False,False,False,False,-0.031489374080770634,-0.031328964551641164,1.2390150999999605
0.4,0.3,50,0.55,0.5,-0.00583430789971911,0.08185651173687296,0.03641981999640533,0.03516965073872536,0.8555536866188049,0.9310181736946106,0.8919165134429932,0.8908406496047974,6161,6160,6101,6055,398830.90625,122891.9453125,271538.5625,272011.6875,85.0969467163086,90.94183349609375,87.81462097167969,87.83183288574219,False,False,False,False,-0.03641981999640533,-0.03516965073872536,1.244777800005977
0.4,0.3,50,0.65,0.1,-0.00583430789971911,0.0670700222917992,0.028484742913600838,0.027875519157891528,0.8555536866188049,0.918293297290802,0.885087788105011,0.8845635056495667,6161,6050,5958,5933,398830.90625,136549.75,280925.6875,280437.1875,85.0969467163086,89.75577545166016,87.30150604248047,87.33544921875,False,False,False,False,-0.028484742913600838,-0.027875519157891528,1.229986899998039
0.4,0.3,50,0.65,0.3,-0.00583430789971911,0.06696973170536592,0.028986403630131365,0.028189966162316296,0.8555536866188049,0.9182069897651672,0.8855195045471191,0.8848341107368469,6161,6062,5999,5979,398830.90625,136720.875,279677.9375,279880.84375,85.0969467163086,89.75021362304688,87.31240844726562,87.33644104003906,False,False,False,False,-0.028986403630131365,-0.028189966162316296,1.3149317999996128
0.4,0.3,50,0.65,0.5,-0.00583430789971911,0.07182274331462465,0.031240725458329018,0.029440412465815143,0.8555536866188049,0.9223833680152893,0.8874595165252686,0.8859102129936218,6161,6040,6032,5974,398830.90625,153705.015625,284188.125,283875.78125,85.0969467163086,90.05624389648438,87.3949203491211,87.41732025146484,False,False,False,False,-0.031240725458329018,-0.029440412465815143,1.3018586000034702
0.4,0.3,50,0.75,0.1,-0.00583430789971911,0.05646055265792564,0.023925953963988892,0.024288814725262318,0.8555536866188049,0.9091630578041077,0.8811646103858948,0.881476879119873,6161,5760,5753,5771,398830.90625,167100.328125,295166.59375,294079.28125,85.0969467163086,89.05294036865234,87.00300598144531,87.04387664794922,False,False,False,False,-0.023925953963988892,-0.024288814725262318,1.3664580999975442
0.4,0.3,50,0.75,0.3,-0.00583430789971911,0.05646055265792564,0.023925953963988892,0.024288814725262318,0.8555536866188049,0.9091630578041077,0.8811646103858948,0.881476879119873,6161,5760,5753,5771,398830.90625,167100.328125,295166.59375,294079.28125,85.0969467163086,89.05294036865234,87.00300598144531,87.04387664794922,False,False,False,False,-0.023925953963988892,-0.024288814725262318,1.3544184999991558
0.4,0.3,50,0.75,0.5,-0.00583430789971911,0.05785250011341563,0.02578846374284053,0.023987250351415305,0.8555536866188049,0.9103609323501587,0.8827674388885498,0.881217360496521,6161,5742,5848,5786,398830.90625,174186.0,296377.34375,295891.5,85.0969467163086,89.103515625,87.04887390136719,87.03961944580078,False,False,False,False,-0.02578846374284053,-0.023987250351415305,1.362186999998812
0.4,0.3,50,0.85,0.1,-0.00583430789971911,0.0509185973585759,0.022068569532786467,0.021114146686757106,0.8555536866188049,0.9043937921524048,0.8795661926269531,0.8787448406219482,6161,5492,5895,5857,398830.90625,200307.84375,309764.96875,309587.71875,85.0969467163086,88.60094451904297,86.76728820800781,86.78203582763672,False,False,False,False,-0.022068569532786467,-0.021114146686757106,1.3603336000014679
0.4,0.3,50,0.85,0.3,-0.00583430789971911,0.0509185973585759,0.022068569532786467,0.021114146686757106,0.8555536866188049,0.9043937921524048,0.8795661926269531,0.8787448406219482,6161,5492,5895,5857,398830.90625,200307.84375,309764.96875,309587.71875,85.0969467163086,88.60094451904297,86.76728820800781,86.78203582763672,False,False,False,False,-0.022068569532786467,-0.021114146686757106,1.3551529999967897
0.4,0.3,50,0.85,0.5,-0.00583430789971911,0.05090058938034893,0.022107979300521642,0.021122873630051713,0.8555536866188049,0.9043782949447632,0.8796001076698303,0.8787523508071899,6161,5539,5825,5839,398830.90625,201794.328125,310489.5,310340.6875,85.0969467163086,88.59306335449219,86.77763366699219,86.79438781738281,False,False,False,False,-0.022107979300521642,-0.021122873630051713,1.3080236000023433
0.4,0.3,100,0.55,0.1,-0.14300336368254843,0.045816244512328366,-0.07133354965994357,-0.0745198536228416,0.7375094890594482,0.9000028371810913,0.7991867065429688,0.7964446544647217,4494,6158,5466,5417,750362.25,142262.296875,509174.125,510807.0,76.73723602294922,88.4852294921875,81.64901733398438,81.69500732421875,False,False,False,False,-0.14300336368254843,-0.14300336368254843,1.3869607000015094
0.4,0.3,100,0.55,0.3,-0.14300336368254843,0.057878680943299454,-0.07118768503630513,-0.07428935150153639,0.7375094890594482,0.9103834629058838,0.7993122339248657,0.7966430187225342,4494,6146,5455,5412,750362.25,143952.484375,512086.34375,512563.375,76.73723602294922,89.2162094116211,81.65229034423828,81.70307159423828,False,False,False,False,-0.14300336368254843,-0.14300336368254843,1.3684826000026078
0.4,0.3,100,0.55,0.5,-0.14300336368254843,0.07825886399439813,-0.06108853380080198,-0.0643060054183236,0.7375094890594482,0.9279221296310425,0.808003306388855,0.805234432220459,4494,6122,5413,5362,750362.25,131936.15625,515630.3125,518662.78125,76.73723602294922,90.84197998046875,82.59384155273438,82.60508728027344,False,False,False,False,-0.14300336368254843,-0.14300336368254843,1.3698195000033593
0.4,0.3,100,0.65,0.1,-0.14300336368254843,0.03147538326691737,-0.07911819086309815,-0.08129071491327254,0.7375094890594482,0.8876614570617676,0.7924874424934387,0.790617823600769,4494,5986,5187,5190,750362.25,180993.671875,542044.4375,540847.6875,76.73723602294922,87.6639175415039,81.1685791015625,81.25029754638672,False,False,False,False,-0.14300336368254843,-0.14300336368254843,1.3879662999970606
0.4,0.3,100,0.65,0.3,-0.14300336368254843,0.03902384290947978,-0.07877714746006124,-0.08048555050216286,0.7375094890594482,0.8941574692726135,0.7927809357643127,0.791310727596283,4494,5984,5210,5159,750362.25,181923.90625,542275.9375,544477.875,76.73723602294922,88.00904846191406,81.1697998046875,81.24805450439453,False,False,False,False,-0.14300336368254843,-0.14300336368254843,1.3127107999971486
0.4,0.3,100,0.65,0.5,-0.14300336368254843,0.054461043721639596,-0.07615892594876938,-0.07978123076912422,0.7375094890594482,0.9074423313140869,0.7950341105461121,0.7919168472290039,4494,5861,5211,5119,750362.25,199637.046875,564644.3125,565473.375,76.73723602294922,89.309326171875,81.23094940185547,81.24354553222656,False,False,False,False,-0.14300336368254843,-0.14300336368254843,1.316870700000436
0.4,0.3,100,0.75,0.1,-0.14300336368254843,0.0034254637660431175,-0.09328416693534339,-0.094734155489888,0.7375094890594482,0.8635224103927612,0.7802965641021729,0.7790487408638,4494,5588,4646,4683,750362.25,253880.734375,588052.125,587324.4375,76.73723602294922,86.02525329589844,80.28045654296875,80.34709930419922,False,False,False,False,-0.14300336368254843,-0.14300336368254843,1.3044446999992942
0.4,0.3,100,0.75,0.3,-0.14300336368254843,0.0031512576668101533,-0.09328416693534339,-0.09514425256327987,0.7375094890594482,0.8632864356040955,0.7802965641021729,0.778695821762085,4494,5587,4646,4638,750362.25,253922.21875,588052.125,587305.0625,76.73723602294922,86.00411224365234,80.28045654296875,80.34193420410156,False,False,False,False,-0.14300336368254843,-0.14300336368254843,1.334981300002255
0.4,0.3,100,0.75,0.5,-0.14300336368254843,0.02326159809032317,-0.09302665284669774,-0.09420354348528488,0.7375094890594482,0.8805928826332092,0.7805181741714478,0.7795053720474243,4494,5504,4639,4595,750362.25,258661.96875,591142.25,591557.125,76.73723602294922,87.16050720214844,80.31130981445312,80.35887145996094,False,False,False,False,-0.14300336368254843,-0.14300336368254843,1.327813200005039
0.4,0.3,100,0.85,0.1,-0.14300336368254843,-0.015042618304625038,-0.10026433634193549,-0.10123780608801261,0.7375094890594482,0.8476292490959167,0.774289608001709,0.7734518647193909,4494,5209,4808,4848,750362.25,309201.1875,613692.125,614235.125,76.73723602294922,84.93224334716797,79.85425567626953,79.90286254882812,False,False,False,False,-0.14300336368254843,-0.14300336368254843,1.3469146999996156
0.4,0.3,100,0.85,0.3,-0.14300336368254843,-0.015184881332618094,-0.10026433634193549,-0.10123780608801261,0.7375094890594482,0.8475068211555481,0.774289608001709,0.7734518647193909,4494,5209,4808,4848,750362.25,309449.96875,613692.125,614235.125,76.73723602294922,84.92369842529297,79.85425567626953,79.90286254882812,False,False,False,False,-0.14300336368254843,-0.14300336368254843,1.3740574999974342
0.4,0.3,100,0.85,0.5,-0.14300336368254843,-0.00619072734570366,-0.09986996161876487,-0.0997801987734489,0.7375094890594482,0.8552469611167908,0.7746289968490601,0.774706244468689,4494,5190,4841,4952,750362.25,314749.5,615409.5,616624.875,76.73723602294922,85.27532958984375,79.87511444091797,79.96282958984375,False,False,False,False,-0.14300336368254843,-0.14300336368254843,1.354245800001081
0.4,0.3,200,0.55,0.1,-0.407089671766503,0.03493166838031049,-0.25662338633797027,-0.26061443914324967,0.5102435350418091,0.8906358480453491,0.6397309899330139,0.6362963914871216,0,6144,3428,3346,1240940.5,147938.453125,903606.8125,901383.0625,61.56834411621094,87.46090698242188,71.1978530883789,71.34722137451172,False,False,False,False,-0.407089671766503,-0.407089671766503,1.402478500000143
0.4,0.3,200,0.55,0.3,-0.407089671766503,0.056514715115515986,-0.2507797974033188,-0.2552034572547738,0.5102435350418091,0.909209668636322,0.6447598338127136,0.6409529447555542,0,6134,3347,3274,1240940.5,149773.828125,915862.25,914907.125,61.56834411621094,89.10604858398438,71.89786529541016,72.04573822021484,False,False,False,False,-0.407089671766503,-0.407089671766503,1.3815207000006922
0.4,0.3,200,0.55,0.5,-0.407089671766503,0.07825886399439813,-0.24715527621641295,-0.24983361667040102,0.5102435350418091,0.9279221296310425,0.6478790044784546,0.6455740928649902,0,6122,2955,2930,1240940.5,131936.15625,931666.25,930250.1875,61.56834411621094,90.84197998046875,73.23838806152344,73.4265365600586,False,False,False,False,-0.407089671766503,-0.407089671766503,1.3746332000009716
0.4,0.3,200,0.65,0.1,-0.3890750444398809,0.010986944562092722,-0.30630753678908745,-0.3077956884051823,0.5257464647293091,0.870029628276825,0.5969740748405457,0.5956934094429016,0,5978,1597,1567,1218603.875,190199.09375,1036347.1875,1037721.375,61.80717086791992,85.96808624267578,69.06144714355469,69.12996673583984,False,False,False,False,-0.3890750444398809,-0.3890750444398809,1.3355679999949643
0.4,0.3,200,0.65,0.5,-0.3890750444398809,0.0541522761565018,-0.31313332241311065,-0.3145263087904214,0.5257464647293091,0.9071766138076782,0.5910999774932861,0.5899012088775635,0,5859,1127,1146,1218603.875,200163.40625,1075112.375,1073678.625,61.80717086791992,89.29060363769531,68.17950439453125,68.28065490722656,False,False,False,False,-0.3890750444398809,-0.3890750444398809,1.3233337999990908
0.4,0.3,200,0.65,0.3,-0.3890750444398809,0.03188485698721676,-0.30722054128519477,-0.3078827500537642,0.5257464647293091,0.8880138397216797,0.5961883664131165,0.595618486404419,0,5923,1564,1601,1218603.875,210178.734375,1039468.375,1036374.1875,61.80717086791992,87.4165267944336,68.98084259033203,69.23062133789062,False,False,False,False,-0.3890750444398809,-0.3890750444398809,1.368530899999314
0.4,0.3,200,0.75,0.1,-0.2521212532583186,-0.04892885428740525,-0.2687958099590353,-0.2713050139405993,0.6436054110527039,0.8184676170349121,0.6292557120323181,0.6270963549613953,2460,5507,1288,1285,1035648.3125,302465.03125,992298.3125,991483.625,65.71745300292969,82.44334411621094,67.59942626953125,67.65528106689453,True,True,False,False,-0.2521212532583186,-0.2521212532583186,1.3302487999972072
0.4,0.3,200,0.75,0.3,-0.2521212532583186,-0.018760642455401683,-0.2720213159053044,-0.26925182737690595,0.6436054110527039,0.844429612159729,0.6264799237251282,0.6288632750511169,2460,5505,1242,1267,1035648.3125,291664.46875,998345.125,989153.125,65.71745300292969,83.97986602783203,67.53992462158203,67.61859130859375,True,True,False,False,-0.2521212532583186,-0.2521212532583186,1.3460644000006141
0.4,0.3,200,0.75,0.5,-0.2521212532583186,0.014980975609925028,-0.2682625660191529,-0.2643770676708654,0.6436054110527039,0.8734667897224426,0.6297146081924438,0.6330583691596985,2460,5412,1336,1422,1035648.3125,281987.65625,998204.375,989962.5,65.71745300292969,86.46904754638672,67.7698974609375,67.79716491699219,True,True,False,False,-0.2521212532583186,-0.2521212532583186,1.3241912000012235
0.4,0.3,200,0.85,0.1,-0.20527148931867162,-0.08526888508797417,-0.19660085558675014,-0.196787307422854,0.6839231252670288,0.7871943116188049,0.6913848519325256,0.6912243962287903,2630,5168,3331,3320,904609.9375,380607.71875,876224.75,872673.5625,72.24282836914062,80.37604522705078,69.77716827392578,69.74319458007812,False,False,False,False,-0.20527148931867162,-0.20527148931867162,1.335589300004358
0.4,0.3,200,0.85,0.3,-0.20527148931867162,-0.05946532234800487,-0.19720093683043652,-0.194613952235223,0.6839231252670288,0.809400200843811,0.6908684372901917,0.6930947303771973,2630,5170,3336,3375,904609.9375,365938.15625,875396.1875,869249.0625,72.24282836914062,81.31813049316406,69.7542724609375,69.78219604492188,False,False,False,False,-0.20527148931867162,-0.20527148931867162,1.3640407999992021
0.4,0.3,200,0.85,0.5,-0.20527148931867162,-0.007597427491048823,-0.19284598434206293,-0.19082715145991025,0.6839231252670288,0.8540363907814026,0.6946161985397339,0.696353554725647,2630,5156,3398,3432,904609.9375,330652.84375,873957.6875,870069.5,72.24282836914062,84.7686538696289,69.92761993408203,69.89374542236328,False,False,False,False,-0.20527148931867162,-0.20527148931867162,1.366567800003395
0.4,0.3,300,0.55,0.1,-0.4795161325511868,0.03474480097547833,-0.5086159864441481,-0.5113119193076348,0.4479151666164398,0.8904750347137451,0.4228725731372833,0.420552521944046,0,6143,0,0,1356033.625,147440.390625,1322819.875,1317636.75,52.50150680541992,87.35110473632812,59.60936737060547,59.87038803100586,True,True,False,False,-0.4795161325511868,-0.4795161325511868,1.6569116000027861
0.4,0.3,300,0.55,0.3,-0.4795161325511868,0.055128239314948806,-0.48427176255511045,-0.48582041405190246,0.4479151666164398,0.9080165028572083,0.44382259249687195,0.4424898624420166,0,6123,0,0,1356033.625,154305.265625,1314021.125,1311255.0,52.50150680541992,89.00808715820312,60.97233963012695,61.2959098815918,True,True,False,False,-0.4795161325511868,-0.4795161325511868,1.6301347999979043
0.4,0.3,300,0.55,0.5,-0.4795161325511868,0.07825886399439813,-0.4719324534588997,-0.4713597997512821,0.4479151666164398,0.9279221296310425,0.45444148778915405,0.454934298992157,0,6122,0,0,1356033.625,131936.15625,1316634.125,1311003.625,52.50150680541992,90.84197998046875,62.187591552734375,62.57456970214844,False,False,False,False,-0.4795161325511868,-0.4795161325511868,1.6652713000003132
0.4,0.3,300,0.65,0.1,-0.3714952405259853,0.009946845296575817,-0.39560833894062525,-0.40048545353612625,0.5408751964569092,0.8691345453262329,0.520124077796936,0.5159269571304321,0,5973,0,0,1234489.75,190534.09375,1209905.125,1208427.75,57.407997131347656,85.67439270019531,58.90854263305664,59.03303909301758,True,True,False,False,-0.3714952405259853,-0.3714952405259853,1.6866981999992277
0.4,0.3,300,0.65,0.5,-0.3714952405259853,0.0541522761565018,-0.3903154478324455,-0.3921076572347572,0.5408751964569092,0.9071766138076782,0.5246790051460266,0.5231366753578186,0,5859,0,0,1234489.75,200163.40625,1216916.75,1213258.375,57.407997131347656,89.29060363769531,58.81962966918945,59.205257415771484,True,True,False,False,-0.3714952405259853,-0.3714952405259853,1.6211349000004702
0.4,0.3,300,0.65,0.3,-0.3714952405259853,0.024610949751160908,-0.40141127140135663,-0.3992599413563263,0.5408751964569092,0.8817541003227234,0.5151302218437195,0.5169816017150879,0,5863,0,0,1234489.75,232270.578125,1221672.375,1213663.5,57.407997131347656,86.85519409179688,58.90681838989258,59.04872512817383,True,True,False,False,-0.3714952405259853,-0.3714952405259853,1.6830316000050516
0.4,0.3,300,0.75,0.1,-0.25621779125913513,-0.06708228156928449,-0.30795644424158536,-0.3028842201281406,0.6400800347328186,0.8028452396392822,0.5955550670623779,0.5999200940132141,2768,5454,687,737,1062808.5,315476.4375,1084919.125,1075548.0,64.346923828125,80.63481140136719,61.767173767089844,61.82254409790039,True,True,False,False,-0.25621779125913513,-0.25621779125913513,1.673482000005606
0.4,0.3,300,0.75,0.3,-0.25621779125913513,-0.025851768712453798,-0.31039901870370956,-0.3039155231889082,0.6400800347328186,0.838327169418335,0.593453049659729,0.5990325808525085,2768,5443,670,788,1062808.5,311415.0625,1088380.375,1075919.875,64.346923828125,83.3067398071289,61.71662139892578,61.80830383300781,True,True,False,False,-0.25621779125913513,-0.25621779125913513,1.672533500001009
0.4,0.3,300,0.75,0.5,-0.25621779125913513,0.011962422890356693,-0.30656754429010297,-0.3010087584572565,0.6400800347328186,0.8708691000938416,0.5967503190040588,0.6015340685844421,2768,5376,509,418,1062808.5,291079.625,1091361.875,1082918.375,64.346923828125,86.19600677490234,62.20949935913086,62.376708984375,True,True,False,False,-0.25621779125913513,-0.25621779125913513,1.5780664000049
0.4,0.3,300,0.85,0.1,-0.18880243135410646,-0.11079796468289163,-0.2752671154578061,-0.2726608069167259,0.698095977306366,0.7652246356010437,0.623686671257019,0.625929594039917,2913,5159,1334,1526,895073.1875,385952.78125,1030578.9375,1023112.6875,70.98469543457031,78.07777404785156,63.65700912475586,63.62390899658203,True,True,False,False,-0.18880243135410646,-0.18880243135410646,1.6341868000017712
0.4,0.3,300,0.85,0.3,-0.18880243135410646,-0.06150347917602418,-0.27501327222626054,-0.27155449370049756,0.698095977306366,0.8076462149620056,0.6239051222801208,0.6268816590309143,2913,5155,1167,1373,895073.1875,374323.0,1032653.4375,1024397.6875,70.98469543457031,80.80350494384766,63.70572280883789,63.684329986572266,True,True,False,False,-0.18880243135410646,-0.18880243135410646,1.6074867999996059
0.4,0.3,300,0.85,0.5,-0.18880243135410646,-0.008091815754833843,-0.2728699072485229,-0.2687872908001049,0.698095977306366,0.8536109328269958,0.6257496476173401,0.6292630434036255,2913,5152,1147,1137,895073.1875,333779.6875,1036120.0625,1028619.4375,70.98469543457031,84.67766571044922,63.89596939086914,63.89317321777344,True,True,False,False,-0.18880243135410646,-0.18880243135410646,1.590258600001107
0.4,0.4,50,0.55,0.1,-0.00583430789971911,0.05947744310258072,0.020518983006355778,0.019046553740482176,0.8555536866188049,0.9117593169212341,0.8782326579093933,0.8769655227661133,6161,6196,5973,5933,398830.90625,126715.4765625,286812.46875,286870.625,85.0969467163086,89.38333892822266,86.95043182373047,86.94796752929688,False,False,False,False,-0.020518983006355778,-0.019046553740482176,1.6033974999954808
0.4,0.4,50,0.55,0.3,-0.00583430789971911,0.06180532059569007,0.019824359876977803,0.018322425231393862,0.8555536866188049,0.913762629032135,0.8776348829269409,0.8763423562049866,6161,6191,5961,5921,398830.90625,129486.125,286913.28125,287218.03125,85.0969467163086,89.4883804321289,86.93412017822266,86.93576049804688,False,False,False,False,-0.019824359876977803,-0.018322425231393862,1.5738564999992377
0.4,0.4,50,0.55,0.5,-0.00583430789971911,0.0758013290580546,0.026189972395847222,0.02560512867219904,0.8555536866188049,0.9258072376251221,0.8831129670143127,0.8826096653938293,6161,6122,5984,5961,398830.90625,140034.15625,292359.25,293305.9375,85.0969467163086,90.63786315917969,87.35735321044922,87.38471221923828,False,False,False,False,-0.026189972395847222,-0.02560512867219904,1.5703332999983104
0.4,0.4,50,0.65,0.1,-0.00583430789971911,0.05063123158294631,0.015956176892370125,0.015276237191392601,0.8555536866188049,0.9041464924812317,0.8743060231208801,0.8737208843231201,6161,6041,5836,5845,398830.90625,157373.09375,302634.8125,302172.96875,85.0969467163086,88.83536529541016,86.6749496459961,86.70022583007812,False,False,False,False,-0.015956176892370125,-0.015276237191392601,1.575045899997349
0.4,0.4,50,0.65,0.3,-0.00583430789971911,0.05028811033626782,0.015607168422040518,0.015124693128467185,0.8555536866188049,0.9038512110710144,0.8740056753158569,0.8735904693603516,6161,6033,5836,5812,398830.90625,158985.25,303639.09375,302263.75,85.0969467163086,88.83314514160156,86.66636657714844,86.69170379638672,False,False,False,False,-0.015607168422040518,-0.015124693128467185,1.8742532000032952
0.4,0.4,50,0.65,0.5,-0.00583430789971911,0.05863979506920778,0.019029515422621275,0.01821652446712834,0.8555536866188049,0.9110384583473206,0.8769508600234985,0.876251220703125,6161,5937,5902,5853,398830.90625,189172.953125,309771.65625,310192.90625,85.0969467163086,89.42375946044922,86.80015563964844,86.83124542236328,False,False,False,False,-0.019029515422621275,-0.01821652446712834,1.8785684000031324
0.4,0.4,50,0.75,0.1,-0.00583430789971911,0.032962149653917826,0.010843434827914722,0.011050041747341833,0.8555536866188049,0.8889409303665161,0.8699061274528503,0.8700839281082153,6161,5684,5642,5653,398830.90625,209189.25,323267.21875,324329.1875,85.0969467163086,87.76554870605469,86.30302429199219,86.30833435058594,False,False,False,False,-0.010843434827914722,-0.011050041747341833,1.931886400001531
0.4,0.4,50,0.75,0.3,-0.00583430789971911,0.032962149653917826,0.010843434827914722,0.011050041747341833,0.8555536866188049,0.8889409303665161,0.8699061274528503,0.8700839281082153,6161,5684,5642,5653,398830.90625,209189.25,323267.21875,324329.1875,85.0969467163086,87.76554870605469,86.30302429199219,86.30833435058594,False,False,False,False,-0.010843434827914722,-0.011050041747341833,1.9170063000055961
0.4,0.4,50,0.75,0.5,-0.00583430789971911,0.03695978229739553,0.011388383953644693,0.009866917577829962,0.8555536866188049,0.8923811912536621,0.8703750967979431,0.8690657615661621,6161,5648,5663,5562,398830.90625,220379.3125,324656.65625,326704.3125,85.0969467163086,87.92625427246094,86.31084442138672,86.29889678955078,False,False,False,False,-0.011388383953644693,-0.009866917577829962,1.7771005999966292
0.4,0.4,50,0.85,0.1,-0.00583430789971911,0.022476103932353723,0.007399408992006882,0.00696361591891423,0.8555536866188049,0.8799169063568115,0.866942286491394,0.8665672540664673,6161,5369,5661,5636,398830.90625,250872.921875,344814.5,344941.5625,85.0969467163086,87.05934143066406,85.94026947021484,85.9547348022461,False,False,False,False,-0.007399408992006882,-0.00696361591891423,1.963084400005755
0.4,0.4,50,0.85,0.5,-0.00583430789971911,0.022153345553362663,0.00668282998148295,0.006763519576230716,0.8555536866188049,0.8796391487121582,0.8663256168365479,0.8663950562477112,6161,5377,5646,5648,398830.90625,249855.125,345394.5625,344006.53125,85.0969467163086,87.0635757446289,85.9447021484375,85.95344543457031,False,False,False,False,-0.00668282998148295,-0.006763519576230716,1.887104100002034
0.4,0.4,50,0.85,0.3,-0.00583430789971911,0.022476103932353723,0.007399408992006882,0.00696361591891423,0.8555536866188049,0.8799169063568115,0.866942286491394,0.8665672540664673,6161,5369,5661,5636,398830.90625,250872.921875,344814.5,344941.5625,85.0969467163086,87.05934143066406,85.94026947021484,85.9547348022461,False,False,False,False,-0.007399408992006882,-0.00696361591891423,1.930123599995568
0.4,0.4,100,0.55,0.1,-0.14300336368254843,0.03882921822171908,-0.08367614867525347,-0.08741599018426664,0.7375094890594482,0.8939899802207947,0.7885649800300598,0.7853465676307678,4494,6165,5448,5398,750362.25,143043.46875,523650.03125,524850.1875,76.73723602294922,87.91864013671875,80.97259521484375,80.98102569580078,False,False,False,False,-0.14300336368254843,-0.14300336368254843,1.8766287000034936
0.4,0.4,100,0.55,0.3,-0.14300336368254843,0.05598756618364883,-0.0819099123184614,-0.08556040655088691,0.7375094890594482,0.9087560176849365,0.790084958076477,0.7869434356689453,4494,6146,5431,5380,750362.25,149334.28125,529588.6875,531152.375,76.73723602294922,89.06233215332031,81.03558349609375,81.04273223876953,False,False,False,False,-0.14300336368254843,-0.14300336368254843,1.798222800003714
0.4,0.4,100,0.55,0.5,-0.14300336368254843,0.0753153214302906,-0.06457162309717139,-0.06900574142828894,0.7375094890594482,0.9253889918327332,0.8050058484077454,0.8011899590492249,4494,6121,5398,5340,750362.25,140723.5,525860.4375,531411.9375,76.73723602294922,90.63525390625,82.36103820800781,82.3463134765625,False,False,False,False,-0.14300336368254843,-0.14300336368254843,1.7750730000043404
0.4,0.4,100,0.65,0.1,-0.14300336368254843,0.019510674748554946,-0.09836982777100363,-0.09951187989786706,0.7375094890594482,0.8773649334907532,0.7759199738502502,0.7749371528625488,4494,5987,5180,5170,750362.25,188712.8125,563602.0,562105.8125,76.73723602294922,86.7818603515625,80.220947265625,80.30667114257812,False,False,False,False,-0.14300336368254843,-0.14300336368254843,1.78107280000404
0.4,0.4,100,0.65,0.3,-0.14300336368254843,0.03684058333382394,-0.09850516465352477,-0.10057428135180352,0.7375094890594482,0.8922786116600037,0.7758035063743591,0.7740228772163391,4494,5983,5179,5155,750362.25,188896.328125,564454.25,565028.9375,76.73723602294922,87.77439880371094,80.20994567871094,80.28900146484375,False,False,False,False,-0.14300336368254843,-0.14300336368254843,1.8264330999954836
0.4,0.4,100,0.65,0.5,-0.14300336368254843,0.050598609437773605,-0.0962804867279469,-0.10056132945977105,0.7375094890594482,0.9041184186935425,0.7777180075645447,0.7740340232849121,4494,5861,5061,4996,750362.25,212014.078125,615426.0,616614.3125,76.73723602294922,89.01947021484375,80.11681365966797,80.06009674072266,False,False,False,False,-0.14300336368254843,-0.14300336368254843,1.8263883000036003
0.4,0.4,100,0.75,0.3,-0.14300336368254843,-0.012918161704025719,-0.12347592766195147,-0.12409824183260268,0.7375094890594482,0.8494575023651123,0.7543143033981323,0.7537787556648254,4494,5570,4200,4210,750362.25,277521.625,645463.1875,641671.125,76.73723602294922,84.62078857421875,78.79364776611328,78.84703063964844,False,False,False,False,-0.14300336368254843,-0.14300336368254843,1.833438000001479
0.4,0.4,100,0.75,0.1,-0.14300336368254843,-0.022050977123287813,-0.12347592766195147,-0.12409824183260268,0.7375094890594482,0.8415980339050293,0.7543143033981323,0.7537787556648254,4494,5571,4200,4210,750362.25,280949.15625,645463.1875,641671.125,76.73723602294922,84.4051742553711,78.79364776611328,78.84703063964844,False,False,False,False,-0.14300336368254843,-0.14300336368254843,1.8711511000001337
0.4,0.4,100,0.75,0.5,-0.14300336368254843,0.013487075293088503,-0.12044373043580346,-0.12160891588854308,0.7375094890594482,0.8721811771392822,0.7569237351417542,0.7559210062026978,4494,5473,4391,4327,750362.25,286605.125,646783.0,647721.1875,76.73723602294922,86.52322387695312,78.90753936767578,78.91375732421875,False,False,False,False,-0.14300336368254843,-0.14300336368254843,1.816586199995072
0.4,0.4,100,0.85,0.1,-0.14300336368254843,-0.05199131876926551,-0.13398815421339938,-0.13590704281639238,0.7375094890594482,0.8158321380615234,0.7452677488327026,0.7436164021492004,4494,5197,4193,4187,750362.25,352689.6875,682879.75,682969.3125,76.73723602294922,82.72509765625,78.141357421875,78.15194702148438,False,False,False,False,-0.14300336368254843,-0.14300336368254843,1.8299998000002233
0.4,0.4,100,0.85,0.5,-0.14300336368254843,-0.015091724676020888,-0.13233370584452397,-0.1324763151797906,0.7375094890594482,0.847586989402771,0.7466915249824524,0.7465687990188599,4494,5171,4211,4223,750362.25,343704.1875,684487.1875,682887.875,76.73723602294922,84.49059295654297,78.2022705078125,78.24972534179688,False,False,False,False,-0.14300336368254843,-0.14300336368254843,1.7677044000010937
0.4,0.4,100,0.85,0.3,-0.14300336368254843,-0.051826060938305704,-0.13398815421339938,-0.13590704281639238,0.7375094890594482,0.8159743547439575,0.7452677488327026,0.7436164021492004,4494,5197,4193,4187,750362.25,352663.9375,682879.75,682969.3125,76.73723602294922,82.72577667236328,78.141357421875,78.15194702148438,False,False,False,False,-0.14300336368254843,-0.14300336368254843,1.7988450999982888
0.4,0.4,200,0.55,0.1,-0.407089671766503,0.03413183710121419,-0.26848745796262585,-0.27084373265217,0.5102435350418091,0.8899475336074829,0.6295210719108582,0.6274933218955994,0,6143,3424,3363,1240940.5,149266.40625,911516.6875,905210.625,61.56834411621094,87.31051635742188,70.51964569091797,70.69651794433594,False,False,False,False,-0.407089671766503,-0.407089671766503,1.864110199996503
0.4,0.4,200,0.55,0.3,-0.407089671766503,0.05438063117271071,-0.2687322279436032,-0.27424800241306907,0.5102435350418091,0.9073731303215027,0.6293104290962219,0.6245636940002441,0,6134,3210,3188,1240940.5,155218.671875,949226.0,948102.8125,61.56834411621094,88.95297241210938,71.40629577636719,71.54764556884766,False,False,False,False,-0.407089671766503,-0.407089671766503,1.9185171999997692
0.4,0.4,200,0.65,0.1,-0.3890750444398809,0.010019846869849762,-0.3614747703030431,-0.3594548292376149,0.5257464647293091,0.8691973686218262,0.5494985580444336,0.5512368679046631,0,5978,1466,1515,1218603.875,190957.546875,1100774.875,1095749.75,61.80717086791992,85.6934814453125,67.08699798583984,67.23751831054688,False,False,False,False,-0.3890750444398809,-0.3890750444398809,1.8937039000011282
0.4,0.4,200,0.55,0.5,-0.407089671766503,0.0753153214302906,-0.27301888863762375,-0.27503141872739695,0.5102435350418091,0.9253889918327332,0.6256214380264282,0.6238895058631897,0,6121,2748,2744,1240940.5,140723.5,979466.625,976773.875,61.56834411621094,90.63525390625,72.60997772216797,72.79844665527344,False,False,False,False,-0.407089671766503,-0.407089671766503,1.9403916000010213
0.4,0.4,200,0.65,0.3,-0.3890750444398809,0.025582272392141735,-0.3623600702172628,-0.36154299283594143,0.5257464647293091,0.8825899958610535,0.5487366914749146,0.5494398474693298,0,5894,1426,1439,1218603.875,226858.78125,1110463.625,1109484.0,61.80717086791992,86.96346282958984,66.72715759277344,67.0660400390625,False,False,False,False,-0.3890750444398809,-0.3890750444398809,2.004243800001859
0.4,0.4,200,0.65,0.5,-0.3890750444398809,0.05041416618385661,-0.37557487873185047,-0.3747291271082754,0.5257464647293091,0.9039596915245056,0.5373643636703491,0.5380921959877014,0,5859,389,411,1218603.875,212516.734375,1180739.875,1175276.875,61.80717086791992,89.00009155273438,65.15128326416016,65.33210754394531,False,False,False,False,-0.3890750444398809,-0.3890750444398809,1.9832019999957993
0.4,0.4,200,0.75,0.1,-0.2521212532583186,-0.06266021473128806,-0.3210476903209541,-0.31388176169280535,0.6436054110527039,0.8066507577896118,0.5842890739440918,0.5904558897018433,2460,5491,536,710,1035648.3125,307831.28125,1075452.5,1064522.375,65.71745300292969,81.09130859375,64.6104965209961,64.71031188964844,True,True,False,False,-0.2521212532583186,-0.2521212532583186,2.028286399996432
0.4,0.4,200,0.75,0.3,-0.2521212532583186,-0.026000888624464046,-0.31855559391870575,-0.3137964315805914,0.6436054110527039,0.8381988406181335,0.5864337086677551,0.5905293226242065,2460,5470,640,711,1035648.3125,310923.53125,1072993.625,1063891.625,65.71745300292969,83.294921875,64.61357879638672,64.67894744873047,True,True,False,False,-0.2521212532583186,-0.2521212532583186,2.033527800005686
0.4,0.4,200,0.75,0.5,-0.2521212532583186,0.007387703806159352,-0.3193957353644486,-0.31208906746031057,0.6436054110527039,0.866932213306427,0.5857107043266296,0.5919986367225647,2460,5405,939,935,1035648.3125,301495.84375,1078883.375,1066845.25,65.71745300292969,85.98568725585938,64.87568664550781,64.9637451171875,True,True,False,False,-0.2521212532583186,-0.2521212532583186,1.958623999998963
0.4,0.4,200,0.85,0.1,-0.20527148931867162,-0.10772608064318957,-0.26393227060865926,-0.26231383819623777,0.6839231252670288,0.7678682208061218,0.633441150188446,0.6348339319229126,2630,5163,2316,2360,904609.9375,388303.4375,990532.375,983450.75,72.24282836914062,78.44155883789062,66.44005584716797,66.33251953125,True,True,False,False,-0.20527148931867162,-0.20527148931867162,1.9370863000003737
0.4,0.4,200,0.85,0.3,-0.20527148931867162,-0.0634648943122147,-0.2640997448061701,-0.26237236412547543,0.6839231252670288,0.8059582710266113,0.6332970261573792,0.6347835659980774,2630,5164,2234,2206,904609.9375,376248.0625,988793.0,984798.25,72.24282836914062,80.6294174194336,66.38859558105469,66.32770538330078,True,True,False,False,-0.20527148931867162,-0.20527148931867162,1.8356660999997985
0.4,0.4,200,0.85,0.5,-0.20527148931867162,-0.016052311791520252,-0.2620791111261947,-0.25903694025056717,0.6839231252670288,0.8467603325843811,0.6350359320640564,0.6376539468765259,2630,5153,2125,2239,904609.9375,354230.4375,991100.0625,984481.25,72.24282836914062,84.20466613769531,66.51475524902344,66.5001220703125,True,True,False,False,-0.20527148931867162,-0.20527148931867162,1.8169156000003568
0.4,0.4,300,0.55,0.1,-0.4795161325511868,0.0341634203245661,-0.5671446861399864,-0.566689742274664,0.4479151666164398,0.8899747133255005,0.37250426411628723,0.3728957772254944,0,6143,0,0,1356033.625,148776.5,1391160.25,1385918.75,52.50150680541992,87.25115966796875,57.90542984008789,58.19091796875,True,True,False,False,-0.4795161325511868,-0.4795161325511868,1.7089317999998457
0.4,0.4,300,0.55,0.3,-0.4795161325511868,0.05318760261517401,-0.5405632480020668,-0.5381545077605728,0.4479151666164398,0.9063464403152466,0.39537957310676575,0.3974524736404419,0,6123,0,0,1356033.625,159574.21875,1387836.0,1381112.0,52.50150680541992,88.85258483886719,59.36957931518555,59.80513381958008,True,True,False,False,-0.4795161325511868,-0.4795161325511868,1.6799922000063816
0.4,0.4,300,0.55,0.5,-0.4795161325511868,0.0753153214302906,-0.5011375155015794,-0.5005833199716444,0.4479151666164398,0.9253889918327332,0.42930835485458374,0.42978528141975403,0,6121,0,0,1356033.625,140723.5,1362210.875,1355975.125,52.50150680541992,90.63525390625,60.489479064941406,60.86738967895508,True,True,False,False,-0.4795161325511868,-0.4795161325511868,1.6844812000053935
0.4,0.4,300,0.65,0.1,-0.3714952405259853,0.009107050158106585,-0.4660147201369714,-0.46548348477927587,0.5408751964569092,0.8684118390083313,0.4595341384410858,0.45999130606651306,0,5973,0,0,1234489.75,191917.90625,1304460.75,1297219.125,57.407997131347656,85.52092742919922,55.640357971191406,55.78696823120117,True,True,False,False,-0.3714952405259853,-0.3714952405259853,1.683225399996445
0.4,0.4,300,0.65,0.3,-0.3714952405259853,0.021441891890487945,-0.46624394092136434,-0.4720017495443462,0.5408751964569092,0.8790268898010254,0.45933687686920166,0.4543818533420563,0,5863,0,0,1234489.75,240230.15625,1313186.0,1300693.625,57.407997131347656,86.6430435180664,55.407649993896484,55.23126220703125,True,True,False,False,-0.3714952405259853,-0.3714952405259853,1.8597709000023315
0.4,0.4,300,0.65,0.5,-0.3714952405259853,0.05041416618385661,-0.4462111386964094,-0.4438653917479825,0.5408751964569092,0.9039596915245056,0.4765765964984894,0.4785952866077423,0,5859,0,0,1234489.75,212516.734375,1305427.375,1294710.875,57.407997131347656,89.00009155273438,55.6950569152832,56.06734848022461,True,True,False,False,-0.3714952405259853,-0.3714952405259853,1.8201821000038763
0.4,0.4,300,0.75,0.1,-0.25621779125913513,-0.07016580153337934,-0.40652519091054223,-0.40071373929088044,0.6400800347328186,0.8001916408538818,0.5107293128967285,0.5157305002212524,2768,5442,443,393,1062808.5,317621.1875,1213587.25,1206127.125,64.346923828125,79.97643280029297,56.9637565612793,57.102577209472656,True,True,False,False,-0.25621779125913513,-0.25621779125913513,1.827272800001083
0.4,0.4,300,0.75,0.3,-0.25621779125913513,-0.03232065006030941,-0.40382531014413653,-0.3976951173098574,0.6400800347328186,0.832760214805603,0.513052761554718,0.5183282494544983,2768,5420,465,510,1062808.5,326726.21875,1212149.0,1201670.875,64.346923828125,82.74666595458984,57.102210998535156,57.21621322631836,True,True,False,False,-0.25621779125913513,-0.25621779125913513,1.8082592999999179
0.4,0.4,300,0.75,0.5,-0.25621779125913513,0.0045188943516937365,-0.4173513103747772,-0.40173908586654217,0.6400800347328186,0.8644633889198303,0.5014126300811768,0.5148481130599976,2768,5374,226,323,1062808.5,309440.8125,1243037.5,1218824.0,64.346923828125,85.74512481689453,57.775474548339844,57.85127639770508,True,True,False,False,-0.25621779125913513,-0.25621779125913513,1.5592643999989377
0.4,0.4,300,0.85,0.1,-0.18880243135410646,-0.11310222401994176,-0.3820892648554565,-0.37802347894053523,0.698095977306366,0.7632416486740112,0.5317582488059998,0.5352571606636047,2913,5158,658,646,895073.1875,380409.28125,1180936.0,1174213.625,70.98469543457031,77.05220031738281,58.559085845947266,58.47712707519531,True,True,False,False,-0.18880243135410646,-0.18880243135410646,1.5928253999954904
0.4,0.4,300,0.85,0.3,-0.18880243135410646,-0.06577060813981395,-0.38140226048609766,-0.37605472209014446,0.698095977306366,0.8039740324020386,0.5323494672775269,0.5369514226913452,2913,5152,786,783,895073.1875,386746.40625,1177477.5,1172599.125,70.98469543457031,80.29329681396484,58.56832504272461,58.54825973510742,True,True,False,False,-0.18880243135410646,-0.18880243135410646,1.591248099997756
0.4,0.4,300,0.85,0.5,-0.18880243135410646,-0.01592507849920124,-0.3721565488956434,-0.3601914248085527,0.698095977306366,0.8468698263168335,0.5403060913085938,0.5506029725074768,2913,5152,854,1079,895073.1875,354732.90625,1177912.75,1164765.875,70.98469543457031,84.1552963256836,58.85887908935547,58.89664840698242,True,True,False,False,-0.18880243135410646,-0.18880243135410646,1.5752443999954266
0.4,0.5,50,0.55,0.1,-0.00583430789971911,0.05073872536067037,0.009834433955566699,0.008123191193821601,0.8555536866188049,0.9042389988899231,0.8690378069877625,0.8675651550292969,6161,6195,5928,5874,398830.90625,132279.234375,299897.53125,300507.75,85.0969467163086,88.80538940429688,86.44962310791016,86.43441009521484,False,False,False,False,-0.009834433955566699,-0.008123191193821601,1.6373357999982545
0.4,0.5,50,0.55,0.3,-0.00583430789971911,0.05764069858488459,0.009436042068022368,0.007964097632331801,0.8555536866188049,0.9101786613464355,0.8686949610710144,0.8674282431602478,6161,6175,5911,5878,398830.90625,142084.40625,301280.84375,301211.09375,85.0969467163086,89.18451690673828,86.42904663085938,86.4178695678711,False,False,False,False,-0.009436042068022368,-0.007964097632331801,1.6317038999986835
0.4,0.5,50,0.55,0.5,-0.00583430789971911,0.07257990953761399,0.016762588009664743,0.015787525250129088,0.8555536866188049,0.9230349659919739,0.875,0.874160885810852,6161,6122,5900,5862,398830.90625,148398.453125,314065.53125,313415.09375,85.0969467163086,90.43433380126953,86.9400634765625,86.94595336914062,False,False,False,False,-0.016762588009664743,-0.015787525250129088,1.6215885000056005
0.4,0.5,50,0.65,0.1,-0.00583430789971911,0.037144918165859714,0.003906969399250383,0.0030170982290192334,0.8555536866188049,0.8925405144691467,0.8639367818832397,0.8631709814071655,6161,6028,5781,5733,398830.90625,171228.90625,321104.125,322622.875,85.0969467163086,88.02655792236328,86.09432983398438,86.10487365722656,False,False,False,False,-0.00583430789971911,-0.00583430789971911,1.6499458999969647
0.4,0.5,50,0.65,0.3,-0.00583430789971911,0.04126361983218642,0.0032169175258838713,0.0024364794541089185,0.8555536866188049,0.8960849642753601,0.8633429408073425,0.8626713156700134,6161,6028,5766,5723,398830.90625,171582.953125,321015.75,321250.96875,85.0969467163086,88.13434600830078,86.08030700683594,86.09295654296875,False,False,False,False,-0.00583430789971911,-0.00583430789971911,1.7997770000001765
0.4,0.5,50,0.65,0.5,-0.00583430789971911,0.05167271607755759,0.008165994772838012,0.006861593796112978,0.8555536866188049,0.9050427675247192,0.8676019906997681,0.8664794564247131,6161,5903,5818,5767,398830.90625,208465.703125,337413.15625,336542.75,85.0969467163086,89.05422973632812,86.16255950927734,86.21045684814453,False,False,False,False,-0.008165994772838012,-0.006861593796112978,1.78991269999824
0.4,0.5,50,0.75,0.1,-0.00583430789971911,0.012284211608981688,-0.003999710487119274,-0.0034515753344722226,0.8555536866188049,0.871146023273468,0.8571324944496155,0.8576042056083679,6161,5671,5525,5481,398830.90625,237675.34375,352037.84375,354566.75,85.0969467163086,86.60166931152344,85.5486068725586,85.55258178710938,False,False,False,False,-0.00583430789971911,-0.00583430789971911,1.8178880000050412
0.4,0.5,50,0.75,0.3,-0.00583430789971911,0.012552045654380492,-0.003999710487119274,-0.0034515753344722226,0.8555536866188049,0.8713765144348145,0.8571324944496155,0.8576042056083679,6161,5673,5525,5481,398830.90625,237106.28125,352037.84375,354566.75,85.0969467163086,86.60374450683594,85.5486068725586,85.55258178710938,False,False,False,False,-0.00583430789971911,-0.00583430789971911,1.801682699995581
0.4,0.5,50,0.75,0.5,-0.00583430789971911,0.022284111179872345,-0.0034046853296273837,-0.00457873624857105,0.8555536866188049,0.8797516822814941,0.8576445579528809,0.8566341996192932,6161,5591,5528,5517,398830.90625,259633.78125,352987.1875,352705.90625,85.0969467163086,87.08062744140625,85.5740966796875,85.54045867919922,False,False,False,False,-0.00583430789971911,-0.00583430789971911,1.6320961999954307
0.4,0.5,50,0.85,0.1,-0.00583430789971911,-0.004481008335962383,-0.008807355843536988,-0.008136281608763514,0.8555536866188049,0.8567183017730713,0.8529951572418213,0.85357266664505,6161,5328,5452,5438,398830.90625,290464.59375,378366.09375,379080.625,85.0969467163086,85.5855712890625,85.10655212402344,85.10179901123047,True,True,False,False,-0.00583430789971911,-0.00583430789971911,1.6481429000050412
0.4,0.5,50,0.85,0.5,-0.00583430789971911,-0.002005465421391885,-0.00800620859680102,-0.008017359691010799,0.8555536866188049,0.8588486909866333,0.8536846041679382,0.8536750078201294,6161,5309,5457,5434,398830.90625,295175.3125,378005.3125,380357.34375,85.0969467163086,85.65213012695312,85.11454772949219,85.11400604248047,True,True,False,False,-0.00583430789971911,-0.00583430789971911,1.648120599995309
0.4,0.5,50,0.85,0.3,-0.00583430789971911,-0.004481008335962383,-0.008807355843536988,-0.008136281608763514,0.8555536866188049,0.8567183017730713,0.8529951572418213,0.85357266664505,6161,5328,5452,5438,398830.90625,290464.59375,378366.09375,379080.625,85.0969467163086,85.5855712890625,85.10655212402344,85.10179901123047,True,True,False,False,-0.00583430789971911,-0.00583430789971911,1.6806020000003628
0.4,0.5,100,0.55,0.1,-0.14300336368254843,0.03722165985768849,-0.0922223888344994,-0.09550441212781924,0.7375094890594482,0.8926065564155579,0.7812103033065796,0.7783858776092529,4494,6169,5449,5408,750362.25,142216.0,529419.6875,529339.625,76.73723602294922,87.6407241821289,80.40416717529297,80.44454193115234,False,False,False,False,-0.14300336368254843,-0.14300336368254843,1.7304415999969933
0.4,0.5,100,0.55,0.3,-0.14300336368254843,0.05335299896904325,-0.08557495145637792,-0.08936867837716256,0.7375094890594482,0.9064887762069702,0.7869309186935425,0.7836661338806152,4494,6146,5428,5377,750362.25,154829.796875,538428.875,541571.875,76.73723602294922,88.90919494628906,80.81336975097656,80.79597473144531,False,False,False,False,-0.14300336368254843,-0.14300336368254843,1.68212019999919
0.4,0.5,100,0.65,0.1,-0.14300336368254843,0.012364485635001138,-0.11373492740880084,-0.11693224394299921,0.7375094890594482,0.8712151050567627,0.762697160243988,0.7599456310272217,4494,5987,5173,5128,750362.25,190118.375,578719.25,579960.25,76.73723602294922,86.15387725830078,79.38245391845703,79.4120101928711,False,False,False,False,-0.14300336368254843,-0.14300336368254843,1.6597277000037138
0.4,0.5,100,0.55,0.5,-0.14300336368254843,0.07256266343538893,-0.06762404466809738,-0.07165229087456093,0.7375094890594482,0.9230201244354248,0.8023790121078491,0.7989124059677124,4494,6122,5397,5342,750362.25,148426.953125,534176.25,538414.375,76.73723602294922,90.43323516845703,82.17257690429688,82.15628814697266,False,False,False,False,-0.14300336368254843,-0.14300336368254843,1.6819166999994195
0.4,0.5,100,0.65,0.3,-0.14300336368254843,0.03368336918190794,-0.11468623348936785,-0.11601882387816356,0.7375094890594482,0.8895615935325623,0.761878490447998,0.7607316970825195,4494,5980,5092,5108,750362.25,195636.5625,591591.6875,585893.1875,76.73723602294922,87.54876708984375,79.34625244140625,79.4379653930664,False,False,False,False,-0.14300336368254843,-0.14300336368254843,1.6597302000009222
0.4,0.5,100,0.65,0.5,-0.14300336368254843,0.04816420782730626,-0.11767154071067101,-0.12226156657636128,0.7375094890594482,0.902023434638977,0.7593094110488892,0.7553593516349792,4494,5861,4849,4778,750362.25,221801.078125,670526.625,670419.875,76.73723602294922,88.72311401367188,78.88764190673828,78.78679656982422,False,False,False,False,-0.14300336368254843,-0.14300336368254843,1.6522894000008819
0.4,0.5,100,0.75,0.3,-0.14300336368254843,-0.016490944584256387,-0.14947501548859282,-0.15283599684029245,0.7375094890594482,0.8463828563690186,0.7319401502609253,0.7290477752685547,4494,5572,4097,4010,750362.25,287652.71875,694309.0625,696184.625,76.73723602294922,84.14371490478516,77.45941162109375,77.34486389160156,True,True,False,False,-0.14300336368254843,-0.14300336368254843,1.6756959999984247
0.4,0.5,100,0.75,0.1,-0.14300336368254843,-0.037388025871923795,-0.15014588193900213,-0.15363686704120952,0.7375094890594482,0.8283993601799011,0.7313628196716309,0.7283585667610168,4494,5577,4045,4011,750362.25,287702.0,695521.0,697008.5,76.73723602294922,83.2156982421875,77.44538879394531,77.32579803466797,True,True,False,False,-0.14300336368254843,-0.14300336368254843,1.7086417999962578
0.4,0.5,100,0.75,0.5,-0.14300336368254843,0.011847587398432405,-0.15134486698164468,-0.15453220986636348,0.7375094890594482,0.870770275592804,0.7303310036659241,0.7275880575180054,4494,5474,4072,4017,750362.25,294982.84375,709357.6875,710858.0,76.73723602294922,86.11920928955078,77.35648345947266,77.23885345458984,True,True,False,False,-0.14300336368254843,-0.14300336368254843,1.6433243999999831
0.4,0.5,100,0.85,0.1,-0.14300336368254843,-0.0773683002096198,-0.17307544061540187,-0.1729678775762231,0.7375094890594482,0.793993353843689,0.7116302251815796,0.7117227911949158,4494,5196,3568,3572,750362.25,374858.1875,747126.6875,745748.9375,76.73723602294922,80.97713470458984,76.30249786376953,76.32550048828125,True,True,False,False,-0.14300336368254843,-0.14300336368254843,1.6533000000054017
0.4,0.5,100,0.85,0.3,-0.14300336368254843,-0.06268833488190402,-0.17307544061540187,-0.1729678775762231,0.7375094890594482,0.806626558303833,0.7116302251815796,0.7117227911949158,4494,5196,3568,3572,750362.25,365878.21875,747126.6875,745748.9375,76.73723602294922,81.29349517822266,76.30249786376953,76.32550048828125,True,True,False,False,-0.14300336368254843,-0.14300336368254843,1.6320922000013525
0.4,0.5,100,0.85,0.5,-0.14300336368254843,-0.018296452185874196,-0.17243920489235212,-0.17191247152921327,0.7375094890594482,0.8448290824890137,0.7121777534484863,0.7126310467720032,4494,5166,3560,3608,750362.25,356839.0625,748899.1875,747988.0,76.73723602294922,83.92337799072266,76.30174255371094,76.36233520507812,True,True,False,False,-0.14300336368254843,-0.14300336368254843,1.6399388999998337
0.4,0.5,200,0.55,0.1,-0.407089671766503,0.03354761673065848,-0.275407439165067,-0.2783344975029514,0.5102435350418091,0.8894447684288025,0.6235659122467041,0.6210469603538513,0,6145,3411,3311,1240940.5,149654.640625,921510.0,917593.0,61.56834411621094,87.24061584472656,70.1731948852539,70.31404876708984,False,False,False,False,-0.407089671766503,-0.407089671766503,1.5725703999996767
0.4,0.5,200,0.55,0.3,-0.407089671766503,0.05187717589188841,-0.28929359896024703,-0.29541672712614486,0.5102435350418091,0.9052187204360962,0.6116158366203308,0.6063464283943176,0,6134,3125,3054,1240940.5,160548.65625,984230.625,982544.5625,61.56834411621094,88.79669189453125,70.87818145751953,71.00502014160156,False,False,False,False,-0.407089671766503,-0.407089671766503,1.6973575000010896
0.4,0.5,200,0.55,0.5,-0.407089671766503,0.07256266343538893,-0.3013230669387718,-0.30110939535096337,0.5102435350418091,0.9230201244354248,0.6012635827064514,0.6014474630355835,0,6122,2699,2681,1240940.5,148426.953125,1026999.3125,1020733.25,61.56834411621094,90.43323516845703,71.96173858642578,72.1952896118164,False,False,False,False,-0.407089671766503,-0.407089671766503,1.6662037999994936
0.4,0.5,200,0.65,0.1,-0.3890750444398809,0.00908654876750973,-0.4113040927632515,-0.40846617391759066,0.5257464647293091,0.8683941960334778,0.5066167116165161,0.509058952331543,0,5978,1447,1355,1218603.875,192089.6875,1153224.125,1154048.0,61.80717086791992,85.55122375488281,65.3313980102539,65.43824768066406,True,True,False,False,-0.3890750444398809,-0.3890750444398809,1.6715685999952257
0.4,0.5,200,0.65,0.3,-0.3890750444398809,0.02185226600969868,-0.4140440066504849,-0.4155791175328793,0.5257464647293091,0.8793800473213196,0.5042588114738464,0.5029377341270447,0,5892,988,990,1218603.875,235598.796875,1197809.375,1196521.625,61.80717086791992,86.73090362548828,64.4387435913086,64.69412994384766,True,True,False,False,-0.3890750444398809,-0.3890750444398809,1.8402671000003465
0.4,0.5,200,0.65,0.5,-0.3890750444398809,0.04806183939723141,-0.43976310504642424,-0.43616788145486457,0.5257464647293091,0.901935338973999,0.4821256101131439,0.4852195680141449,0,5859,0,0,1218603.875,222160.84375,1287293.0,1277473.625,61.80717086791992,88.70089721679688,61.920623779296875,62.26677322387695,True,True,False,False,-0.3890750444398809,-0.3890750444398809,1.8155127999998513
0.4,0.5,200,0.75,0.3,-0.2521212532583186,-0.03006979130484771,-0.3901147973981242,-0.3826989734413489,0.6436054110527039,0.8346972465515137,0.5248516798019409,0.531233549118042,2460,5464,173,278,1035648.3125,320583.65625,1165844.0,1153280.25,65.71745300292969,82.92111206054688,61.46319580078125,61.4942741394043,True,True,False,False,-0.2521212532583186,-0.2521212532583186,1.7793007000000216
0.4,0.5,200,0.75,0.1,-0.2521212532583186,-0.06522281929444049,-0.3911360575479575,-0.3833627059619221,0.6436054110527039,0.8044454455375671,0.5239728093147278,0.5306623578071594,2460,5484,186,179,1035648.3125,308017.65625,1167283.5,1154200.5,65.71745300292969,80.46807861328125,61.481849670410156,61.48699188232422,True,True,False,False,-0.2521212532583186,-0.2521212532583186,1.8154001000002609
0.4,0.5,200,0.75,0.5,-0.2521212532583186,0.005556846512114348,-0.37648538981558793,-0.37559323301735104,0.6436054110527039,0.8653566241264343,0.5365808010101318,0.5373485684394836,2460,5405,825,681,1035648.3125,310057.6875,1163678.0,1155644.5,65.71745300292969,85.54524993896484,61.64834213256836,61.59653091430664,True,True,False,False,-0.2521212532583186,-0.2521212532583186,1.731995200003439
0.4,0.5,200,0.85,0.1,-0.20527148931867162,-0.11280197561373441,-0.3398546686895629,-0.3375871871849686,0.6839231252670288,0.7635000348091125,0.5681042671203613,0.5700556039810181,2630,5167,1346,1310,904609.9375,381210.21875,1101194.0,1094588.875,72.24282836914062,77.35950469970703,62.764060974121094,62.63199234008789,True,True,False,False,-0.20527148931867162,-0.20527148931867162,1.745635500003118
0.4,0.5,200,0.85,0.5,-0.20527148931867162,-0.01788510840629739,-0.3319400929973553,-0.3259107448411471,0.6839231252670288,0.8451830744743347,0.57491534948349,0.5801040530204773,2630,5152,1373,1431,904609.9375,363296.9375,1105006.625,1096641.125,72.24282836914062,83.69042205810547,62.94780731201172,62.97682571411133,True,True,False,False,-0.20527148931867162,-0.20527148931867162,1.6549231999961194
0.4,0.5,200,0.85,0.3,-0.20527148931867162,-0.06763484945503356,-0.34177092535727654,-0.3386123952377209,0.6839231252670288,0.8023697137832642,0.5664551854133606,0.5691733360290527,2630,5161,1225,1204,904609.9375,386696.8125,1103514.875,1092678.5,72.24282836914062,80.15882873535156,62.70722961425781,62.59071731567383,True,True,False,False,-0.20527148931867162,-0.20527148931867162,1.6839607000001706
0.4,0.5,300,0.55,0.1,-0.4795161325511868,0.033290379687831696,-0.6217424173425141,-0.6187361239004311,0.4479151666164398,0.8892233967781067,0.3255188465118408,0.32810598611831665,0,6143,0,0,1356033.625,150064.53125,1459358.625,1449044.375,52.50150680541992,87.17716217041016,56.36812973022461,56.665565490722656,True,True,False,False,-0.4795161325511868,-0.4795161325511868,1.7091476000059629
0.4,0.5,300,0.55,0.3,-0.4795161325511868,0.050766360681103295,-0.5996859685643036,-0.5968951475078517,0.4479151666164398,0.9042627811431885,0.3445000648498535,0.3469017744064331,0,6123,0,0,1356033.625,165050.734375,1459402.125,1452292.5,52.50150680541992,88.69380187988281,57.600830078125,58.01346206665039,True,True,False,False,-0.4795161325511868,-0.4795161325511868,1.7112897999977577
0.4,0.5,300,0.55,0.5,-0.4795161325511868,0.07256266343538893,-0.5289818670048473,-0.5236178443826709,0.4479151666164398,0.9230201244354248,0.40534621477127075,0.40996235609054565,0,6122,0,0,1356033.625,148426.953125,1405452.125,1394359.75,52.50150680541992,90.43323516845703,58.91111755371094,59.347225189208984,True,True,False,False,-0.4795161325511868,-0.4795161325511868,1.6867392999993172
0.4,0.5,300,0.65,0.1,-0.3714952405259853,0.00820831352167139,-0.5541009880492823,-0.5481365725068733,0.5408751964569092,0.8676384091377258,0.38372933864593506,0.38886216282844543,0,5973,0,0,1234489.75,193330.4375,1395270.875,1387529.5,57.407997131347656,85.41776275634766,52.17634963989258,52.50675964355469,True,True,False,False,-0.3714952405259853,-0.3714952405259853,1.7062781999993604
0.4,0.5,300,0.65,0.3,-0.3714952405259853,0.018428187472749945,-0.5408430296484046,-0.5463177667059494,0.5408751964569092,0.8764333724975586,0.39513880014419556,0.3904273808002472,0,5862,0,0,1234489.75,247814.5625,1406560.5,1390471.25,57.407997131347656,86.4137191772461,51.85928726196289,51.552791595458984,True,True,False,False,-0.3714952405259853,-0.3714952405259853,1.6600211999975727
0.4,0.5,300,0.65,0.5,-0.3714952405259853,0.04806183939723141,-0.5148794729480342,-0.506681583275298,0.5408751964569092,0.901935338973999,0.4174823760986328,0.4245372712612152,0,5859,0,0,1234489.75,222160.84375,1397518.25,1383483.375,57.407997131347656,88.70089721679688,52.06197738647461,52.50872802734375,True,True,False,False,-0.3714952405259853,-0.3714952405259853,1.6010078999970574
0.4,0.5,300,0.75,0.3,-0.25621779125913513,-0.036332689086368684,-0.5045993069006226,-0.4987477875294058,0.6400800347328186,0.8293075561523438,0.42632922530174255,0.43136489391326904,2768,5420,258,289,1062808.5,334678.96875,1331644.25,1322326.5,64.346923828125,82.42521667480469,52.34502410888672,52.422603607177734,True,True,False,False,-0.25621779125913513,-0.25621779125913513,1.6200537999975495
0.4,0.5,300,0.75,0.1,-0.25621779125913513,-0.07172550023219902,-0.5079823480256502,-0.5021985663571488,0.6400800347328186,0.7988494038581848,0.423417866230011,0.42839524149894714,2768,5441,314,253,1062808.5,318403.71875,1331962.625,1322307.75,64.346923828125,79.67549896240234,52.234798431396484,52.25825119018555,True,True,False,False,-0.25621779125913513,-0.25621779125913513,1.6624921999973594
0.4,0.5,300,0.75,0.5,-0.25621779125913513,0.002464668866179597,-0.49773470023122934,-0.4936723427583167,0.6400800347328186,0.862695574760437,0.4322367310523987,0.4357326924800873,2768,5374,392,362,1062808.5,318644.40625,1348793.25,1343331.0,64.346923828125,85.29228210449219,52.97137451171875,52.95705795288086,True,True,False,False,-0.25621779125913513,-0.25621779125913513,1.7246147000041674
0.4,0.5,300,0.85,0.1,-0.18880243135410646,-0.11490426854882362,-0.48117407862352557,-0.48033826601870266,0.698095977306366,0.7616908550262451,0.4464883804321289,0.44720765948295593,2913,5158,824,781,895073.1875,380041.5625,1289351.5,1279863.625,70.98469543457031,76.60016632080078,53.52021026611328,53.344730377197266,True,True,False,False,-0.18880243135410646,-0.18880243135410646,1.777638699997624
0.4,0.5,300,0.85,0.5,-0.18880243135410646,-0.017831500040344797,-0.47436882902082655,-0.47049579773438854,0.698095977306366,0.8452292084693909,0.4523448050022125,0.4556778371334076,2913,5152,876,866,895073.1875,362411.4375,1313194.25,1306238.625,70.98469543457031,83.63550567626953,53.53910827636719,53.34016799926758,True,True,False,False,-0.18880243135410646,-0.18880243135410646,1.727403899996716
0.4,0.5,300,0.85,0.3,-0.18880243135410646,-0.0703327216392524,-0.48252114465635754,-0.484795379152787,0.698095977306366,0.8000479936599731,0.44532912969589233,0.44337198138237,2913,5152,835,355,895073.1875,395547.34375,1289760.25,1297075.125,70.98469543457031,79.9074935913086,53.52388000488281,53.35128402709961,True,True,False,False,-0.18880243135410646,-0.18880243135410646,1.7831450999947265
0.5,0.1,50,0.55,0.1,-0.05208717662259676,0.11395919599918133,0.03368052946226446,0.0322075461047531,0.8157496452331543,0.9586449265480042,0.8895591497421265,0.8882915377616882,5448,6519,6075,6051,498537.90625,47476.859375,274384.40625,274357.15625,82.5888442993164,92.16139221191406,87.48193359375,87.55311584472656,False,False,False,False,-0.05208717662259676,-0.05208717662259676,1.6907659999997122
0.5,0.1,50,0.55,0.3,-0.05208717662259676,0.11379199884748939,0.03371883104672412,0.03215975570099691,0.8157496452331543,0.9585010409355164,0.8895921111106873,0.8882504105567932,5448,6531,6076,6063,498537.90625,47580.51953125,274488.21875,274392.21875,82.5888442993164,92.15879821777344,87.48033142089844,87.5526123046875,False,False,False,False,-0.05208717662259676,-0.05208717662259676,1.6539424000002327
0.5,0.1,50,0.55,0.5,-0.05208717662259676,0.11568027388749653,0.03445798929148649,0.03303674424065031,0.8157496452331543,0.9601260423660278,0.8902282118797302,0.8890051245689392,5448,6567,6095,6069,498537.90625,48757.796875,276020.625,275981.625,82.5888442993164,92.33335876464844,87.5209732055664,87.59430694580078,False,False,False,False,-0.05208717662259676,-0.05208717662259676,1.6068427999998676
0.5,0.1,50,0.65,0.1,-0.05208717662259676,0.11136022917230137,0.030806456137240187,0.02931047797676209,0.8157496452331543,0.9564083218574524,0.8870857954025269,0.8857983946800232,5448,6428,6006,5990,498537.90625,55042.8984375,277949.25,277864.75,82.5888442993164,92.05081176757812,87.37449645996094,87.4525375366211,False,False,False,False,-0.05208717662259676,-0.05208717662259676,1.6135962999978801
0.5,0.1,50,0.65,0.3,-0.05208717662259676,0.11139860001821576,0.030717385906471408,0.0292423939667732,0.8157496452331543,0.956441342830658,0.8870091438293457,0.885739803314209,5448,6415,6015,5994,498537.90625,55354.01953125,277934.375,277969.125,82.5888442993164,92.04888153076172,87.37242126464844,87.44953918457031,False,False,False,False,-0.05208717662259676,-0.05208717662259676,1.3484122999943793
0.5,0.1,50,0.65,0.5,-0.05208717662259676,0.11205208184349058,0.03103959019382472,0.029516600066006166,0.8157496452331543,0.9570037126541138,0.8872864246368408,0.8859757781028748,5448,6429,6023,6009,498537.90625,57582.8671875,278749.3125,278752.84375,82.5888442993164,92.0818099975586,87.38416290283203,87.46125793457031,False,False,False,False,-0.05208717662259676,-0.05208717662259676,1.330137900004047
0.5,0.1,50,0.75,0.1,-0.05208717662259676,0.1090329750322845,0.027859173454577817,0.026457252349608273,0.8157496452331543,0.9544055461883545,0.8845494389533997,0.883342981338501,5448,6303,6032,6006,498537.90625,64198.71875,281887.3125,281858.03125,82.5888442993164,91.85375213623047,87.22138214111328,87.29330444335938,False,False,False,False,-0.05208717662259676,-0.05208717662259676,1.32536170000094
0.5,0.1,50,0.75,0.3,-0.05208717662259676,0.10906649757636855,0.027859173454577817,0.026457252349608273,0.8157496452331543,0.9544343948364258,0.8845494389533997,0.883342981338501,5448,6296,6032,6006,498537.90625,63665.8515625,281887.3125,281858.03125,82.5888442993164,91.85638427734375,87.22138214111328,87.29330444335938,False,False,False,False,-0.05208717662259676,-0.05208717662259676,1.3054722000015317
0.5,0.1,50,0.75,0.5,-0.05208717662259676,0.10899176446672662,0.02816226158042865,0.026683113953447298,0.8157496452331543,0.9543700814247131,0.8848102688789368,0.8835373520851135,5448,6300,6022,6001,498537.90625,64861.90625,282177.53125,282102.6875,82.5888442993164,91.86092376708984,87.23479461669922,87.30803680419922,False,False,False,False,-0.05208717662259676,-0.05208717662259676,1.3847975000026054
0.5,0.1,50,0.85,0.1,-0.05208717662259676,0.10774090259449946,0.026120572418218673,0.024244002564059054,0.8157496452331543,0.9532936215400696,0.8830532431602478,0.8814383149147034,5448,6685,6048,6027,498537.90625,70595.6171875,284594.8125,284393.28125,82.5888442993164,91.76070404052734,87.1408920288086,87.20502471923828,False,False,False,False,-0.05208717662259676,-0.05208717662259676,1.3745332999969833
0.5,0.1,50,0.85,0.3,-0.05208717662259676,0.10792998636588264,0.026120572418218673,0.024244002564059054,0.8157496452331543,0.9534563422203064,0.8830532431602478,0.8814383149147034,5448,6665,6048,6027,498537.90625,70428.4296875,284594.8125,284393.28125,82.5888442993164,91.76375579833984,87.1408920288086,87.20502471923828,False,False,False,False,-0.05208717662259676,-0.05208717662259676,1.3773806000026525
0.5,0.1,50,0.85,0.5,-0.05208717662259676,0.10809302783029143,0.026069457464635966,0.0244463845347483,0.8157496452331543,0.9535966515541077,0.8830092549324036,0.8816124796867371,5448,6684,6060,6032,498537.90625,71027.5390625,284702.9375,284678.9375,82.5888442993164,91.78279876708984,87.14413452148438,87.2148208618164,False,False,False,False,-0.05208717662259676,-0.05208717662259676,1.3595365000001038
0.5,0.1,100,0.55,0.1,-0.2274916029143835,0.09061850132756893,-0.07751555006235263,-0.08097301262047597,0.6648010611534119,0.9385585188865662,0.7938666343688965,0.7908912301063538,3332,6222,5070,5037,922162.25,87394.0703125,546974.0625,546835.0,71.79309844970703,91.0611801147461,81.04986572265625,81.19713592529297,False,False,False,False,-0.2274916029143835,-0.2274916029143835,1.3435055000009015
0.5,0.1,100,0.55,0.3,-0.2274916029143835,0.0908550291954347,-0.07729550642071001,-0.08065198577785289,0.6648010611534119,0.9387620687484741,0.7940559983253479,0.7911674976348877,3332,6229,5086,5024,922162.25,87818.859375,547006.375,547065.5,71.79309844970703,91.0604019165039,81.05006408691406,81.19417572021484,False,False,False,False,-0.2274916029143835,-0.2274916029143835,1.3581638999967254
0.5,0.1,100,0.55,0.5,-0.2274916029143835,0.09498876059743545,-0.07598694975670182,-0.07940624925327494,0.6648010611534119,0.9423194527626038,0.7951821088790894,0.7922395467758179,3332,6259,5110,5078,922162.25,88033.3125,550539.875,550089.1875,71.79309844970703,91.5534896850586,81.1119155883789,81.28265380859375,False,False,False,False,-0.2274916029143835,-0.2274916029143835,1.3437515000041458
0.5,0.1,100,0.65,0.1,-0.2274916029143835,0.08819074881675462,-0.08470925253384375,-0.08793939899757897,0.6648010611534119,0.9364692568778992,0.7876759171485901,0.7848961353302002,3332,6081,4968,4901,922162.25,99702.671875,554744.875,554617.3125,71.79309844970703,90.86231231689453,80.78667449951172,80.94257354736328,False,False,False,False,-0.2274916029143835,-0.2274916029143835,1.354911099995661
0.5,0.1,100,0.65,0.3,-0.2274916029143835,0.08777566491862299,-0.08471410083567409,-0.08798989059806919,0.6648010611534119,0.9361120462417603,0.7876717448234558,0.7848526835441589,3332,6089,4963,4883,922162.25,99878.203125,554824.3125,554700.375,71.79309844970703,90.84709930419922,80.78250885009766,80.93801879882812,False,False,False,False,-0.2274916029143835,-0.2274916029143835,1.2870776999989175
0.5,0.1,100,0.65,0.5,-0.2274916029143835,0.09020771163962989,-0.08493532192204692,-0.08816449872541608,0.6648010611534119,0.9382050037384033,0.7874813675880432,0.7847024202346802,3332,6117,4995,4935,922162.25,109775.5078125,556752.3125,556828.1875,71.79309844970703,90.95088195800781,80.76129150390625,80.91698455810547,False,False,False,False,-0.2274916029143835,-0.2274916029143835,1.248900299993693
0.5,0.1,100,0.75,0.1,-0.2274916029143835,0.08221480124213493,-0.09103129959769483,-0.09429676940333681,0.6648010611534119,0.9313265085220337,0.782235324382782,0.7794251441955566,3332,5883,4935,4899,922162.25,116839.5390625,561928.3125,562054.625,71.79309844970703,90.43064880371094,80.49295043945312,80.63545227050781,False,False,False,False,-0.2274916029143835,-0.2274916029143835,1.2481794000050286
0.5,0.1,100,0.75,0.3,-0.2274916029143835,0.08246081792929721,-0.09108421534910024,-0.09436118255622558,0.6648010611534119,0.9315382242202759,0.7821897864341736,0.7793697118759155,3332,5891,4945,4904,922162.25,117165.5625,561973.6875,562126.9375,71.79309844970703,90.4374771118164,80.49002838134766,80.63325500488281,False,False,False,False,-0.2274916029143835,-0.2274916029143835,1.2658764000007068
0.5,0.1,100,0.75,0.5,-0.2274916029143835,0.0823723710516209,-0.09076242663047525,-0.09443453043677312,0.6648010611534119,0.9314621090888977,0.7824667096138,0.7793065905570984,3332,5757,4939,4914,922162.25,121462.6015625,562822.625,562681.0,71.79309844970703,90.44244384765625,80.50155639648438,80.63583374023438,False,False,False,False,-0.2274916029143835,-0.2274916029143835,1.3096865999978036
0.5,0.1,100,0.85,0.1,-0.16559838953265488,0.07982950600306343,-0.09484365784979892,-0.09779793593938792,0.7180647850036621,0.929273784160614,0.7789545059204102,0.7764121294021606,4552,6086,5032,5020,832188.0,136846.890625,566809.375,567161.5,73.22241973876953,90.19963073730469,80.35894012451172,80.50997924804688,False,False,False,False,-0.16559838953265488,-0.16559838953265488,1.2965109999931883
0.5,0.1,100,0.85,0.3,-0.16559838953265488,0.07964499348769172,-0.09491478936379545,-0.09768074555800318,0.7180647850036621,0.9291149973869324,0.7788932919502258,0.7765129804611206,4552,6001,5049,5019,832188.0,135939.234375,567011.3125,567112.0625,73.22241973876953,90.19989013671875,80.35616302490234,80.51191711425781,False,False,False,False,-0.16559838953265488,-0.16559838953265488,1.3033674999969662
0.5,0.1,100,0.85,0.5,-0.16559838953265488,0.08012158155761392,-0.09416704269864791,-0.09741859095189134,0.7180647850036621,0.9295251369476318,0.779536783695221,0.7767385840415955,4552,6087,5059,5012,832188.0,138758.625,567890.625,567577.0,73.22241973876953,90.21269989013672,80.37761688232422,80.52766418457031,False,False,False,False,-0.16559838953265488,-0.16559838953265488,1.2983310999989044
0.5,0.1,200,0.55,0.1,-0.5169295081155378,0.06196870836737245,-0.29205103599552434,-0.2962118486263203,0.4157181680202484,0.9139032363891602,0.609242856502533,0.6056621670722961,0,6152,2016,2022,1396424.5,127110.4453125,1009412.0,1009539.25,53.73492431640625,89.52237701416016,68.65780639648438,68.97234344482422,False,False,False,False,-0.5169295081155378,-0.5169295081155378,1.4865250000002561
0.5,0.1,200,0.55,0.3,-0.5169295081155378,0.06323501554400197,-0.29156052637320357,-0.2954116017784956,0.4157181680202484,0.9149929881095886,0.6096649765968323,0.606350839138031,0,6143,2022,2003,1396424.5,130170.4609375,1009555.8125,1010027.875,53.73492431640625,89.58977508544922,68.65750122070312,68.97168731689453,False,False,False,False,-0.5169295081155378,-0.5169295081155378,1.468346300003759
0.5,0.1,200,0.55,0.5,-0.5169295081155378,0.08490671694124793,-0.2810500313581236,-0.28538032676861724,0.4157181680202484,0.933643102645874,0.6187100410461426,0.6149834990501404,0,6125,2337,2273,1396424.5,110194.5625,1015120.0625,1014538.1875,53.73492431640625,91.25761413574219,68.8264389038086,69.1944808959961,False,False,False,False,-0.5169295081155378,-0.5169295081155378,1.4727981000032742
0.5,0.1,200,0.65,0.1,-0.38479995040879844,0.05438499464435801,-0.31659106201705284,-0.3212554054236567,0.5294255018234253,0.9073768854141235,0.5881243348121643,0.5841103196144104,0,5994,1898,1864,1245136.0,151434.484375,1012707.1875,1012592.875,56.81757736206055,89.05675506591797,67.81419372558594,68.11318969726562,False,False,False,False,-0.38479995040879844,-0.38479995040879844,1.4844809000060195
0.5,0.1,200,0.65,0.3,-0.38479995040879844,0.05428158729246238,-0.31637794452088214,-0.3215237242992386,0.5294255018234253,0.9072878956794739,0.5883077383041382,0.5838794112205505,0,5982,1908,1853,1245136.0,154198.59375,1012942.125,1012646.875,56.81757736206055,89.0404281616211,67.80680847167969,68.09173583984375,False,False,False,False,-0.38479995040879844,-0.38479995040879844,1.3263788999975077
0.5,0.1,200,0.65,0.5,-0.38479995040879844,0.06304239943842813,-0.3140672438685431,-0.31894415067967996,0.5294255018234253,0.9148272275924683,0.5902962684631348,0.5860993266105652,0,5859,1905,1822,1245136.0,171571.53125,1016023.125,1016169.75,56.81757736206055,89.87177276611328,67.86263275146484,68.16160583496094,False,False,False,False,-0.38479995040879844,-0.38479995040879844,1.3097685000029742
0.5,0.1,200,0.75,0.1,-0.3273019304206352,0.03877090007684558,-0.3129124476340114,-0.31805898928836973,0.5789068341255188,0.8939397931098938,0.5912900567054749,0.5868610739707947,707,5593,1756,1736,1159028.875,197635.046875,1006406.125,1006280.25,62.2863655090332,88.04019165039062,67.54923248291016,67.818603515625,False,False,False,False,-0.3273019304206352,-0.3273019304206352,1.344709500001045
0.5,0.1,200,0.75,0.3,-0.3273019304206352,0.03863611728596219,-0.3118306529727536,-0.31705774569895023,0.5789068341255188,0.8938238024711609,0.5922210216522217,0.5877227187156677,707,5583,1773,1761,1159028.875,199093.640625,1005416.875,1005101.625,62.2863655090332,88.02662658691406,67.5715560913086,67.8378677368164,False,False,False,False,-0.3273019304206352,-0.3273019304206352,1.330016899999464
0.5,0.1,200,0.75,0.5,-0.3273019304206352,0.040508669975748104,-0.30980094604221003,-0.3168915874690791,0.5789068341255188,0.8954352736473083,0.5939677357673645,0.5878657102584839,707,5506,1798,1711,1159028.875,210888.390625,1005742.875,1008124.9375,62.2863655090332,88.17070007324219,67.62529754638672,67.84107971191406,False,False,False,False,-0.3273019304206352,-0.3273019304206352,1.277401799998188
0.5,0.1,200,0.85,0.1,-0.23567872243091084,0.03024377607910212,-0.14411951202534692,-0.14656000864382954,0.657755434513092,0.8866015672683716,0.7365489602088928,0.7344487309455872,3131,5213,5738,5698,970516.1875,232737.59375,754801.8125,753670.8125,70.04227447509766,87.47735595703125,71.86307525634766,72.04170227050781,False,False,False,False,-0.23567872243091084,-0.23567872243091084,1.2659471000006306
0.5,0.1,200,0.85,0.3,-0.23567872243091084,0.03057546918575195,-0.14314077840871114,-0.14579619332118718,0.657755434513092,0.8868870139122009,0.7373912334442139,0.7351060509681702,3131,5215,5743,5765,970516.1875,232928.53125,753166.3125,752634.125,70.04227447509766,87.48016357421875,71.90827178955078,72.07352447509766,False,False,False,False,-0.23567872243091084,-0.23567872243091084,1.2586307999954442
0.5,0.1,200,0.85,0.5,-0.23567872243091084,0.030732692687964334,-0.14047864513512737,-0.14315940974003058,0.657755434513092,0.8870223164558411,0.7396821975708008,0.7373751997947693,3131,5183,5759,5759,970516.1875,237668.703125,750143.0,749098.75,70.04227447509766,87.49842071533203,71.9620361328125,72.17626953125,False,False,False,False,-0.23567872243091084,-0.23567872243091084,1.2660579000003054
0.5,0.1,300,0.55,0.1,-0.5165626994513454,0.04536729176283908,-0.5103214112436968,-0.5145547406175837,0.4160338342189789,0.8996164798736572,0.4214049279689789,0.41776183247566223,0,6143,0,0,1418277.625,141727.890625,1311072.75,1311089.875,48.100337982177734,88.537841796875,57.048675537109375,57.47252655029297,False,False,False,False,-0.5165626994513454,-0.5165626994513454,1.308045999998285
0.5,0.1,300,0.55,0.3,-0.5165626994513454,0.05931246231743979,-0.5081261348056472,-0.5112445625429205,0.4160338342189789,0.9116173386573792,0.4232941269874573,0.4206104874610901,0,6124,0,0,1418277.625,141656.46875,1313286.625,1313597.25,48.100337982177734,89.36077117919922,57.068546295166016,57.55361557006836,False,False,False,False,-0.5165626994513454,-0.5165626994513454,1.2800133999990067
0.5,0.1,300,0.55,0.5,-0.5165626994513454,0.08490671694124793,-0.487990548581889,-0.4921648325656278,0.4160338342189789,0.933643102645874,0.4406222999095917,0.43703001737594604,0,6125,0,0,1418277.625,110194.5625,1322353.375,1321154.125,48.100337982177734,91.25761413574219,57.42903518676758,57.95538330078125,False,False,False,False,-0.5165626994513454,-0.5165626994513454,1.2749313000022084
0.5,0.1,300,0.65,0.1,-0.39045958091971594,0.03300689255366637,-0.35646716712685134,-0.35940503025167186,0.524554967880249,0.888979434967041,0.5538079738616943,0.5512797236442566,0,5975,0,0,1283278.5,175951.515625,1128101.5,1124210.875,54.409156799316406,87.80105590820312,58.50263595581055,58.765235900878906,False,False,False,False,-0.39045958091971594,-0.39045958091971594,1.2905968999984907
0.5,0.1,300,0.65,0.3,-0.39045958091971594,0.033692165386657265,-0.355231889081936,-0.36009556695522144,0.524554967880249,0.8895691633224487,0.5548710227012634,0.550685465335846,0,5896,0,0,1283278.5,199668.15625,1127323.25,1124894.5,54.409156799316406,87.72322845458984,58.50000762939453,58.69756317138672,False,False,False,False,-0.39045958091971594,-0.39045958091971594,1.3358694999988074
0.5,0.1,300,0.65,0.5,-0.39045958091971594,0.06299994216668531,-0.3498270714629301,-0.3526937338122994,0.524554967880249,0.914790689945221,0.559522271156311,0.5570552945137024,0,5859,0,0,1283278.5,171690.96875,1129171.375,1122346.625,54.409156799316406,89.86824035644531,58.54220962524414,58.8005256652832,False,False,False,False,-0.39045958091971594,-0.39045958091971594,1.3254001000022981
0.5,0.1,300,0.75,0.1,-0.30568487631116265,0.0053267599595374585,-0.3588271126734956,-0.36289663870697175,0.5975099205970764,0.8651586174964905,0.5517770648002625,0.5482749342918396,823,5520,911,986,1144510.625,249166.796875,1096021.625,1093503.375,60.449920654296875,86.11767578125,63.93936538696289,64.3031234741211,True,True,False,False,-0.30568487631116265,-0.30568487631116265,1.355197600001702
0.5,0.1,300,0.75,0.3,-0.30568487631116265,0.004382310762987648,-0.3551498835195485,-0.3619161042925133,0.5975099205970764,0.8643458485603333,0.5549415946006775,0.5491187572479248,823,5504,1017,954,1144510.625,252360.59375,1091137.75,1092492.875,60.449920654296875,86.07823944091797,64.01802062988281,64.28649139404297,True,True,False,False,-0.30568487631116265,-0.30568487631116265,1.3619968999992125
0.5,0.1,300,0.75,0.5,-0.30568487631116265,0.023758756812296954,-0.35597769642635135,-0.3676540695087181,0.5975099205970764,0.881020724773407,0.554229199886322,0.5441808104515076,823,5388,1000,894,1144510.625,250246.515625,1093464.375,1101211.375,60.449920654296875,87.23700714111328,64.11035919189453,64.3940200805664,True,True,False,False,-0.30568487631116265,-0.30568487631116265,1.3309918000013568
0.5,0.1,300,0.85,0.1,-0.29800281132244705,-0.009851195227608724,-0.15310964884788764,-0.15330281904509924,0.6041209101676941,0.8520968556404114,0.7288122773170471,0.7286460399627686,1983,5165,5708,5671,1056094.875,296257.59375,797460.8125,793879.375,68.65328979492188,85.22206115722656,68.9546127319336,69.02082061767578,False,False,False,False,-0.29800281132244705,-0.29800281132244705,1.3542066000009072
0.5,0.1,300,0.85,0.3,-0.29800281132244705,-0.009432578995286411,-0.15082741465343819,-0.15126459295562522,0.6041209101676941,0.8524571061134338,0.730776309967041,0.7304000854492188,1983,5159,5690,5741,1056094.875,297401.09375,794391.9375,791208.75,68.65328979492188,85.23419189453125,68.95198822021484,69.02782440185547,False,False,False,False,-0.29800281132244705,-0.29800281132244705,1.3371312000017497
0.5,0.1,300,0.85,0.5,-0.29800281132244705,0.0038007915891659846,-0.1543692376634094,-0.15926034307276365,0.6041209101676941,0.8638454079627991,0.7277283072471619,0.7235191464424133,1983,5154,5775,5803,1056094.875,290294.1875,797894.5625,799289.1875,68.65328979492188,85.92829132080078,69.01593780517578,69.10538482666016,False,False,False,False,-0.29800281132244705,-0.29800281132244705,1.3043299999990268
0.5,0.2,50,0.55,0.1,-0.05208717662259676,0.09014939349475638,0.02275550464069062,0.021419797486432548,0.8157496452331543,0.9381548166275024,0.8801573514938354,0.879007875919342,5448,6263,5927,5920,498537.90625,87988.9609375,297394.8125,297652.65625,82.5888442993164,91.02998352050781,86.89480590820312,86.95262145996094,False,False,False,False,-0.05208717662259676,-0.05208717662259676,1.417325800000981
0.5,0.2,50,0.55,0.3,-0.05208717662259676,0.09085634516307436,0.022826220585958835,0.02071049092865412,0.8157496452331543,0.9387632012367249,0.8802182078361511,0.8783974647521973,5448,6287,5968,5870,498537.90625,87593.140625,297685.28125,298093.71875,82.5888442993164,91.04798889160156,86.88843536376953,86.93354034423828,False,False,False,False,-0.05208717662259676,-0.05208717662259676,1.4111636000016006
0.5,0.2,50,0.55,0.5,-0.05208717662259676,0.09605933490302877,0.025280569495385284,0.02371782329255796,0.8157496452331543,0.943240761756897,0.8823303580284119,0.8809854984283447,5448,6305,5945,5925,498537.90625,89530.625,301784.40625,301477.40625,82.5888442993164,91.51834869384766,87.01227569580078,87.08159637451172,False,False,False,False,-0.05208717662259676,-0.05208717662259676,1.4248426999984076
0.5,0.2,50,0.65,0.1,-0.05208717662259676,0.08776077370585837,0.018991490883980482,0.01762149930963645,0.8157496452331543,0.9360992312431335,0.8769181370735168,0.8757391571998596,5448,6144,5707,5705,498537.90625,102483.2890625,305983.5,305899.59375,82.5888442993164,90.82902526855469,86.718505859375,86.77935791015625,False,False,False,False,-0.05208717662259676,-0.05208717662259676,1.4386701000039466
0.5,0.2,50,0.65,0.3,-0.05208717662259676,0.08790504531603828,0.01896752642064767,0.01757010731023487,0.8157496452331543,0.9362233877182007,0.8768975138664246,0.8756949305534363,5448,6129,5691,5697,498537.90625,103098.609375,305883.8125,305838.34375,82.5888442993164,90.83287811279297,86.71745300292969,86.77984619140625,False,False,False,False,-0.05208717662259676,-0.05208717662259676,1.368113100004848
0.5,0.2,50,0.65,0.5,-0.05208717662259676,0.08955485316744753,0.020279892464665404,0.01905126351940308,0.8157496452331543,0.9376431703567505,0.8780269026756287,0.876969575881958,5448,6189,5752,5778,498537.90625,107018.84375,307993.75,307575.125,82.5888442993164,90.97850036621094,86.76671600341797,86.83228302001953,False,False,False,False,-0.05208717662259676,-0.05208717662259676,1.349045800001477
0.5,0.2,50,0.75,0.1,-0.05208717662259676,0.08188387001148702,0.01400362722238364,0.01250778758481498,0.8157496452331543,0.9310417175292969,0.8726257085800171,0.871338427066803,5448,5914,5679,5636,498537.90625,120982.7578125,315172.0625,315577.4375,82.5888442993164,90.4031982421875,86.44654846191406,86.4980239868164,False,False,False,False,-0.05208717662259676,-0.05208717662259676,1.3598806000009063
0.5,0.2,50,0.75,0.3,-0.05208717662259676,0.08206207973447929,0.01400362722238364,0.01250778758481498,0.8157496452331543,0.931195080280304,0.8726257085800171,0.871338427066803,5448,5864,5679,5636,498537.90625,121556.640625,315172.0625,315577.4375,82.5888442993164,90.39716339111328,86.44654846191406,86.4980239868164,False,False,False,False,-0.05208717662259676,-0.05208717662259676,1.36767339999642
0.5,0.2,50,0.75,0.5,-0.05208717662259676,0.0814185022972293,0.014455488952971126,0.012743138007950522,0.8157496452331543,0.930641233921051,0.8730145692825317,0.8715409636497498,5448,5907,5670,5676,498537.90625,121583.96875,316246.6875,315950.46875,82.5888442993164,90.39805603027344,86.45728302001953,86.50177764892578,False,False,False,False,-0.05208717662259676,-0.05208717662259676,1.590562299999874
0.5,0.2,50,0.85,0.1,-0.05208717662259676,0.07941130533946944,0.010815730246027076,0.009299804786589875,0.8157496452331543,0.9289138913154602,0.8698822855949402,0.8685777187347412,5448,5901,5882,5819,498537.90625,140842.484375,322345.6875,321788.28125,82.5888442993164,90.15489196777344,86.28772735595703,86.33794403076172,False,False,False,False,-0.05208717662259676,-0.05208717662259676,1.5715989000018453
0.5,0.2,50,0.85,0.3,-0.05208717662259676,0.07977485871529005,0.010815730246027076,0.009299804786589875,0.8157496452331543,0.9292267560958862,0.8698822855949402,0.8685777187347412,5448,5932,5882,5819,498537.90625,141180.0,322345.6875,321788.28125,82.5888442993164,90.15836334228516,86.28772735595703,86.33794403076172,False,False,False,False,-0.05208717662259676,-0.05208717662259676,1.5924040000027162
0.5,0.2,50,0.85,0.5,-0.05208717662259676,0.07980429483354567,0.010842049598820338,0.00975880044701343,0.8157496452331543,0.9292520880699158,0.8699049353599548,0.8689727187156677,5448,5901,5876,5927,498537.90625,141525.765625,322614.5625,322364.59375,82.5888442993164,90.1677474975586,86.29948425292969,86.36093139648438,False,False,False,False,-0.05208717662259676,-0.05208717662259676,1.5837033999996493
0.5,0.2,100,0.55,0.1,-0.2274916029143835,0.061332611167232126,-0.09506612564235671,-0.09974799219700452,0.6648010611534119,0.913355827331543,0.7787630558013916,0.7747339606285095,3332,6159,4858,4794,922162.25,129502.2109375,595108.625,593867.5625,71.79309844970703,89.47875213623047,79.97826385498047,80.08403778076172,False,False,False,False,-0.2274916029143835,-0.2274916029143835,1.6639021000009961
0.5,0.2,100,0.55,0.3,-0.2274916029143835,0.06243172119216971,-0.09675465064695393,-0.09990057518175072,0.6648010611534119,0.9143016934394836,0.7773099541664124,0.7746026515960693,3332,6152,4904,4880,922162.25,132571.15625,593491.875,593751.0625,71.79309844970703,89.52630615234375,79.97966003417969,80.0988998413086,False,False,False,False,-0.2274916029143835,-0.2274916029143835,1.639150500006508
0.5,0.2,100,0.55,0.5,-0.2274916029143835,0.08152073220439471,-0.09437330331080143,-0.09571912263744849,0.6648010611534119,0.9307292103767395,0.7793592810630798,0.7782011032104492,3332,6124,4929,4899,922162.25,121722.1484375,602236.625,600944.125,71.79309844970703,91.0445556640625,80.05802154541016,80.28462219238281,False,False,False,False,-0.2274916029143835,-0.2274916029143835,1.6374663000024157
0.5,0.2,100,0.65,0.1,-0.2274916029143835,0.05383575130843546,-0.10628939028795104,-0.10958007126311076,0.6648010611534119,0.9069042205810547,0.7691045999526978,0.7662727236747742,3332,5998,4619,4536,922162.25,155923.046875,611096.0625,610610.6875,71.79309844970703,89.01274108886719,79.55615997314453,79.68156433105469,False,False,False,False,-0.2274916029143835,-0.2274916029143835,1.6957153000039398
0.5,0.2,100,0.65,0.3,-0.2274916029143835,0.053690163730615886,-0.10587098183999288,-0.10874048390900569,0.6648010611534119,0.9067789316177368,0.7694646716117859,0.7669952511787415,3332,5997,4645,4638,922162.25,156119.390625,611795.375,610190.75,71.79309844970703,89.00537872314453,79.56233978271484,79.7036361694336,False,False,False,False,-0.2274916029143835,-0.2274916029143835,1.4824115999945207
0.5,0.2,100,0.65,0.5,-0.2274916029143835,0.06025095502888376,-0.10460647546118605,-0.10769934572166799,0.6648010611534119,0.9124249815940857,0.7705528736114502,0.7678912281990051,3332,5863,4641,4596,922162.25,182480.1875,615771.5625,615613.0,71.79309844970703,89.63231658935547,79.6154556274414,79.75967407226562,False,False,False,False,-0.2274916029143835,-0.2274916029143835,1.4865063999968697
0.5,0.2,100,0.75,0.1,-0.2274916029143835,0.03827394913923596,-0.11764328203714561,-0.12052137252654359,0.6648010611534119,0.8935121297836304,0.7593337297439575,0.7568569183349609,3332,5635,4459,4475,922162.25,200787.953125,629666.9375,629444.4375,71.79309844970703,88.0233383178711,78.97850036621094,79.09022521972656,False,False,False,False,-0.2274916029143835,-0.2274916029143835,1.4507049000021652
0.5,0.2,100,0.75,0.3,-0.2274916029143835,0.03837936507331845,-0.1179679797368688,-0.12038035620473547,0.6648010611534119,0.8936028480529785,0.7590543031692505,0.7569782733917236,3332,5632,4368,4442,922162.25,201426.71875,629234.625,629318.9375,71.79309844970703,88.02848815917969,78.97654724121094,79.09716796875,False,False,False,False,-0.2274916029143835,-0.2274916029143835,1.4524796000041533
0.5,0.2,100,0.75,0.5,-0.2274916029143835,0.04053298074635451,-0.1176642682579255,-0.1196853867680839,0.6648010611534119,0.8954561948776245,0.7593156695365906,0.7575763463973999,3332,5560,4464,4426,922162.25,213629.421875,630774.625,630495.5625,71.79309844970703,88.14974212646484,78.993896484375,79.12696075439453,False,False,False,False,-0.2274916029143835,-0.2274916029143835,1.2158961000022828
0.5,0.2,100,0.85,0.1,-0.16559838953265488,0.027522632046097655,-0.12408397397293054,-0.1266794084656198,0.7180647850036621,0.884259819984436,0.7537910342216492,0.751557469367981,4552,5228,4711,4686,832188.0,240957.4375,641968.875,641984.75,73.22241973876953,87.33708190917969,78.72557830810547,78.8376693725586,False,False,False,False,-0.16559838953265488,-0.16559838953265488,1.2138722000017879
0.5,0.2,100,0.85,0.3,-0.16559838953265488,0.02772556810842465,-0.12386580039056534,-0.12637320357430662,0.7180647850036621,0.8844344615936279,0.7539787888526917,0.751820981502533,4552,5237,4656,4632,832188.0,240867.484375,642006.0,641853.75,73.22241973876953,87.34032440185547,78.72982025146484,78.84170532226562,False,False,False,False,-0.16559838953265488,-0.16559838953265488,1.234485399996629
0.5,0.2,100,0.85,0.5,-0.16559838953265488,0.028312628198623842,-0.12413903682943224,-0.12695666206886044,0.7180647850036621,0.8849396705627441,0.7537436485290527,0.7513188719749451,4552,5224,4677,4693,832188.0,243461.09375,642526.8125,642542.75,73.22241973876953,87.38573455810547,78.72598266601562,78.83363342285156,False,False,False,False,-0.16559838953265488,-0.16559838953265488,1.2499394999977085
0.5,0.2,200,0.55,0.3,-0.5169295081155378,0.05888511914182287,-0.32101084322704354,-0.3244563928149552,0.4157181680202484,0.911249577999115,0.5843207836151123,0.581355631351471,0,6139,1623,1569,1396424.5,142483.015625,1102419.125,1102603.0,53.73492431640625,89.30558776855469,66.66998291015625,66.94367980957031,False,False,False,False,-0.5169295081155378,-0.5169295081155378,1.442000499999267
0.5,0.2,200,0.55,0.1,-0.5169295081155378,0.03799849633381805,-0.32286746578224407,-0.3270399143374328,0.4157181680202484,0.8932750821113586,0.5827230215072632,0.5791323184967041,0,6143,1609,1553,1396424.5,146794.53125,1102052.0,1100154.75,53.73492431640625,87.91651153564453,66.62796783447266,66.90286254882812,False,False,False,False,-0.5169295081155378,-0.5169295081155378,1.4660511999973096
0.5,0.2,200,0.55,0.5,-0.5169295081155378,0.0815050791156282,-0.3173151212646865,-0.3207637183566058,0.4157181680202484,0.9307157397270203,0.5875012278556824,0.5845334529876709,0,6124,1792,1707,1396424.5,121761.046875,1109039.375,1106589.5,53.73492431640625,91.04435729980469,66.55384063720703,66.94223022460938,False,False,False,False,-0.5169295081155378,-0.5169295081155378,1.4341812999991816
0.5,0.2,200,0.65,0.1,-0.38479995040879844,0.021317152010538822,-0.35421478461938577,-0.3574934833628791,0.5294255018234253,0.8789195418357849,0.55574631690979,0.5529247522354126,0,5983,1067,1105,1245136.0,185282.59375,1112684.75,1109955.0,56.81757736206055,86.9588623046875,65.38709259033203,65.64932250976562,False,False,False,False,-0.38479995040879844,-0.38479995040879844,1.4088571000029333
0.5,0.2,200,0.65,0.5,-0.38479995040879844,0.058814749503828256,-0.3498566461040951,-0.35348871678956534,0.5294255018234253,0.9111890196800232,0.5594968199729919,0.5563711524009705,0,5859,1297,1273,1245136.0,186373.90625,1116963.5,1115507.5,56.81757736206055,89.57112884521484,65.48270416259766,65.72998809814453,False,False,False,False,-0.38479995040879844,-0.38479995040879844,1.2800187999964692
0.5,0.2,200,0.65,0.3,-0.38479995040879844,0.03994273462923824,-0.35467641221508867,-0.3575214649905856,0.5294255018234253,0.8949482440948486,0.5553490519523621,0.5529006719589233,0,5975,1069,1062,1245136.0,180462.875,1112827.875,1111058.5,56.81757736206055,88.05268096923828,65.3858413696289,65.66168212890625,False,False,False,False,-0.38479995040879844,-0.38479995040879844,1.3212401999990107
0.5,0.2,200,0.75,0.1,-0.3273019304206352,-0.01993164587033771,-0.28921020816876525,-0.29122017558471386,0.5789068341255188,0.8434218764305115,0.6116876006126404,0.6099578738212585,707,5522,2600,2549,1159028.875,279373.65625,996979.6875,993926.0,62.2863655090332,84.56839752197266,67.06784057617188,67.18408966064453,False,False,False,False,-0.3273019304206352,-0.3273019304206352,1.2924579999962589
0.5,0.2,200,0.75,0.3,-0.3273019304206352,-0.014171586250077486,-0.2903937479070054,-0.2918753889463567,0.5789068341255188,0.8483788371086121,0.6106690764427185,0.6093940138816833,707,5514,2547,2455,1159028.875,278442.75,999792.8125,994945.375,62.2863655090332,84.69573974609375,67.04216766357422,67.19761657714844,False,False,False,False,-0.3273019304206352,-0.3273019304206352,1.3145670000012615
0.5,0.2,200,0.75,0.5,-0.3273019304206352,0.021309256204700845,-0.29154521959171065,-0.29119981271702644,0.5789068341255188,0.8789127469062805,0.6096781492233276,0.6099753975868225,707,5427,2790,2658,1159028.875,261362.03125,1004020.5625,1002166.625,62.2863655090332,87.0155258178711,67.3311767578125,67.54481506347656,False,False,False,False,-0.3273019304206352,-0.3273019304206352,1.3293112999963341
0.5,0.2,200,0.85,0.1,-0.23567872243091084,-0.043021406291502765,-0.18076256169031196,-0.18095019097114604,0.657755434513092,0.8235514163970947,0.7050148844718933,0.7048534154891968,3131,5168,4334,4124,970516.1875,342947.4375,835236.375,831604.3125,70.04227447509766,83.24502563476562,69.1964340209961,69.31739807128906,False,False,False,False,-0.23567872243091084,-0.23567872243091084,1.326919999999518
0.5,0.2,200,0.85,0.3,-0.23567872243091084,-0.04306400208615502,-0.18111842704465875,-0.18115832164257695,0.657755434513092,0.8235147595405579,0.7047086358070374,0.7046743035316467,3131,5168,4334,4152,970516.1875,343004.71875,836273.9375,832706.125,70.04227447509766,83.24590301513672,69.20559692382812,69.32101440429688,False,False,False,False,-0.23567872243091084,-0.23567872243091084,1.3531743000057759
0.5,0.2,200,0.85,0.5,-0.23567872243091084,-0.002730563590846268,-0.1718897537720654,-0.1803137474637321,0.657755434513092,0.8582246899604797,0.7126505970954895,0.7054011225700378,3131,5159,4434,4282,970516.1875,311972.71875,825652.9375,833089.75,70.04227447509766,85.36170959472656,69.35054779052734,69.38980865478516,False,False,False,False,-0.23567872243091084,-0.23567872243091084,1.3226685999979964
0.5,0.2,300,0.55,0.3,-0.5165626994513454,0.05685264175309053,-0.503254007034886,-0.49642943348632035,0.4160338342189789,0.9095004796981812,0.42748695611953735,0.4333600103855133,0,6123,0,0,1418277.625,149036.625,1348012.5,1338691.75,48.100337982177734,89.17022705078125,54.91291809082031,55.2773323059082,False,False,False,False,-0.5165626994513454,-0.5165626994513454,1.3713147999951616
0.5,0.2,300,0.55,0.1,-0.5165626994513454,0.036023921521230885,-0.505082855746744,-0.5027397407335965,0.4160338342189789,0.891575813293457,0.42591309547424316,0.42792952060699463,0,6143,0,0,1418277.625,145769.578125,1347559.375,1340496.25,48.100337982177734,87.54188537597656,55.02872848510742,55.3902702331543,False,False,False,False,-0.5165626994513454,-0.5165626994513454,1.427141299995128
0.5,0.2,300,0.55,0.5,-0.5165626994513454,0.0815050791156282,-0.4713480945654346,-0.4765273622571477,0.4160338342189789,0.9307157397270203,0.454944372177124,0.4504872262477875,0,6124,0,0,1418277.625,121761.046875,1342371.0,1339505.25,48.100337982177734,91.04435729980469,55.37502670288086,55.82339859008789,False,False,False,False,-0.5165626994513454,-0.5165626994513454,1.343928700000106
0.5,0.2,300,0.65,0.1,-0.39045958091971594,0.011306516914166703,-0.3957338406965763,-0.3958103053425862,0.524554967880249,0.8703046441078186,0.520016074180603,0.519950270652771,0,5972,0,0,1283278.5,189888.921875,1204048.875,1197069.375,54.409156799316406,86.01325225830078,57.780879974365234,58.0504150390625,True,True,False,False,-0.39045958091971594,-0.39045958091971594,1.3926633000010042
0.5,0.2,300,0.65,0.5,-0.39045958091971594,0.058814749503828256,-0.39002427267680634,-0.39243367090212006,0.524554967880249,0.9111890196800232,0.5249295830726624,0.5228561162948608,0,5859,0,0,1283278.5,186373.90625,1211034.625,1208120.75,54.409156799316406,89.57112884521484,57.986839294433594,58.307743072509766,False,True,False,False,-0.39045958091971594,-0.39045958091971594,1.3569410000054631
0.5,0.2,300,0.65,0.3,-0.39045958091971594,0.027356473816226506,-0.39756234310116084,-0.39799654316079497,0.524554967880249,0.8841168284416199,0.5184425115585327,0.5180688500404358,0,5870,0,0,1283278.5,224023.609375,1208222.375,1199480.125,54.409156799316406,87.14586639404297,57.76962661743164,57.94782638549805,True,True,False,False,-0.39045958091971594,-0.39045958091971594,1.401917900002445
0.5,0.2,300,0.75,0.1,-0.30568487631116265,-0.0510871104779075,-0.27153399230990066,-0.2645343604345325,0.5975099205970764,0.8166102766990662,0.6268993020057678,0.6329230070114136,823,5467,2015,2120,1144510.625,310003.71875,1013725.375,999156.125,60.449920654296875,82.38793182373047,62.82286834716797,63.037986755371094,False,False,False,False,-0.30568487631116265,-0.30568487631116265,1.3941664999947534
0.5,0.2,300,0.75,0.3,-0.30568487631116265,-0.020223582901978766,-0.27360629503509654,-0.26596571765775767,0.5975099205970764,0.8431706428527832,0.6251159310340881,0.6316912174224854,823,5462,1908,1980,1144510.625,295566.75,1014636.3125,1001491.125,60.449920654296875,83.89033508300781,62.77341079711914,62.943180084228516,False,False,False,False,-0.30568487631116265,-0.30568487631116265,1.4072988999978406
0.5,0.2,300,0.75,0.5,-0.30568487631116265,0.017155508242286264,-0.2826745587785604,-0.2822918892412373,0.5975099205970764,0.8753381371498108,0.6173120141029358,0.6176413297653198,823,5377,2042,2086,1144510.625,273307.09375,1033587.9375,1028203.0625,60.449920654296875,86.660888671875,63.11143112182617,63.30412673950195,False,False,False,False,-0.30568487631116265,-0.30568487631116265,1.2727387999984785
0.5,0.2,300,0.85,0.1,-0.29800281132244705,-0.08257212108703083,-0.20980970761623197,-0.2305919534119751,0.6041209101676941,0.7895150780677795,0.6800176501274109,0.662132978439331,1983,5159,2744,2249,1056094.875,376836.0,923592.6875,945253.5,68.65328979492188,80.60000610351562,64.59955596923828,64.48738098144531,False,False,False,False,-0.29800281132244705,-0.29800281132244705,1.3015349000052083
0.5,0.2,300,0.85,0.3,-0.29800281132244705,-0.057166119097149234,-0.2090048895123959,-0.23023768107108683,0.6041209101676941,0.8113788366317749,0.6807102560997009,0.6624378561973572,1983,5155,2693,2250,1056094.875,361813.625,924257.5,945196.5,68.65328979492188,81.5095443725586,64.63243865966797,64.53150939941406,False,False,False,False,-0.29800281132244705,-0.29800281132244705,1.3368489999993471
0.5,0.2,300,0.85,0.5,-0.29800281132244705,-0.003405932035812328,-0.19490117948794314,-0.19411506197688122,0.6041209101676941,0.8576434850692749,0.6928475499153137,0.6935240626335144,1983,5152,2898,3041,1056094.875,316417.375,911939.875,908279.3125,68.65328979492188,85.22537994384766,64.90518188476562,64.91167449951172,False,False,False,False,-0.29800281132244705,-0.29800281132244705,1.3633469999986119
0.5,0.3,50,0.55,0.1,-0.05208717662259676,0.07235356310359194,0.009361378219835164,0.008176176206681722,0.8157496452331543,0.9228401780128479,0.8686307072639465,0.86761075258255,5448,6209,5753,5755,498537.90625,113053.359375,317589.90625,317340.625,82.5888442993164,90.11111450195312,86.279541015625,86.32815551757812,False,False,False,False,-0.05208717662259676,-0.05208717662259676,1.4352302000042982
0.5,0.3,50,0.55,0.3,-0.05208717662259676,0.07255982371574544,0.010093056227487863,0.007754720254715926,0.8157496452331543,0.923017680644989,0.8692603707313538,0.8672480583190918,5448,6201,5755,5745,498537.90625,113192.8125,318333.21875,317643.625,82.5888442993164,90.11863708496094,86.28072357177734,86.31819152832031,False,False,False,False,-0.05208717662259676,-0.05208717662259676,1.4106064000006882
0.5,0.3,50,0.55,0.5,-0.05208717662259676,0.08185651173687296,0.014003765745293079,0.012669028251401072,0.8157496452331543,0.9310181736946106,0.8726258277893066,0.8714771866798401,5448,6160,5798,5777,498537.90625,122891.9453125,327150.03125,326480.53125,82.5888442993164,90.94183349609375,86.44078826904297,86.50357818603516,False,False,False,False,-0.05208717662259676,-0.05208717662259676,1.3711645000003045
0.5,0.3,50,0.65,0.1,-0.05208717662259676,0.0670700222917992,0.006792124557029709,0.0050024778285425765,0.8157496452331543,0.918293297290802,0.8664196729660034,0.8648795485496521,5448,6050,5623,5546,498537.90625,136549.75,330191.25,331479.875,82.5888442993164,89.75577545166016,86.09382629394531,86.13385772705078,False,False,False,False,-0.05208717662259676,-0.05208717662259676,1.3892082999955164
0.5,0.3,50,0.65,0.3,-0.05208717662259676,0.06696973170536592,0.006528099891640454,0.004898377862099751,0.8157496452331543,0.9182069897651672,0.8661924600601196,0.8647899627685547,5448,6062,5592,5536,498537.90625,136720.875,331642.53125,332127.6875,82.5888442993164,89.75021362304688,86.08718872070312,86.12712097167969,False,False,False,False,-0.05208717662259676,-0.05208717662259676,1.3880190000054426
0.5,0.3,50,0.65,0.5,-0.05208717662259676,0.07182274331462465,0.008658097408617303,0.007611418304902084,0.8157496452331543,0.9223833680152893,0.8680254817008972,0.8671247363090515,5448,6040,5639,5606,498537.90625,153705.015625,335503.03125,334977.4375,82.5888442993164,90.05624389648438,86.15452575683594,86.2156982421875,False,False,False,False,-0.05208717662259676,-0.05208717662259676,1.3936897999956273
0.5,0.3,50,0.75,0.1,-0.05208717662259676,0.05646055265792564,0.0021127514147517893,4.2734317561692045e-05,0.8157496452331543,0.9091630578041077,0.8623927235603333,0.8606113195419312,5448,5760,5438,5387,498537.90625,167100.328125,347292.03125,347405.90625,82.5888442993164,89.05294036865234,85.76557159423828,85.77374267578125,False,False,False,False,-0.05208717662259676,-0.05208717662259676,1.3789709999982733
0.5,0.3,50,0.75,0.3,-0.05208717662259676,0.05646055265792564,0.0021127514147517893,4.2734317561692045e-05,0.8157496452331543,0.9091630578041077,0.8623927235603333,0.8606113195419312,5448,5760,5438,5387,498537.90625,167100.328125,347292.03125,347405.90625,82.5888442993164,89.05294036865234,85.76557159423828,85.77374267578125,False,False,False,False,-0.05208717662259676,-0.05208717662259676,1.38728610000544
0.5,0.3,50,0.75,0.5,-0.05208717662259676,0.05785250011341563,0.0021456506057433676,0.0003469306266880315,0.8157496452331543,0.9103609323501587,0.8624210357666016,0.8608731031417847,5448,5742,5461,5442,498537.90625,174186.0,348122.625,347980.90625,82.5888442993164,89.103515625,85.76495361328125,85.78953552246094,False,False,False,False,-0.05208717662259676,-0.05208717662259676,1.3859186000045156
0.5,0.3,50,0.85,0.1,-0.05208717662259676,0.0509185973585759,-0.0030795720611758726,-0.0038477508554655426,0.8157496452331543,0.9043937921524048,0.8579243421554565,0.8572632670402527,5448,5492,5622,5657,498537.90625,200307.84375,360235.6875,359754.0,82.5888442993164,88.60094451904297,85.47347259521484,85.51492309570312,False,False,False,False,-0.05208717662259676,-0.05208717662259676,1.3864385000051698
0.5,0.3,50,0.85,0.3,-0.05208717662259676,0.0509185973585759,-0.0030795720611758726,-0.0038477508554655426,0.8157496452331543,0.9043937921524048,0.8579243421554565,0.8572632670402527,5448,5492,5622,5657,498537.90625,200307.84375,360235.6875,359754.0,82.5888442993164,88.60094451904297,85.47347259521484,85.51492309570312,False,False,False,False,-0.05208717662259676,-0.05208717662259676,1.3959624999988591
0.5,0.3,50,0.85,0.5,-0.05208717662259676,0.05090058938034893,-0.004184984878492898,-0.004446793177331141,0.8157496452331543,0.9043782949447632,0.8569730520248413,0.8567477464675903,5448,5539,5606,5621,498537.90625,201794.328125,360759.15625,360169.1875,82.5888442993164,88.59306335449219,85.45465850830078,85.5215835571289,False,False,False,False,-0.05208717662259676,-0.05208717662259676,1.3861410000026808
0.5,0.3,100,0.55,0.1,-0.2274916029143835,0.045816244512328366,-0.11987592503001618,-0.12495022698710248,0.6648010611534119,0.9000028371810913,0.7574123740196228,0.7530455589294434,3332,6158,4696,4593,922162.25,142262.296875,622160.375,622380.6875,71.79309844970703,88.4852294921875,78.96481323242188,78.99793243408203,False,False,False,False,-0.2274916029143835,-0.2274916029143835,1.328846300006262
0.5,0.3,100,0.55,0.3,-0.2274916029143835,0.057878680943299454,-0.12008024632143756,-0.12485229129012966,0.6648010611534119,0.9103834629058838,0.7572365403175354,0.7531298398971558,3332,6146,4691,4593,922162.25,143952.484375,622761.125,624695.125,71.79309844970703,89.2162094116211,78.96759033203125,79.0006103515625,False,False,False,False,-0.2274916029143835,-0.2274916029143835,1.3115047000028426
0.5,0.3,100,0.55,0.5,-0.2274916029143835,0.07825886399439813,-0.11812534176199063,-0.12127459084661393,0.6648010611534119,0.9279221296310425,0.7589188814163208,0.7562087178230286,3332,6122,4622,4588,922162.25,131936.15625,652564.125,650674.1875,71.79309844970703,90.84197998046875,78.7806625366211,78.97918701171875,False,False,False,False,-0.2274916029143835,-0.2274916029143835,1.326867100004165
0.5,0.3,100,0.65,0.1,-0.2274916029143835,0.03147538326691737,-0.129687641228435,-0.13263090674672368,0.6648010611534119,0.8876614570617676,0.7489686608314514,0.7464357614517212,3332,5986,4210,4162,922162.25,180993.671875,662225.6875,660883.1875,71.79309844970703,87.6639175415039,78.34645080566406,78.45221710205078,False,False,False,False,-0.2274916029143835,-0.2274916029143835,1.340977699997893
0.5,0.3,100,0.65,0.3,-0.2274916029143835,0.03902384290947978,-0.12956165464230096,-0.13279907355878168,0.6648010611534119,0.8941574692726135,0.7490770816802979,0.7462910413742065,3332,5984,4236,4115,922162.25,181923.90625,661602.75,661628.125,71.79309844970703,88.00904846191406,78.33905792236328,78.4446029663086,False,False,False,False,-0.2274916029143835,-0.2274916029143835,1.2779452000031597
0.5,0.3,100,0.65,0.5,-0.2274916029143835,0.054461043721639596,-0.12751906508117963,-0.1301275207273561,0.6648010611534119,0.9074423313140869,0.7508348822593689,0.7485901117324829,3332,5861,4357,4318,922162.25,199637.046875,670970.6875,668437.1875,71.79309844970703,89.309326171875,78.38341522216797,78.54241943359375,False,False,False,False,-0.2274916029143835,-0.2274916029143835,1.265872500000114
0.5,0.3,100,0.75,0.1,-0.2274916029143835,0.0034254637660431175,-0.1463663536164349,-0.1475926276722368,0.6648010611534119,0.8635224103927612,0.7346153855323792,0.7335600852966309,3332,5588,3766,3686,922162.25,253880.734375,690685.1875,690467.6875,71.79309844970703,86.02525329589844,77.48412322998047,77.61514282226562,False,False,False,False,-0.2274916029143835,-0.2274916029143835,1.278585700005351
0.5,0.3,100,0.75,0.3,-0.2274916029143835,0.0031512576668101533,-0.1463663536164349,-0.14829653183654712,0.6648010611534119,0.8632864356040955,0.7346153855323792,0.7329543232917786,3332,5587,3766,3610,922162.25,253922.21875,690685.1875,690257.9375,71.79309844970703,86.00411224365234,77.48412322998047,77.60452270507812,False,False,False,False,-0.2274916029143835,-0.2274916029143835,1.2800434999953723
0.5,0.3,100,0.75,0.5,-0.2274916029143835,0.02326159809032317,-0.14506562349681,-0.14603195931305105,0.6648010611534119,0.8805928826332092,0.735734760761261,0.7349031567573547,3332,5504,3675,3777,922162.25,258661.96875,693577.0625,693091.9375,71.79309844970703,87.16050720214844,77.57379150390625,77.69097900390625,False,False,False,False,-0.2274916029143835,-0.2274916029143835,1.2664342999996734
0.5,0.3,100,0.85,0.1,-0.16559838953265488,-0.015042618304625038,-0.15295831256932638,-0.1561953159170788,0.7180647850036621,0.8476292490959167,0.7289425134658813,0.7261568307876587,4552,5209,3869,3937,832188.0,309201.1875,709838.9375,709490.1875,73.22241973876953,84.93224334716797,77.15843963623047,77.22425079345703,False,False,False,False,-0.16559838953265488,-0.16559838953265488,1.2995942999987165
0.5,0.3,100,0.85,0.3,-0.16559838953265488,-0.015184881332618094,-0.15295831256932638,-0.1561953159170788,0.7180647850036621,0.8475068211555481,0.7289425134658813,0.7261568307876587,4552,5209,3869,3937,832188.0,309449.96875,709838.9375,709490.1875,73.22241973876953,84.92369842529297,77.15843963623047,77.22425079345703,False,False,False,False,-0.16559838953265488,-0.16559838953265488,1.302898699999787
0.5,0.3,100,0.85,0.5,-0.16559838953265488,-0.00619072734570366,-0.15298754090321784,-0.1548577387035433,0.7180647850036621,0.8552469611167908,0.7289173603057861,0.727307915687561,4552,5190,3974,4004,832188.0,314749.5,711420.5625,711588.6875,73.22241973876953,85.27532958984375,77.1628189086914,77.2680892944336,False,False,False,False,-0.16559838953265488,-0.16559838953265488,1.2918839999983902
0.5,0.3,200,0.55,0.1,-0.5169295081155378,0.03493166838031049,-0.3788387555240339,-0.3786543122701169,0.4157181680202484,0.8906358480453491,0.5345555543899536,0.5347142815589905,0,6144,1326,1247,1396424.5,147938.453125,1167876.625,1169653.5,53.73492431640625,87.46090698242188,64.59957885742188,64.90241241455078,False,False,False,False,-0.5169295081155378,-0.5169295081155378,1.4734383000031812
0.5,0.3,200,0.55,0.3,-0.5169295081155378,0.056514715115515986,-0.3786651170570531,-0.3812037571568727,0.4157181680202484,0.909209668636322,0.5347049832344055,0.5325202941894531,0,6134,1306,1235,1396424.5,149773.828125,1173547.25,1174643.5,53.73492431640625,89.10604858398438,64.49845886230469,64.7508316040039,False,False,False,False,-0.5169295081155378,-0.5169295081155378,1.474598299995705
0.5,0.3,200,0.55,0.5,-0.5169295081155378,0.07825886399439813,-0.3680442885446056,-0.3748450707834752,0.4157181680202484,0.9279221296310425,0.543844997882843,0.5379924178123474,0,6122,1056,928,1396424.5,131936.15625,1199026.5,1194729.25,53.73492431640625,90.84197998046875,64.06069946289062,64.3289794921875,False,False,False,False,-0.5169295081155378,-0.5169295081155378,1.4961704000015743
0.5,0.3,200,0.65,0.1,-0.38479995040879844,0.010986944562092722,-0.4140294617449939,-0.4157767897246476,0.5294255018234253,0.870029628276825,0.5042713284492493,0.5027676224708557,0,5978,0,0,1245136.0,190199.09375,1207422.125,1204131.625,56.81757736206055,85.96808624267578,62.61301803588867,62.90791320800781,True,True,False,False,-0.38479995040879844,-0.38479995040879844,1.49966129999666
0.5,0.3,200,0.65,0.3,-0.38479995040879844,0.03188485698721676,-0.41380914105753236,-0.4160677570959226,0.5294255018234253,0.8880138397216797,0.5044609308242798,0.5025172233581543,0,5923,0,0,1245136.0,210178.734375,1208239.25,1204254.5,56.81757736206055,87.4165267944336,62.60696792602539,62.893524169921875,True,True,False,False,-0.38479995040879844,-0.38479995040879844,1.3070264999987558
0.5,0.3,200,0.65,0.5,-0.38479995040879844,0.0541522761565018,-0.41348444335780915,-0.4163146049205415,0.5294255018234253,0.9071766138076782,0.5047403573989868,0.5023047924041748,0,5859,0,0,1245136.0,200163.40625,1214959.125,1211906.375,56.81757736206055,89.29060363769531,62.545902252197266,62.794647216796875,True,True,False,False,-0.38479995040879844,-0.38479995040879844,1.2867800000021816
0.5,0.3,200,0.75,0.1,-0.3273019304206352,-0.04892885428740525,-0.28257717717322534,-0.28646870126807333,0.5789068341255188,0.8184676170349121,0.61739581823349,0.6140468716621399,707,5507,1730,1427,1159028.875,302465.03125,1017349.875,1017375.5,62.2863655090332,82.44334411621094,65.17504119873047,64.86039733886719,False,False,False,False,-0.3273019304206352,-0.3273019304206352,1.3239061999993282
0.5,0.3,200,0.75,0.3,-0.3273019304206352,-0.018760642455401683,-0.28198679253319964,-0.2796538589538958,0.5789068341255188,0.844429612159729,0.6179038882255554,0.6199115514755249,707,5505,1794,1664,1159028.875,291664.46875,1017041.0,1008603.0625,62.2863655090332,83.97986602783203,65.21022033691406,65.07376098632812,False,False,False,False,-0.3273019304206352,-0.3273019304206352,1.2960897000011755
0.5,0.3,200,0.75,0.5,-0.3273019304206352,0.014980975609925028,-0.3032245016551756,-0.2978269564889152,0.5789068341255188,0.8734667897224426,0.5996272563934326,0.6042722463607788,707,5412,1498,1581,1159028.875,281987.65625,1048171.8125,1036547.5,62.2863655090332,86.46904754638672,65.2612533569336,65.55400848388672,False,False,False,False,-0.3273019304206352,-0.3273019304206352,1.2736699000015506
0.5,0.3,200,0.85,0.1,-0.23567872243091084,-0.08526888508797417,-0.24555305098439575,-0.24441799426445893,0.657755434513092,0.7871943116188049,0.6492578387260437,0.6502346396446228,3131,5168,2265,2290,970516.1875,380607.71875,955523.0,950923.8125,70.04227447509766,80.37604522705078,66.17061614990234,66.20543670654297,True,True,False,False,-0.23567872243091084,-0.23567872243091084,1.2889053999970201
0.5,0.3,200,0.85,0.3,-0.23567872243091084,-0.05946532234800487,-0.24593578978317354,-0.24002425536144265,0.657755434513092,0.809400200843811,0.6489284634590149,0.6540157794952393,3131,5170,2292,2285,970516.1875,365938.15625,956016.3125,946730.875,70.04227447509766,81.31813049316406,66.16156005859375,66.22030639648438,True,True,False,False,-0.23567872243091084,-0.23567872243091084,1.2714182999989134
0.5,0.3,200,0.85,0.5,-0.23567872243091084,-0.007597427491048823,-0.24332982754936697,-0.2406909661245688,0.657755434513092,0.8540363907814026,0.651171088218689,0.6534420251846313,3131,5156,2319,2353,970516.1875,330652.84375,954877.5625,950206.8125,70.04227447509766,84.7686538696289,66.2936782836914,66.3829574584961,True,True,False,False,-0.23567872243091084,-0.23567872243091084,1.260835799999768
0.5,0.3,300,0.55,0.1,-0.5165626994513454,0.03474480097547833,-0.49513372482216256,-0.49605486753919936,0.4160338342189789,0.8904750347137451,0.4344750642776489,0.4336823523044586,0,6143,0,0,1418277.625,147440.390625,1340252.875,1336990.875,48.100337982177734,87.35110473632812,53.14632034301758,53.45793151855469,False,False,False,False,-0.5165626994513454,-0.5165626994513454,1.279825699995854
0.5,0.3,300,0.55,0.3,-0.5165626994513454,0.055128239314948806,-0.5023891392498084,-0.49909077025317483,0.4160338342189789,0.9080165028572083,0.42823123931884766,0.4310697317123413,0,6123,0,0,1418277.625,154305.265625,1349743.125,1338105.5,48.100337982177734,89.00808715820312,52.90357971191406,53.119964599609375,False,False,False,False,-0.5165626994513454,-0.5165626994513454,1.276824000000488
0.5,0.3,300,0.55,0.5,-0.5165626994513454,0.07825886399439813,-0.48891376914256746,-0.48837789326740566,0.4160338342189789,0.9279221296310425,0.4398277997970581,0.4402889609336853,0,6122,0,0,1418277.625,131936.15625,1361833.625,1353309.25,48.100337982177734,90.84197998046875,53.49085235595703,53.93254089355469,False,False,False,False,-0.5165626994513454,-0.5165626994513454,1.2466493000029004
0.5,0.3,300,0.65,0.1,-0.39045958091971594,0.009946845296575817,-0.3960359591620611,-0.3966047342282144,0.524554967880249,0.8691345453262329,0.5197560787200928,0.5192666053771973,0,5973,0,0,1283278.5,190534.09375,1210880.875,1204557.5,54.409156799316406,85.67439270019531,56.284297943115234,56.448631286621094,True,True,False,False,-0.39045958091971594,-0.39045958091971594,1.3135209000029135
0.5,0.3,300,0.65,0.3,-0.39045958091971594,0.024610949751160908,-0.40042304896542436,-0.39350237514843595,0.524554967880249,0.8817541003227234,0.5159806609153748,0.5219364166259766,0,5863,0,0,1283278.5,232270.578125,1215475.625,1202766.5,54.409156799316406,86.85519409179688,56.278099060058594,56.51673889160156,True,True,False,False,-0.39045958091971594,-0.39045958091971594,1.4231769999969401
0.5,0.3,300,0.65,0.5,-0.39045958091971594,0.0541522761565018,-0.40155131806279865,-0.3965007035232263,0.524554967880249,0.9071766138076782,0.5150097012519836,0.5193561315536499,0,5859,0,0,1283278.5,200163.40625,1232392.375,1217884.125,54.409156799316406,89.29060363769531,56.7800407409668,57.21582794189453,True,True,False,False,-0.39045958091971594,-0.39045958091971594,1.3920166000025347
0.5,0.3,300,0.75,0.1,-0.30568487631116265,-0.06708228156928449,-0.331338003171482,-0.34014882208775493,0.5975099205970764,0.8028452396392822,0.5754334926605225,0.5678511261940002,823,5454,387,334,1144510.625,315476.4375,1120097.5,1126916.75,60.449920654296875,80.63481140136719,58.67230224609375,58.64780807495117,True,True,False,False,-0.30568487631116265,-0.30568487631116265,1.440931900004216
0.5,0.3,300,0.75,0.3,-0.30568487631116265,-0.025851768712453798,-0.33315126805602835,-0.32422505955619335,0.5975099205970764,0.838327169418335,0.5738730430603027,0.5815547108650208,823,5443,268,513,1144510.625,311415.0625,1124470.375,1109238.5,60.449920654296875,83.3067398071289,58.66157531738281,58.83354187011719,True,True,False,False,-0.30568487631116265,-0.30568487631116265,1.4394030999974348
0.5,0.3,300,0.75,0.5,-0.30568487631116265,0.011962422890356693,-0.33366470321986114,-0.327851104495103,0.5975099205970764,0.8708691000938416,0.5734311938285828,0.5784342288970947,823,5376,175,361,1144510.625,291079.625,1132185.75,1121667.5,60.449920654296875,86.19600677490234,59.160404205322266,59.47288131713867,True,True,False,False,-0.30568487631116265,-0.30568487631116265,1.4877144999991287
0.5,0.3,300,0.85,0.1,-0.29800281132244705,-0.11079796468289163,-0.3051648613091315,-0.30448824615798054,0.6041209101676941,0.7652246356010437,0.59795743227005,0.5985397100448608,1983,5159,990,681,1056094.875,385952.78125,1082030.125,1078000.25,68.65328979492188,78.07777404785156,60.003875732421875,59.92660140991211,True,True,False,False,-0.29800281132244705,-0.29800281132244705,1.533297300004051
0.5,0.3,300,0.85,0.3,-0.29800281132244705,-0.06150347917602418,-0.30555085539628113,-0.3046449848300099,0.6041209101676941,0.8076462149620056,0.5976252555847168,0.5984048247337341,1983,5155,901,879,1056094.875,374323.0,1083022.375,1077624.25,68.65328979492188,80.80350494384766,60.00716018676758,59.983253479003906,True,True,False,False,-0.29800281132244705,-0.29800281132244705,1.523813899999368
0.5,0.3,300,0.85,0.5,-0.29800281132244705,-0.008091815754833843,-0.29903605370394676,-0.2962663573911842,0.6041209101676941,0.8536109328269958,0.6032317280769348,0.6056152582168579,1983,5152,783,974,1056094.875,333779.6875,1083082.125,1073978.125,68.65328979492188,84.67766571044922,60.23992919921875,60.216976165771484,True,False,False,False,-0.29800281132244705,-0.29800281132244705,1.4874310000013793
0.5,0.4,50,0.55,0.1,-0.05208717662259676,0.05947744310258072,-0.002137062185358198,-0.004014532438429164,0.8157496452331543,0.9117593169212341,0.8587354421615601,0.8571197390556335,5448,6196,5677,5653,498537.90625,126715.4765625,335624.3125,336699.59375,82.5888442993164,89.38333892822266,85.73319244384766,85.74369812011719,False,False,False,False,-0.05208717662259676,-0.05208717662259676,1.6673544000004767
0.5,0.4,50,0.55,0.3,-0.05208717662259676,0.06180532059569007,-0.002504424941188367,-0.003931072385492634,0.8157496452331543,0.913762629032135,0.8584192991256714,0.8571915626525879,5448,6191,5648,5632,498537.90625,129486.125,336863.375,336773.03125,82.5888442993164,89.4883804321289,85.71536254882812,85.74634552001953,False,False,False,False,-0.05208717662259676,-0.05208717662259676,1.6601013999970746
0.5,0.4,50,0.55,0.5,-0.05208717662259676,0.0758013290580546,0.0061608063972650035,0.0048131862727952435,0.8157496452331543,0.9258072376251221,0.8658763766288757,0.864716649055481,5448,6122,5742,5708,498537.90625,140034.15625,352815.4375,352123.5,82.5888442993164,90.63786315917969,85.97342681884766,86.03168487548828,False,False,False,False,-0.05208717662259676,-0.05208717662259676,1.6906825999976718
0.5,0.4,50,0.65,0.1,-0.05208717662259676,0.05063123158294631,-0.005464728777337929,-0.007405434738567445,0.8157496452331543,0.9041464924812317,0.8558717370033264,0.85420161485672,5448,6041,5496,5425,498537.90625,157373.09375,353377.96875,354279.0625,82.5888442993164,88.83536529541016,85.47333526611328,85.49713134765625,False,False,False,False,-0.05208717662259676,-0.05208717662259676,1.6819995000041672
0.5,0.4,50,0.65,0.3,-0.05208717662259676,0.05028811033626782,-0.005348161749045664,-0.007347809208241143,0.8157496452331543,0.9038512110710144,0.8559720516204834,0.8542512059211731,5448,6033,5569,5459,498537.90625,158985.25,352945.75,353672.9375,82.5888442993164,88.83314514160156,85.47708129882812,85.49474334716797,False,False,False,False,-0.05208717662259676,-0.05208717662259676,1.7571644999989076
0.5,0.4,50,0.65,0.5,-0.05208717662259676,0.05863979506920778,-0.002580958848652986,-0.0032156015582442085,0.8157496452331543,0.9110384583473206,0.8583534359931946,0.8578072786331177,5448,5937,5533,5541,498537.90625,189172.953125,361200.75,361519.1875,82.5888442993164,89.42375946044922,85.56277465820312,85.62556457519531,False,False,False,False,-0.05208717662259676,-0.05208717662259676,1.73464960000274
0.5,0.4,50,0.75,0.1,-0.05208717662259676,0.032962149653917826,-0.011161621950894322,-0.01220282939968673,0.8157496452331543,0.8889409303665161,0.850969135761261,0.8500730991363525,5448,5684,5311,5299,498537.90625,209189.25,377106.03125,377661.09375,82.5888442993164,87.76554870605469,85.04393768310547,85.0658187866211,False,False,False,False,-0.05208717662259676,-0.05208717662259676,1.7896726000035414
0.5,0.4,50,0.75,0.3,-0.05208717662259676,0.032962149653917826,-0.011161621950894322,-0.01220282939968673,0.8157496452331543,0.8889409303665161,0.850969135761261,0.8500730991363525,5448,5684,5311,5299,498537.90625,209189.25,377106.03125,377661.09375,82.5888442993164,87.76554870605469,85.04393768310547,85.0658187866211,False,False,False,False,-0.05208717662259676,-0.05208717662259676,1.7752342999956454
0.5,0.4,50,0.75,0.5,-0.05208717662259676,0.03695978229739553,-0.010861165760322814,-0.012196734391671448,0.8157496452331543,0.8923811912536621,0.8512277007102966,0.8500783443450928,5448,5648,5329,5337,498537.90625,220379.3125,378945.28125,379195.28125,82.5888442993164,87.92625427246094,85.05758666992188,85.07304382324219,False,False,False,False,-0.05208717662259676,-0.05208717662259676,1.608773599997221
0.5,0.4,50,0.85,0.1,-0.05208717662259676,0.022476103932353723,-0.01693193226645297,-0.017587838242642963,0.8157496452331543,0.8799169063568115,0.8460033535957336,0.8454388976097107,5448,5369,5284,5317,498537.90625,250872.921875,394961.5625,393938.4375,82.5888442993164,87.05934143066406,84.67864227294922,84.71002197265625,False,False,False,False,-0.05208717662259676,-0.05208717662259676,1.6264885999989929
0.5,0.4,50,0.85,0.3,-0.05208717662259676,0.022476103932353723,-0.01693193226645297,-0.017587838242642963,0.8157496452331543,0.8799169063568115,0.8460033535957336,0.8454388976097107,5448,5369,5284,5317,498537.90625,250872.921875,394961.5625,393938.4375,82.5888442993164,87.05934143066406,84.67864227294922,84.71002197265625,False,False,False,False,-0.05208717662259676,-0.05208717662259676,1.619998400004988
0.5,0.4,50,0.85,0.5,-0.05208717662259676,0.022153345553362663,-0.01677664808497272,-0.01756054922948363,0.8157496452331543,0.8796391487121582,0.8461369872093201,0.8454623818397522,5448,5377,5275,5307,498537.90625,249855.125,394311.8125,395446.40625,82.5888442993164,87.0635757446289,84.70008087158203,84.72415924072266,False,False,False,False,-0.05208717662259676,-0.05208717662259676,1.5906526999970083
0.5,0.4,100,0.55,0.1,-0.2274916029143835,0.03882921822171908,-0.1360009613489915,-0.13909736394366412,0.6648010611534119,0.8939899802207947,0.743535578250885,0.7408708930015564,3332,6165,4684,4638,922162.25,143043.46875,633509.6875,632205.5,71.79309844970703,87.91864013671875,78.21109771728516,78.2998275756836,False,False,False,False,-0.2274916029143835,-0.2274916029143835,1.6670941000047605
0.5,0.4,100,0.55,0.3,-0.2274916029143835,0.05598756618364883,-0.13604314157491543,-0.13915152640125447,0.6648010611534119,0.9087560176849365,0.7434992790222168,0.740824282169342,3332,6146,4627,4594,922162.25,149334.28125,644211.0,646438.1875,71.79309844970703,89.06233215332031,78.12413024902344,78.2221908569336,False,False,False,False,-0.2274916029143835,-0.2274916029143835,1.6579577999946196
0.5,0.4,100,0.55,0.5,-0.2274916029143835,0.0753153214302906,-0.1414050170919955,-0.14115512176336895,0.6648010611534119,0.9253889918327332,0.7388849854469299,0.7391000390052795,3332,6121,4360,4347,922162.25,140723.5,703127.5625,700995.75,71.79309844970703,90.63525390625,77.59539031982422,77.80582427978516,False,False,False,False,-0.2274916029143835,-0.2274916029143835,1.6315641999972286
0.5,0.4,100,0.65,0.1,-0.2274916029143835,0.019510674748554946,-0.15451898092851213,-0.1561782083377632,0.6648010611534119,0.8773649334907532,0.7275994420051575,0.7261715531349182,3332,5987,3937,3931,922162.25,188712.8125,708915.75,704638.5625,71.79309844970703,86.7818603515625,77.16082000732422,77.30379486083984,False,False,False,False,-0.2274916029143835,-0.2274916029143835,1.6224826999969082
0.5,0.4,100,0.65,0.3,-0.2274916029143835,0.03684058333382394,-0.15355299141954468,-0.15643593021077298,0.6648010611534119,0.8922786116600037,0.7284307479858398,0.725949764251709,3332,5983,3938,3891,922162.25,188896.328125,707450.5625,706636.5625,71.79309844970703,87.77439880371094,77.18310546875,77.28475189208984,False,False,False,False,-0.2274916029143835,-0.2274916029143835,1.509251099996618
0.5,0.4,100,0.65,0.5,-0.2274916029143835,0.050598609437773605,-0.15506857057170828,-0.15647208469013638,0.6648010611534119,0.9041184186935425,0.7271264791488647,0.7259186506271362,3332,5861,3974,3971,922162.25,212014.078125,723253.5,722469.5625,71.79309844970703,89.01947021484375,77.06629943847656,77.21833801269531,False,False,False,False,-0.2274916029143835,-0.2274916029143835,1.4752234000043245
0.5,0.4,100,0.75,0.1,-0.2274916029143835,-0.022050977123287813,-0.17488143304720272,-0.17687401583801685,0.6648010611534119,0.8415980339050293,0.7100760340690613,0.7083612680435181,3332,5571,3263,3221,922162.25,280949.15625,747025.375,744712.25,71.79309844970703,84.4051742553711,76.08173370361328,76.14311981201172,False,False,False,False,-0.2274916029143835,-0.2274916029143835,1.5054861000025994
0.5,0.4,100,0.75,0.3,-0.2274916029143835,-0.012918161704025719,-0.17488143304720272,-0.17687401583801685,0.6648010611534119,0.8494575023651123,0.7100760340690613,0.7083612680435181,3332,5570,3263,3221,922162.25,277521.625,747025.375,744712.25,71.79309844970703,84.62078857421875,76.08173370361328,76.14311981201172,False,False,False,False,-0.2274916029143835,-0.2274916029143835,1.5233993000001647
0.5,0.4,100,0.75,0.5,-0.2274916029143835,0.013487075293088503,-0.1734499373010681,-0.17464372773460674,0.6648010611534119,0.8721811771392822,0.711307942867279,0.7102805972099304,3332,5473,3261,3415,922162.25,286605.125,751367.6875,749499.1875,71.79309844970703,86.52322387695312,76.15644836425781,76.24976348876953,False,False,False,False,-0.2274916029143835,-0.2274916029143835,1.6818516999992426
0.5,0.4,100,0.85,0.1,-0.16559838953265488,-0.05199131876926551,-0.18362215937129991,-0.1859845290688594,0.7180647850036621,0.8158321380615234,0.7025539875030518,0.7005209922790527,4552,5197,3318,3289,832188.0,352689.6875,774479.0,770849.75,73.22241973876953,82.72509765625,75.5282974243164,75.60470581054688,True,True,False,False,-0.16559838953265488,-0.16559838953265488,1.6690497000017785
0.5,0.4,100,0.85,0.3,-0.16559838953265488,-0.051826060938305704,-0.18362215937129991,-0.1859845290688594,0.7180647850036621,0.8159743547439575,0.7025539875030518,0.7005209922790527,4552,5197,3318,3289,832188.0,352663.9375,774479.0,770849.75,73.22241973876953,82.72577667236328,75.5282974243164,75.60470581054688,True,True,False,False,-0.16559838953265488,-0.16559838953265488,1.7016441999949166
0.5,0.4,100,0.85,0.5,-0.16559838953265488,-0.015091724676020888,-0.1813262806702708,-0.1844436694857233,0.7180647850036621,0.847586989402771,0.7045297622680664,0.7018470168113708,4552,5171,3412,3338,832188.0,343704.1875,775765.125,773408.375,73.22241973876953,84.49059295654297,75.62932586669922,75.6707534790039,True,True,False,False,-0.16559838953265488,-0.16559838953265488,1.661091399997531
0.5,0.4,200,0.55,0.1,-0.5169295081155378,0.03413183710121419,-0.4247047297608506,-0.4286387111274414,0.4157181680202484,0.8899475336074829,0.4950844645500183,0.4916989803314209,0,6143,1220,1115,1396424.5,149266.40625,1224988.125,1227829.125,53.73492431640625,87.31051635742188,62.861812591552734,62.965248107910156,False,False,False,False,-0.5169295081155378,-0.5169295081155378,1.5853458999990835
0.5,0.4,200,0.55,0.3,-0.5169295081155378,0.05438063117271071,-0.42888625156660753,-0.43254308322213986,0.4157181680202484,0.9073731303215027,0.49148595333099365,0.48833897709846497,0,6134,1078,1060,1396424.5,155218.671875,1244027.875,1237502.25,53.73492431640625,88.95297241210938,62.444950103759766,62.64877700805664,False,False,False,False,-0.5169295081155378,-0.5169295081155378,1.584871099999873
0.5,0.4,200,0.55,0.5,-0.5169295081155378,0.0753153214302906,-0.42469870401429,-0.42724929171504866,0.4157181680202484,0.9253889918327332,0.49508965015411377,0.4928946793079376,0,6121,299,219,1396424.5,140723.5,1288821.0,1282665.375,53.73492431640625,90.63525390625,61.46442794799805,61.82633590698242,False,False,False,False,-0.5169295081155378,-0.5169295081155378,1.6652221999975154
0.5,0.4,200,0.65,0.1,-0.38479995040879844,0.010019846869849762,-0.4174548562495823,-0.41766326396683207,0.5294255018234253,0.8691973686218262,0.5013235211372375,0.5011441707611084,0,5978,0,0,1245136.0,190957.546875,1222219.375,1215078.375,56.81757736206055,85.6934814453125,60.353355407714844,60.51883316040039,True,True,False,False,-0.38479995040879844,-0.38479995040879844,1.6603896999949939
0.5,0.4,200,0.65,0.5,-0.38479995040879844,0.05041416618385661,-0.41597044475204226,-0.41212026974566157,0.5294255018234253,0.9039596915245056,0.5026009678840637,0.5059143304824829,0,5859,0,0,1245136.0,212516.734375,1229482.375,1217583.125,56.81757736206055,89.00009155273438,60.19035339355469,60.5255012512207,True,True,False,False,-0.38479995040879844,-0.38479995040879844,1.6927923999974155
0.5,0.4,200,0.65,0.3,-0.38479995040879844,0.025582272392141735,-0.42130000980049587,-0.4263116301410613,0.5294255018234253,0.8825899958610535,0.4980144798755646,0.49370160698890686,0,5894,0,0,1245136.0,226858.78125,1225649.625,1225049.25,56.81757736206055,86.96346282958984,60.22407913208008,60.344207763671875,True,True,False,False,-0.38479995040879844,-0.38479995040879844,1.747806400002446
0.5,0.4,200,0.75,0.1,-0.3273019304206352,-0.06266021473128806,-0.32534626398518635,-0.32041789591319325,0.5789068341255188,0.8066507577896118,0.5805898308753967,0.5848310589790344,707,5491,894,946,1159028.875,307831.28125,1090830.5,1082168.75,62.2863655090332,81.09130859375,62.07716751098633,62.242462158203125,False,False,False,False,-0.3273019304206352,-0.3273019304206352,1.7094083999982104
0.5,0.4,200,0.75,0.3,-0.3273019304206352,-0.026000888624464046,-0.32335991472529696,-0.32021821513923804,0.5789068341255188,0.8381988406181335,0.5822992324829102,0.5850028991699219,707,5470,968,899,1159028.875,310923.53125,1090123.25,1083230.75,62.2863655090332,83.294921875,62.12541961669922,62.26610565185547,False,False,False,False,-0.3273019304206352,-0.3273019304206352,1.7168338999981643
0.5,0.4,200,0.75,0.5,-0.3273019304206352,0.007387703806159352,-0.32734653479747433,-0.32591552388152273,0.5789068341255188,0.866932213306427,0.5788684487342834,0.5800999402999878,707,5405,912,1013,1159028.875,301495.84375,1103089.875,1097218.875,62.2863655090332,85.98568725585938,62.478675842285156,62.5553092956543,True,False,False,False,-0.3273019304206352,-0.3273019304206352,1.9114065999965533
0.5,0.4,200,0.85,0.1,-0.23567872243091084,-0.10772608064318957,-0.2953066706745962,-0.29441652245854616,0.657755434513092,0.7678682208061218,0.6064411401748657,0.607207179069519,3131,5163,1727,1648,970516.1875,388303.4375,1044731.125,1040122.75,70.04227447509766,78.44155883789062,63.010398864746094,63.011253356933594,True,True,False,False,-0.23567872243091084,-0.23567872243091084,1.9902201000004425
0.5,0.4,200,0.85,0.3,-0.23567872243091084,-0.0634648943122147,-0.2946574137980592,-0.2933672806810063,0.657755434513092,0.8059582710266113,0.6069998741149902,0.6081101298332214,3131,5164,1809,1689,970516.1875,376248.0625,1043797.625,1038281.0625,70.04227447509766,80.6294174194336,63.02138900756836,63.00385284423828,True,True,False,False,-0.23567872243091084,-0.23567872243091084,1.9827639000068302
0.5,0.4,200,0.85,0.5,-0.23567872243091084,-0.016052311791520252,-0.289723643332598,-0.2782362847601597,0.657755434513092,0.8467603325843811,0.6112457513809204,0.6211314797401428,3131,5153,1740,1798,970516.1875,354230.4375,1044496.5,1030266.3125,70.04227447509766,84.20466613769531,63.14997482299805,63.18375778198242,True,True,False,False,-0.23567872243091084,-0.23567872243091084,1.9489871999976458
0.5,0.4,300,0.55,0.1,-0.5165626994513454,0.0341634203245661,-0.5433732891122032,-0.537858553564558,0.4160338342189789,0.8899747133255005,0.392961323261261,0.39770716428756714,0,6143,0,0,1418277.625,148776.5,1396921.75,1382891.75,48.100337982177734,87.25115966796875,50.42608642578125,50.6281852722168,True,True,False,False,-0.5165626994513454,-0.5165626994513454,1.919628499999817
0.5,0.4,300,0.55,0.3,-0.5165626994513454,0.05318760261517401,-0.5431968455563063,-0.5401947078015064,0.4160338342189789,0.9063464403152466,0.3931131660938263,0.3956967294216156,0,6123,0,0,1418277.625,159574.21875,1401570.0,1378780.375,48.100337982177734,88.85258483886719,50.1681022644043,50.030235290527344,True,True,False,False,-0.5165626994513454,-0.5165626994513454,1.8617755000013858
0.5,0.4,300,0.55,0.5,-0.5165626994513454,0.0753153214302906,-0.5107756278637448,-0.5089134643921667,0.4160338342189789,0.9253889918327332,0.42101404070854187,0.422616571187973,0,6121,0,0,1418277.625,140723.5,1388652.875,1381827.625,48.100337982177734,90.63525390625,51.54502487182617,52.031829833984375,False,False,False,False,-0.5165626994513454,-0.5165626994513454,1.8195969000007608
0.5,0.4,300,0.65,0.1,-0.39045958091971594,0.009107050158106585,-0.47056384711365007,-0.47381134357179244,0.524554967880249,0.8684118390083313,0.45561927556991577,0.45282456278800964,0,5973,0,0,1283278.5,191917.90625,1297495.25,1292706.875,54.409156799316406,85.52092742919922,52.26832580566406,52.27301788330078,True,True,False,False,-0.39045958091971594,-0.39045958091971594,1.8351397000005818
0.5,0.4,300,0.65,0.3,-0.39045958091971594,0.021441891890487945,-0.46919489446112683,-0.460297498726455,0.524554967880249,0.8790268898010254,0.45679736137390137,0.4644542336463928,0,5863,0,0,1283278.5,240230.15625,1304150.5,1284176.0,54.409156799316406,86.6430435180664,52.6319694519043,52.63527297973633,True,True,False,False,-0.39045958091971594,-0.39045958091971594,1.698913200001698
0.5,0.4,300,0.65,0.5,-0.39045958091971594,0.05041416618385661,-0.45216537280497465,-0.4543366847796914,0.524554967880249,0.9039596915245056,0.471452534198761,0.4695839583873749,0,5859,0,0,1283278.5,212516.734375,1300388.625,1293659.25,54.409156799316406,89.00009155273438,53.719913482666016,53.90854263305664,True,True,False,False,-0.39045958091971594,-0.39045958091971594,1.6437710000027437
0.5,0.4,300,0.75,0.1,-0.30568487631116265,-0.07016580153337934,-0.4208224520702076,-0.4197718596943007,0.5975099205970764,0.8001916408538818,0.4984254539012909,0.4993295669555664,823,5442,347,293,1144510.625,317621.1875,1243036.25,1238358.0,60.449920654296875,79.97643280029297,54.289573669433594,54.37044906616211,True,True,False,False,-0.30568487631116265,-0.30568487631116265,1.7006280999994488
0.5,0.4,300,0.75,0.3,-0.30568487631116265,-0.03232065006030941,-0.42276360823089276,-0.4200817700734414,0.5975099205970764,0.832760214805603,0.4967549443244934,0.4990628659725189,823,5420,442,289,1144510.625,326726.21875,1241899.0,1236232.0,60.449920654296875,82.74666595458984,54.29383087158203,54.354007720947266,True,True,False,False,-0.30568487631116265,-0.30568487631116265,1.672227399998519
0.5,0.4,300,0.75,0.5,-0.30568487631116265,0.0045188943516937365,-0.4249178126262939,-0.4199823106244647,0.5975099205970764,0.8644633889198303,0.4949010908603668,0.4991484582424164,823,5374,514,466,1144510.625,309440.8125,1257542.0,1250488.625,60.449920654296875,85.74512481689453,54.76447677612305,54.929073333740234,True,True,False,False,-0.30568487631116265,-0.30568487631116265,1.6645263000027626
0.5,0.4,300,0.85,0.1,-0.29800281132244705,-0.11310222401994176,-0.40980638306640543,-0.40554451797317437,0.6041209101676941,0.7632416486740112,0.5079056024551392,0.5115732550621033,1983,5158,322,382,1056094.875,380409.28125,1225211.75,1214698.5,68.65328979492188,77.05220031738281,55.06480026245117,55.04926300048828,True,True,False,False,-0.29800281132244705,-0.29800281132244705,1.7845320999986143
0.5,0.4,300,0.85,0.3,-0.29800281132244705,-0.06577060813981395,-0.40554562615644985,-0.40188924470037324,0.6041209101676941,0.8039740324020386,0.5115723013877869,0.5147188901901245,1983,5152,777,789,1056094.875,386746.40625,1218089.0,1209102.75,68.65328979492188,80.29329681396484,55.14689636230469,55.11847686767578,True,True,False,False,-0.29800281132244705,-0.29800281132244705,1.7773973000003025
0.5,0.4,300,0.85,0.5,-0.29800281132244705,-0.01592507849920124,-0.3930995505277896,-0.3901033692580955,0.6041209101676941,0.8468698263168335,0.5222830772399902,0.5248615145683289,1983,5152,938,1022,1056094.875,354732.90625,1217102.0,1208639.375,68.65328979492188,84.1552963256836,55.42373275756836,55.32088088989258,True,True,False,False,-0.29800281132244705,-0.29800281132244705,1.7612235999986297
0.5,0.5,50,0.55,0.1,-0.05208717662259676,0.05073872536067037,-0.013345643402552078,-0.01499171113540649,0.8157496452331543,0.9042389988899231,0.8490896224975586,0.8476730585098267,5448,6195,5596,5582,498537.90625,132279.234375,350317.875,351279.625,82.5888442993164,88.80538940429688,85.21037292480469,85.22447967529297,False,False,False,False,-0.05208717662259676,-0.05208717662259676,1.85688079999818
0.5,0.5,50,0.55,0.3,-0.05208717662259676,0.05764069858488459,-0.013385399477560848,-0.014994204547776379,0.8157496452331543,0.9101786613464355,0.8490554094314575,0.8476709127426147,5448,6175,5593,5586,498537.90625,142084.40625,351919.1875,352328.53125,82.5888442993164,89.18451690673828,85.19232940673828,85.2071762084961,False,False,False,False,-0.05208717662259676,-0.05208717662259676,1.822585900001286
0.5,0.5,50,0.55,0.5,-0.05208717662259676,0.07257990953761399,-0.004082754971327489,-0.0065189573796175316,0.8157496452331543,0.9230349659919739,0.8570610284805298,0.8549644947052002,5448,6122,5629,5593,498537.90625,148398.453125,378427.90625,377362.75,82.5888442993164,90.43433380126953,85.41273498535156,85.43624877929688,False,False,False,False,-0.05208717662259676,-0.05208717662259676,1.7899032999994233
0.5,0.5,50,0.65,0.1,-0.05208717662259676,0.037144918165859714,-0.01833274518814701,-0.019513237422379554,0.8157496452331543,0.8925405144691467,0.8447978496551514,0.8437819480895996,5448,6028,5426,5398,498537.90625,171228.90625,372716.21875,372713.8125,82.5888442993164,88.02655792236328,84.88727569580078,84.90088653564453,False,False,False,False,-0.05208717662259676,-0.05208717662259676,1.8146229000049061
0.5,0.5,50,0.65,0.3,-0.05208717662259676,0.04126361983218642,-0.018148301934230015,-0.019985739066473336,0.8157496452331543,0.8960849642753601,0.8449565768241882,0.8433753252029419,5448,6028,5416,5368,498537.90625,171582.953125,372732.3125,373782.375,82.5888442993164,88.13434600830078,84.8722915649414,84.890625,False,False,False,False,-0.05208717662259676,-0.05208717662259676,1.764030600003025
0.5,0.5,50,0.65,0.5,-0.05208717662259676,0.05167271607755759,-0.01448166978285495,-0.014867179039821527,0.8157496452331543,0.9050427675247192,0.8481119871139526,0.8477802276611328,5448,5903,5437,5411,498537.90625,208465.703125,389625.65625,389311.1875,82.5888442993164,89.05422973632812,84.89737701416016,84.9798812866211,False,False,False,False,-0.05208717662259676,-0.05208717662259676,1.7671589000019594
0.5,0.5,50,0.75,0.1,-0.05208717662259676,0.012284211608981688,-0.026266229257492963,-0.027349201363481,0.8157496452331543,0.871146023273468,0.837970495223999,0.837038516998291,5448,5671,5208,5221,498537.90625,237675.34375,404893.65625,405924.34375,82.5888442993164,86.60166931152344,84.30140686035156,84.30609130859375,False,False,False,False,-0.05208717662259676,-0.05208717662259676,1.7642161999974633
0.5,0.5,50,0.75,0.3,-0.05208717662259676,0.012552045654380492,-0.026266229257492963,-0.027349201363481,0.8157496452331543,0.8713765144348145,0.837970495223999,0.837038516998291,5448,5673,5208,5221,498537.90625,237106.28125,404893.65625,405924.34375,82.5888442993164,86.60374450683594,84.30140686035156,84.30609130859375,False,False,False,False,-0.05208717662259676,-0.05208717662259676,1.742031900001166
0.5,0.5,50,0.75,0.5,-0.05208717662259676,0.022284111179872345,-0.024014677887484074,-0.02643425754664153,0.8157496452331543,0.8797516822814941,0.8399081230163574,0.8378258943557739,5448,5591,5240,5229,498537.90625,259633.78125,408412.875,407801.96875,82.5888442993164,87.08062744140625,84.32669067382812,84.31370544433594,False,False,False,False,-0.05208717662259676,-0.05208717662259676,1.6843071000039345
0.5,0.5,50,0.85,0.1,-0.05208717662259676,-0.004481008335962383,-0.032955846861538386,-0.03306216319453222,0.8157496452331543,0.8567183017730713,0.8322135806083679,0.8321220874786377,5448,5328,5030,5085,498537.90625,290464.59375,428250.0,428059.21875,82.5888442993164,85.5855712890625,83.85140228271484,83.85625457763672,False,False,False,False,-0.05208717662259676,-0.05208717662259676,1.7588751000002958
0.5,0.5,50,0.85,0.3,-0.05208717662259676,-0.004481008335962383,-0.032955846861538386,-0.03306216319453222,0.8157496452331543,0.8567183017730713,0.8322135806083679,0.8321220874786377,5448,5328,5030,5085,498537.90625,290464.59375,428250.0,428059.21875,82.5888442993164,85.5855712890625,83.85140228271484,83.85625457763672,False,False,False,False,-0.05208717662259676,-0.05208717662259676,1.7912515999996685
0.5,0.5,50,0.85,0.5,-0.05208717662259676,-0.002005465421391885,-0.03275817466977004,-0.033626574789038265,0.8157496452331543,0.8588486909866333,0.8323836922645569,0.831636369228363,5448,5309,5036,5060,498537.90625,295175.3125,428428.375,427551.90625,82.5888442993164,85.65213012695312,83.85355377197266,83.86409759521484,False,False,False,False,-0.05208717662259676,-0.05208717662259676,1.7589907000001404
0.5,0.5,100,0.55,0.1,-0.2274916029143835,0.03722165985768849,-0.1489708613596924,-0.15055757202585254,0.6648010611534119,0.8926065564155579,0.7323740124702454,0.7310085296630859,3332,6169,4686,4625,922162.25,142216.0,647568.6875,644747.0625,71.79309844970703,87.6407241821289,77.5345458984375,77.67484283447266,False,False,False,False,-0.2274916029143835,-0.2274916029143835,1.9140139000010095
0.5,0.5,100,0.55,0.3,-0.2274916029143835,0.05335299896904325,-0.15076778054092504,-0.15672925247150843,0.6648010611534119,0.9064887762069702,0.7308276295661926,0.7256973385810852,3332,6146,4506,4444,922162.25,154829.796875,676082.625,677705.5,71.79309844970703,88.90919494628906,77.28556060791016,77.21784973144531,False,False,False,False,-0.2274916029143835,-0.2274916029143835,1.9040950999988127
0.5,0.5,100,0.55,0.5,-0.2274916029143835,0.07256266343538893,-0.16239774844863,-0.16610143547827977,0.6648010611534119,0.9230201244354248,0.7208191752433777,0.7176318764686584,3332,6122,4198,4137,922162.25,148426.953125,754370.1875,751251.625,71.79309844970703,90.43323516845703,76.41934204101562,76.55115509033203,False,False,False,False,-0.2274916029143835,-0.2274916029143835,1.8194924000054016
0.5,0.5,100,0.65,0.1,-0.2274916029143835,0.012364485635001138,-0.18286547797849362,-0.18521461873820175,0.6648010611534119,0.8712151050567627,0.7032051682472229,0.701183557510376,3332,5987,3718,3679,922162.25,190118.375,746573.875,742916.125,71.79309844970703,86.15387725830078,75.88693237304688,76.04263305664062,False,False,False,False,-0.2274916029143835,-0.2274916029143835,1.8382907000050182
0.5,0.5,100,0.65,0.3,-0.2274916029143835,0.03368336918190794,-0.18252651241909829,-0.18379794494337703,0.6648010611534119,0.8895615935325623,0.7034968733787537,0.7024027109146118,3332,5980,3729,3649,922162.25,195636.5625,752300.5,749352.75,71.79309844970703,87.54876708984375,75.90167999267578,76.0288314819336,False,False,False,False,-0.2274916029143835,-0.2274916029143835,1.6765457000001334
0.5,0.5,100,0.65,0.5,-0.2274916029143835,0.04816420782730626,-0.17978763745368573,-0.1837499467552567,0.6648010611534119,0.902023434638977,0.7058538794517517,0.7024440169334412,3332,5861,3788,3746,922162.25,221801.078125,778967.1875,776147.5,71.79309844970703,88.72311401367188,75.72872161865234,75.80777740478516,False,False,False,False,-0.2274916029143835,-0.2274916029143835,1.6834011000028113
0.5,0.5,100,0.75,0.1,-0.2274916029143835,-0.037388025871923795,-0.20755074527056813,-0.20816336283755868,0.6648010611534119,0.8283993601799011,0.6819616556167603,0.6814344525337219,3332,5577,2890,2840,922162.25,287702.0,799838.125,800038.6875,71.79309844970703,83.2156982421875,74.57907104492188,74.58612823486328,False,False,False,False,-0.2274916029143835,-0.2274916029143835,1.6805336999968858
0.5,0.5,100,0.75,0.3,-0.2274916029143835,-0.016490944584256387,-0.20732633815727822,-0.20911778568358805,0.6648010611534119,0.8463828563690186,0.6821547746658325,0.680613100528717,3332,5572,2840,2851,922162.25,287652.71875,801127.3125,799855.625,71.79309844970703,84.14371490478516,74.55936431884766,74.58000183105469,False,False,False,False,-0.2274916029143835,-0.2274916029143835,1.6674580000035348
0.5,0.5,100,0.75,0.5,-0.2274916029143835,0.011847587398432405,-0.20544478147837883,-0.20855143476834986,0.6648010611534119,0.870770275592804,0.6837739944458008,0.6811004877090454,3332,5474,3013,2978,922162.25,294982.84375,809369.875,808603.125,71.79309844970703,86.11920928955078,74.60652160644531,74.60132598876953,False,False,False,False,-0.2274916029143835,-0.2274916029143835,1.8772176000056788
0.5,0.5,100,0.85,0.1,-0.16559838953265488,-0.0773683002096198,-0.21759656518593756,-0.21742368859495867,0.7180647850036621,0.793993353843689,0.673316478729248,0.6734652519226074,4552,5196,2660,2756,832188.0,374858.1875,837198.5,833543.125,73.22241973876953,80.97713470458984,73.90554809570312,73.97461700439453,True,True,False,False,-0.16559838953265488,-0.16559838953265488,1.9431518999990658
0.5,0.5,100,0.85,0.3,-0.16559838953265488,-0.06268833488190402,-0.21759656518593756,-0.21742368859495867,0.7180647850036621,0.806626558303833,0.673316478729248,0.6734652519226074,4552,5196,2660,2756,832188.0,365878.21875,837198.5,833543.125,73.22241973876953,81.29349517822266,73.90554809570312,73.97461700439453,True,True,False,False,-0.16559838953265488,-0.16559838953265488,1.8998853000011877
0.5,0.5,100,0.85,0.5,-0.16559838953265488,-0.018296452185874196,-0.21649904817445853,-0.2180137269277108,0.7180647850036621,0.8448290824890137,0.6742609739303589,0.6729574799537659,4552,5166,2749,2802,832188.0,356839.0625,838471.0,838644.375,73.22241973876953,83.92337799072266,73.975830078125,74.00032043457031,True,True,False,False,-0.16559838953265488,-0.16559838953265488,1.8921849000034854
0.5,0.5,200,0.55,0.1,-0.5169295081155378,0.03354761673065848,-0.4720920664812999,-0.4686708969254494,0.4157181680202484,0.8894447684288025,0.45430412888526917,0.4572483003139496,0,6145,1090,1084,1396424.5,149654.640625,1278540.375,1275532.625,53.73492431640625,87.24061584472656,61.10114669799805,61.52635955810547,False,False,False,False,-0.5169295081155378,-0.5169295081155378,1.8650093999967794
0.5,0.5,200,0.55,0.3,-0.5169295081155378,0.05187717589188841,-0.4793170058688694,-0.48655552050156375,0.4157181680202484,0.9052187204360962,0.44808652997016907,0.441857248544693,0,6134,803,716,1396424.5,160548.65625,1309400.5,1305566.875,53.73492431640625,88.79669189453125,60.29437255859375,60.23072814941406,False,False,False,False,-0.5169295081155378,-0.5169295081155378,1.8427532999994582
0.5,0.5,200,0.55,0.5,-0.5169295081155378,0.07256266343538893,-0.4832170144919205,-0.48474741559539397,0.4157181680202484,0.9230201244354248,0.444730281829834,0.44341325759887695,0,6122,0,0,1396424.5,148426.953125,1376092.25,1368256.5,53.73492431640625,90.43323516845703,58.79701232910156,59.20038604736328,False,False,False,False,-0.5169295081155378,-0.5169295081155378,1.8188572999933967
0.5,0.5,200,0.65,0.1,-0.38479995040879844,0.00908654876750973,-0.4547219862522939,-0.45324630169804847,0.5294255018234253,0.8683941960334778,0.4692523777484894,0.47052231431007385,0,5978,0,0,1245136.0,192089.6875,1266843.25,1261086.625,56.81757736206055,85.55122375488281,57.97698211669922,58.11846160888672,True,True,False,False,-0.38479995040879844,-0.38479995040879844,1.8265132000015
0.5,0.5,200,0.65,0.3,-0.38479995040879844,0.02185226600969868,-0.4589394893837774,-0.45526634665565874,0.5294255018234253,0.8793800473213196,0.4656229019165039,0.4687839150428772,0,5892,0,0,1245136.0,235598.796875,1278022.875,1265732.75,56.81757736206055,86.73090362548828,57.837547302246094,58.030948638916016,True,True,False,False,-0.38479995040879844,-0.38479995040879844,1.9073159999970812
0.5,0.5,200,0.65,0.5,-0.38479995040879844,0.04806183939723141,-0.45123158987245154,-0.44630945533138316,0.5294255018234253,0.901935338973999,0.4722561240196228,0.4764919877052307,0,5859,0,0,1245136.0,222160.84375,1275577.875,1264518.75,56.81757736206055,88.70089721679688,57.79277420043945,58.21644592285156,True,True,False,False,-0.38479995040879844,-0.38479995040879844,1.8804215000054683
0.5,0.5,200,0.75,0.1,-0.3273019304206352,-0.06522281929444049,-0.3914634564444147,-0.38957379617531324,0.5789068341255188,0.8044454455375671,0.5236910581588745,0.5253172516822815,707,5484,389,329,1159028.875,308017.65625,1179309.25,1171569.375,62.2863655090332,80.46807861328125,58.93260955810547,58.9202766418457,True,True,False,False,-0.3273019304206352,-0.3273019304206352,1.9058721999972477
0.5,0.5,200,0.75,0.3,-0.3273019304206352,-0.03006979130484771,-0.39021044746709127,-0.3874914505391831,0.5789068341255188,0.8346972465515137,0.5247693657875061,0.5271092653274536,707,5464,441,384,1159028.875,320583.65625,1178533.25,1168551.5,62.2863655090332,82.92111206054688,58.94113540649414,58.92396545410156,True,True,False,False,-0.3273019304206352,-0.3273019304206352,1.9311003999973764
0.5,0.5,200,0.75,0.5,-0.3273019304206352,0.005556846512114348,-0.3833063271377808,-0.38245676613419616,0.5789068341255188,0.8653566241264343,0.5307108759880066,0.5314419865608215,707,5405,713,692,1159028.875,310057.6875,1180735.5,1176274.25,62.2863655090332,85.54524993896484,59.232601165771484,59.29475402832031,True,True,False,False,-0.3273019304206352,-0.3273019304206352,1.9844204999972135
0.5,0.5,200,0.85,0.1,-0.23567872243091084,-0.11280197561373441,-0.3671477682747214,-0.36832888386204643,0.657755434513092,0.7635000348091125,0.5446165204048157,0.5436000823974609,3131,5167,768,826,970516.1875,381210.21875,1150489.75,1141098.875,70.04227447509766,77.35950469970703,59.5999870300293,59.475318908691406,True,True,False,False,-0.23567872243091084,-0.23567872243091084,1.9746312999996007
0.5,0.5,200,0.85,0.3,-0.23567872243091084,-0.06763484945503356,-0.36781856546367603,-0.3667746568181495,0.657755434513092,0.8023697137832642,0.544039249420166,0.5449376106262207,3131,5161,892,907,970516.1875,386696.8125,1149585.125,1139096.375,70.04227447509766,80.15882873535156,59.56547927856445,59.49321746826172,True,True,False,False,-0.23567872243091084,-0.23567872243091084,1.9807058000005782
0.5,0.5,200,0.85,0.5,-0.23567872243091084,-0.01788510840629739,-0.3563382022981643,-0.3523222846306408,0.657755434513092,0.8451830744743347,0.5539189577102661,0.5573749542236328,3131,5152,1164,1023,970516.1875,363296.9375,1144221.75,1138336.125,70.04227447509766,83.69042205810547,59.608158111572266,59.67571258544922,True,True,False,False,-0.23567872243091084,-0.23567872243091084,1.977153099993302
0.5,0.5,300,0.55,0.1,-0.5165626994513454,0.033290379687831696,-0.6016103288222193,-0.5980959333483169,0.4160338342189789,0.8892233967781067,0.34284400939941406,0.34586840867996216,0,6143,0,0,1418277.625,150064.53125,1457424.25,1447243.875,48.100337982177734,87.17716217041016,47.65766525268555,47.80069351196289,True,True,False,False,-0.5165626994513454,-0.5165626994513454,1.7407051999980467
0.5,0.5,300,0.55,0.3,-0.5165626994513454,0.050766360681103295,-0.6015334139767538,-0.6055852090778219,0.4160338342189789,0.9042627811431885,0.34291020035743713,0.3394233286380768,0,6123,0,0,1418277.625,165050.734375,1466696.375,1446969.125,48.100337982177734,88.69380187988281,47.07582092285156,46.870201110839844,True,True,False,False,-0.5165626994513454,-0.5165626994513454,1.7281513000052655
0.5,0.5,300,0.55,0.5,-0.5165626994513454,0.07256266343538893,-0.5463650722795226,-0.5396836967885887,0.4160338342189789,0.9230201244354248,0.3903866708278656,0.39613649249076843,0,6122,0,0,1418277.625,148426.953125,1444974.5,1432607.625,48.100337982177734,90.43323516845703,49.24809646606445,49.780235290527344,True,True,False,False,-0.5165626994513454,-0.5165626994513454,1.730919499997981
0.5,0.5,300,0.65,0.1,-0.39045958091971594,0.00820831352167139,-0.5536130064700588,-0.5501728246448878,0.524554967880249,0.8676384091377258,0.3841492831707001,0.38710981607437134,0,5973,0,0,1283278.5,193330.4375,1383259.0,1370485.25,54.409156799316406,85.41776275634766,48.21361541748047,48.24087142944336,True,True,False,False,-0.39045958091971594,-0.39045958091971594,1.848964500000875
0.5,0.5,300,0.65,0.3,-0.39045958091971594,0.018428187472749945,-0.5520295510922705,-0.5458732120588349,0.524554967880249,0.8764333724975586,0.38551196455955505,0.39080995321273804,0,5862,0,0,1283278.5,247814.5625,1388967.875,1373613.75,54.409156799316406,86.4137191772461,48.61899948120117,48.67472457885742,True,True,False,False,-0.39045958091971594,-0.39045958091971594,2.3019751999963773
0.5,0.5,300,0.65,0.5,-0.39045958091971594,0.04806183939723141,-0.5232327506944326,-0.5150675870590513,0.524554967880249,0.901935338973999,0.4102937579154968,0.41732048988342285,0,5859,0,0,1283278.5,222160.84375,1394966.625,1380703.75,54.409156799316406,88.70089721679688,49.746761322021484,50.116424560546875,True,True,False,False,-0.39045958091971594,-0.39045958091971594,2.2894484999997076
0.5,0.5,300,0.75,0.1,-0.30568487631116265,-0.07172550023219902,-0.5183733670313397,-0.5131878311779746,0.5975099205970764,0.7988494038581848,0.41447561979293823,0.41893815994262695,823,5441,317,278,1144510.625,318403.71875,1340356.25,1325680.0,60.449920654296875,79.67549896240234,49.63249588012695,49.67683792114258,True,True,False,False,-0.30568487631116265,-0.30568487631116265,2.317166000000725
0.5,0.5,300,0.75,0.3,-0.30568487631116265,-0.036332689086368684,-0.5182237622891465,-0.5222816523982298,0.5975099205970764,0.8293075561523438,0.4146043658256531,0.4111122488975525,823,5420,124,86,1144510.625,334678.96875,1341996.625,1349177.625,60.449920654296875,82.42521667480469,49.69219207763672,49.6043815612793,True,True,False,False,-0.30568487631116265,-0.30568487631116265,2.253686399999424
0.5,0.5,300,0.75,0.5,-0.30568487631116265,0.002464668866179597,-0.5012821680497602,-0.4960615166388524,0.5975099205970764,0.862695574760437,0.42918387055397034,0.4336766302585602,823,5374,244,221,1144510.625,318644.40625,1364548.375,1355560.75,60.449920654296875,85.29228210449219,50.04706954956055,50.13886642456055,True,True,False,False,-0.30568487631116265,-0.30568487631116265,2.0483935000011115
0.5,0.5,300,0.85,0.1,-0.29800281132244705,-0.11490426854882362,-0.512908465100365,-0.511094369078362,0.6041209101676941,0.7616908550262451,0.4191785752773285,0.4207397401332855,1983,5158,385,106,1056094.875,380041.5625,1330542.5,1327924.5,68.65328979492188,76.60016632080078,50.1865119934082,50.06585693359375,True,True,False,False,-0.29800281132244705,-0.29800281132244705,2.0355218999975477
0.5,0.5,300,0.85,0.3,-0.29800281132244705,-0.0703327216392524,-0.510880836013463,-0.5076898569023715,0.6041209101676941,0.8000479936599731,0.42092350125312805,0.42366957664489746,1983,5152,436,359,1056094.875,395547.34375,1328567.875,1319159.375,68.65328979492188,79.9074935913086,50.195106506347656,50.13813018798828,True,True,False,False,-0.29800281132244705,-0.29800281132244705,2.0423110999981873
0.5,0.5,300,0.85,0.5,-0.29800281132244705,-0.017831500040344797,-0.4923402025689766,-0.4920469149389685,0.6041209101676941,0.8452292084693909,0.43687909841537476,0.43713149428367615,1983,5152,323,296,1056094.875,362411.4375,1353027.375,1345591.375,68.65328979492188,83.63550567626953,50.39875411987305,50.2122802734375,True,True,False,False,-0.29800281132244705,-0.29800281132244705,2.0289202999992995
